task_id,primary,decision,all_flags,decision_note
DIFF_G5_S12_01_A_03,06_correct_lookalike_graded_wrong,исправляется кодом диагностики (оценка по выбранному варианту),06_correct_lookalike_graded_wrong,
DIFF_G5_S26_01_B_01,06_correct_lookalike_graded_wrong,исправляется кодом диагностики (оценка по выбранному варианту),06_correct_lookalike_graded_wrong,
DIFF_G5_S26_01_B_02,06_correct_lookalike_graded_wrong,исправляется кодом диагностики (оценка по выбранному варианту),06_correct_lookalike_graded_wrong,
DIFF_G5_S26_01_C_02,08_pipeline_review_flag,проверить вручную,08_pipeline_review_flag,
DIFF_G5_S26_01_C_03,08_pipeline_review_flag,проверить вручную,08_pipeline_review_flag,
DIFF_G5_S26_03_B_02,08_pipeline_review_flag,проверить вручную,08_pipeline_review_flag,
DIFF_G5_S26_03_B_03,08_pipeline_review_flag,проверить вручную,08_pipeline_review_flag,
DIFF_G5_S26_03_C_03,06_correct_lookalike_graded_wrong,исправляется кодом диагностики (оценка по выбранному варианту),06_correct_lookalike_graded_wrong,
DIFF_G5_S27_01_A_01,06_correct_lookalike_graded_wrong,исправляется кодом диагностики (оценка по выбранному варианту),06_correct_lookalike_graded_wrong,
DIFF_G5_S27_01_A_02,06_correct_lookalike_graded_wrong,исправляется кодом диагностики (оценка по выбранному варианту),06_correct_lookalike_graded_wrong,
DIFF_G5_S27_01_A_03,01_confirmed_wrong_key,исправить ключ или отключить (см. decision_note),01_confirmed_wrong_key,fix_key: 1/6
DIFF_G5_S27_01_C_03,06_correct_lookalike_graded_wrong,исправляется кодом диагностики (оценка по выбранному варианту),06_correct_lookalike_graded_wrong,
DIFF_G5_S28_01_C_01,06_correct_lookalike_graded_wrong,исправляется кодом диагностики (оценка по выбранному варианту),06_correct_lookalike_graded_wrong,
DIFF_G5_S31_03_C_03,06_correct_lookalike_graded_wrong,исправляется кодом диагностики (оценка по выбранному варианту),06_correct_lookalike_graded_wrong,
DIFF_G5_S32_04_C_01,06_correct_lookalike_graded_wrong,исправляется кодом диагностики (оценка по выбранному варианту),06_correct_lookalike_graded_wrong,
DIFF_G5_S32_04_C_02,06_correct_lookalike_graded_wrong,исправляется кодом диагностики (оценка по выбранному варианту),06_correct_lookalike_graded_wrong,
DIFF_G5_S44_01_C_03,06_correct_lookalike_graded_wrong,исправляется кодом диагностики (оценка по выбранному варианту),06_correct_lookalike_graded_wrong,
DIFF_G6_S05_03_A_01,06_correct_lookalike_graded_wrong,исправляется кодом диагностики (оценка по выбранному варианту),06_correct_lookalike_graded_wrong,
DIFF_G6_S08_01_C_01,06_correct_lookalike_graded_wrong,исправляется кодом диагностики (оценка по выбранному варианту),06_correct_lookalike_graded_wrong,
DIFF_G6_S08_01_C_03,06_correct_lookalike_graded_wrong,исправляется кодом диагностики (оценка по выбранному варианту),06_correct_lookalike_graded_wrong,
DIFF_G6_S08_02_A_01,06_correct_lookalike_graded_wrong,исправляется кодом диагностики (оценка по выбранному варианту),06_correct_lookalike_graded_wrong,
DIFF_G6_S08_02_A_02,06_correct_lookalike_graded_wrong,исправляется кодом диагностики (оценка по выбранному варианту),06_correct_lookalike_graded_wrong,
DIFF_G6_S09_01_C_03,06_correct_lookalike_graded_wrong,исправляется кодом диагностики (оценка по выбранному варианту),06_correct_lookalike_graded_wrong,
DIFF_G6_S09_02_A_01,06_correct_lookalike_graded_wrong,исправляется кодом диагностики (оценка по выбранному варианту),06_correct_lookalike_graded_wrong,
DIFF_G6_S09_02_A_03,06_correct_lookalike_graded_wrong,исправляется кодом диагностики (оценка по выбранному варианту),06_correct_lookalike_graded_wrong,
DIFF_G6_S10_04_A_01,06_correct_lookalike_graded_wrong,исправляется кодом диагностики (оценка по выбранному варианту),06_correct_lookalike_graded_wrong,
DIFF_G6_S10_04_A_02,06_correct_lookalike_graded_wrong,исправляется кодом диагностики (оценка по выбранному варианту),06_correct_lookalike_graded_wrong,
DIFF_G6_S10_04_A_03,06_correct_lookalike_graded_wrong,исправляется кодом диагностики (оценка по выбранному варианту),06_correct_lookalike_graded_wrong,
DIFF_G6_S11_03_C_01,06_correct_lookalike_graded_wrong,исправляется кодом диагностики (оценка по выбранному варианту),06_correct_lookalike_graded_wrong,
DIFF_G6_S11_05_A_01,06_correct_lookalike_graded_wrong,исправляется кодом диагностики (оценка по выбранному варианту),06_correct_lookalike_graded_wrong,
DIFF_G6_S11_05_A_02,06_correct_lookalike_graded_wrong,исправляется кодом диагностики (оценка по выбранному варианту),06_correct_lookalike_graded_wrong,
DIFF_G6_S11_05_A_03,06_correct_lookalike_graded_wrong,исправляется кодом диагностики (оценка по выбранному варианту),06_correct_lookalike_graded_wrong,
DIFF_G6_S11_05_C_01,06_correct_lookalike_graded_wrong,исправляется кодом диагностики (оценка по выбранному варианту),06_correct_lookalike_graded_wrong,
DIFF_G6_S11_05_C_02,06_correct_lookalike_graded_wrong,исправляется кодом диагностики (оценка по выбранному варианту),06_correct_lookalike_graded_wrong,
DIFF_G6_S11_06_C_03,06_correct_lookalike_graded_wrong,исправляется кодом диагностики (оценка по выбранному варианту),06_correct_lookalike_graded_wrong,
DIFF_G6_S12_02_B_01,06_correct_lookalike_graded_wrong,исправляется кодом диагностики (оценка по выбранному варианту),06_correct_lookalike_graded_wrong,
DIFF_G6_S12_03_A_01,06_correct_lookalike_graded_wrong,исправляется кодом диагностики (оценка по выбранному варианту),06_correct_lookalike_graded_wrong,
DIFF_G6_S12_04_C_01,06_correct_lookalike_graded_wrong,исправляется кодом диагностики (оценка по выбранному варианту),06_correct_lookalike_graded_wrong,
DIFF_G6_S12_04_C_03,06_correct_lookalike_graded_wrong,исправляется кодом диагностики (оценка по выбранному варианту),06_correct_lookalike_graded_wrong,
DIFF_G6_S12_05_A_01,06_correct_lookalike_graded_wrong,исправляется кодом диагностики (оценка по выбранному варианту),06_correct_lookalike_graded_wrong,
DIFF_G6_S12_05_A_02,06_correct_lookalike_graded_wrong,исправляется кодом диагностики (оценка по выбранному варианту),06_correct_lookalike_graded_wrong,
DIFF_G6_S12_05_A_03,06_correct_lookalike_graded_wrong,исправляется кодом диагностики (оценка по выбранному варианту),06_correct_lookalike_graded_wrong,
DIFF_G6_S13_01_B_03,06_correct_lookalike_graded_wrong,исправляется кодом диагностики (оценка по выбранному варианту),06_correct_lookalike_graded_wrong,
DIFF_G6_S13_03_A_01,06_correct_lookalike_graded_wrong,исправляется кодом диагностики (оценка по выбранному варианту),06_correct_lookalike_graded_wrong,
DIFF_G6_S14_02_A_01,04_duplicate_correct_option,убрать дубль варианта,04_duplicate_correct_option,
DIFF_G6_S14_02_A_02,06_correct_lookalike_graded_wrong,исправляется кодом диагностики (оценка по выбранному варианту),06_correct_lookalike_graded_wrong,
DIFF_G6_S14_02_A_03,06_correct_lookalike_graded_wrong,исправляется кодом диагностики (оценка по выбранному варианту),06_correct_lookalike_graded_wrong,
DIFF_G6_S16_01_A_03,06_correct_lookalike_graded_wrong,исправляется кодом диагностики (оценка по выбранному варианту),06_correct_lookalike_graded_wrong,
DIFF_G6_S17_03_B_01,06_correct_lookalike_graded_wrong,исправляется кодом диагностики (оценка по выбранному варианту),06_correct_lookalike_graded_wrong,
DIFF_G6_S17_03_B_03,06_correct_lookalike_graded_wrong,исправляется кодом диагностики (оценка по выбранному варианту),06_correct_lookalike_graded_wrong,
DIFF_G6_S19_01_A_01,06_correct_lookalike_graded_wrong,исправляется кодом диагностики (оценка по выбранному варианту),06_correct_lookalike_graded_wrong,
DIFF_G6_S19_01_A_02,06_correct_lookalike_graded_wrong,исправляется кодом диагностики (оценка по выбранному варианту),06_correct_lookalike_graded_wrong,
DIFF_G6_S19_02_A_03,06_correct_lookalike_graded_wrong,исправляется кодом диагностики (оценка по выбранному варианту),06_correct_lookalike_graded_wrong,
DIFF_G6_S20_01_A_01,06_correct_lookalike_graded_wrong,исправляется кодом диагностики (оценка по выбранному варианту),06_correct_lookalike_graded_wrong,
DIFF_G6_S20_01_A_03,06_correct_lookalike_graded_wrong,исправляется кодом диагностики (оценка по выбранному варианту),06_correct_lookalike_graded_wrong,
DIFF_G6_S26_04_B_03,10_latex_meaning_differs,проверить до переключения показа на question_latex,10_latex_meaning_differs,
DIFF_G6_S32_03_C_02,08_pipeline_review_flag,проверить вручную,08_pipeline_review_flag,
DIFF_G6_S37_01_A_02,06_correct_lookalike_graded_wrong,исправляется кодом диагностики (оценка по выбранному варианту),06_correct_lookalike_graded_wrong,
DIFF_G6_S37_01_A_03,06_correct_lookalike_graded_wrong,исправляется кодом диагностики (оценка по выбранному варианту),06_correct_lookalike_graded_wrong,
DIFF_G6_S37_02_A_01,06_correct_lookalike_graded_wrong,исправляется кодом диагностики (оценка по выбранному варианту),06_correct_lookalike_graded_wrong,
DIFF_G6_S37_02_A_02,06_correct_lookalike_graded_wrong,исправляется кодом диагностики (оценка по выбранному варианту),06_correct_lookalike_graded_wrong,
DIFF_G6_S37_02_A_03,06_correct_lookalike_graded_wrong,исправляется кодом диагностики (оценка по выбранному варианту),06_correct_lookalike_graded_wrong,
DIFF_G6_S37_02_C_02,06_correct_lookalike_graded_wrong,исправляется кодом диагностики (оценка по выбранному варианту),06_correct_lookalike_graded_wrong,
DIFF_G6_S37_04_A_01,06_correct_lookalike_graded_wrong,исправляется кодом диагностики (оценка по выбранному варианту),06_correct_lookalike_graded_wrong,
DIFF_G6_S37_04_A_02,06_correct_lookalike_graded_wrong,исправляется кодом диагностики (оценка по выбранному варианту),06_correct_lookalike_graded_wrong,
DIFF_G6_S37_04_A_03,06_correct_lookalike_graded_wrong,исправляется кодом диагностики (оценка по выбранному варианту),06_correct_lookalike_graded_wrong,
DIFF_G6_S37_04_B_01,06_correct_lookalike_graded_wrong,исправляется кодом диагностики (оценка по выбранному варианту),06_correct_lookalike_graded_wrong,
DIFF_G6_S37_04_B_02,06_correct_lookalike_graded_wrong,исправляется кодом диагностики (оценка по выбранному варианту),06_correct_lookalike_graded_wrong,
DIFF_G6_S37_04_B_03,06_correct_lookalike_graded_wrong,исправляется кодом диагностики (оценка по выбранному варианту),06_correct_lookalike_graded_wrong,
DIFF_G6_S37_04_C_02,06_correct_lookalike_graded_wrong,исправляется кодом диагностики (оценка по выбранному варианту),06_correct_lookalike_graded_wrong,
DIFF_G7_S03_03_C_03,06_correct_lookalike_graded_wrong,исправляется кодом диагностики (оценка по выбранному варианту),06_correct_lookalike_graded_wrong,
DIFF_G7_S08_01_C_01,10_latex_meaning_differs,проверить до переключения показа на question_latex,10_latex_meaning_differs,
DIFF_G7_S23_03_A_03,06_correct_lookalike_graded_wrong,исправляется кодом диагностики (оценка по выбранному варианту),06_correct_lookalike_graded_wrong,
DIFF_G7_S24_02_A_01,06_correct_lookalike_graded_wrong,исправляется кодом диагностики (оценка по выбранному варианту),06_correct_lookalike_graded_wrong,
DIFF_G7_S24_02_C_02,06_correct_lookalike_graded_wrong,исправляется кодом диагностики (оценка по выбранному варианту),06_correct_lookalike_graded_wrong,
DIFF_G7_S24_02_C_03,06_correct_lookalike_graded_wrong,исправляется кодом диагностики (оценка по выбранному варианту),06_correct_lookalike_graded_wrong,
DIFF_G7_S24_03_A_01,06_correct_lookalike_graded_wrong,исправляется кодом диагностики (оценка по выбранному варианту),06_correct_lookalike_graded_wrong,
DIFF_G7_S24_03_A_02,06_correct_lookalike_graded_wrong,исправляется кодом диагностики (оценка по выбранному варианту),06_correct_lookalike_graded_wrong,
DIFF_G7_S24_03_A_03,06_correct_lookalike_graded_wrong,исправляется кодом диагностики (оценка по выбранному варианту),06_correct_lookalike_graded_wrong,
DIFF_G7_S33_01_C_01,10_latex_meaning_differs,проверить до переключения показа на question_latex,10_latex_meaning_differs,
G10_TB_1_1,09_key_not_verified,автоматическая перепроверка ключа + ручная проверка расхождений,09_key_not_verified,
G10_TB_1_1_1_1,09_key_not_verified,автоматическая перепроверка ключа + ручная проверка расхождений,09_key_not_verified,
G10_TB_1_1_1_2,09_key_not_verified,автоматическая перепроверка ключа + ручная проверка расхождений,09_key_not_verified,
G10_TB_1_1_1_3,09_key_not_verified,автоматическая перепроверка ключа + ручная проверка расхождений,09_key_not_verified,
G10_TB_1_1_1_4,06_correct_lookalike_graded_wrong,исправляется кодом диагностики (оценка по выбранному варианту),06_correct_lookalike_graded_wrong;09_key_not_verified,
G10_TB_1_1_2_2,09_key_not_verified,автоматическая перепроверка ключа + ручная проверка расхождений,09_key_not_verified,
G10_TB_1_1_2_4,09_key_not_verified,автоматическая перепроверка ключа + ручная проверка расхождений,09_key_not_verified,
G10_TB_1_1_5_1,09_key_not_verified,автоматическая перепроверка ключа + ручная проверка расхождений,09_key_not_verified;11_open_input_no_options,
G10_TB_1_1_5_10,09_key_not_verified,автоматическая перепроверка ключа + ручная проверка расхождений,09_key_not_verified;11_open_input_no_options,
G10_TB_1_1_5_11,09_key_not_verified,автоматическая перепроверка ключа + ручная проверка расхождений,09_key_not_verified;11_open_input_no_options,
G10_TB_1_1_5_12,09_key_not_verified,автоматическая перепроверка ключа + ручная проверка расхождений,09_key_not_verified;11_open_input_no_options,
G10_TB_1_1_5_2,09_key_not_verified,автоматическая перепроверка ключа + ручная проверка расхождений,09_key_not_verified;11_open_input_no_options,
G10_TB_1_1_5_3,09_key_not_verified,автоматическая перепроверка ключа + ручная проверка расхождений,09_key_not_verified;11_open_input_no_options,
G10_TB_1_1_5_4,09_key_not_verified,автоматическая перепроверка ключа + ручная проверка расхождений,09_key_not_verified;11_open_input_no_options,
G10_TB_1_1_5_5,09_key_not_verified,автоматическая перепроверка ключа + ручная проверка расхождений,09_key_not_verified;11_open_input_no_options,
G10_TB_1_1_5_6,09_key_not_verified,автоматическая перепроверка ключа + ручная проверка расхождений,09_key_not_verified;11_open_input_no_options,
G10_TB_1_1_5_7,09_key_not_verified,автоматическая перепроверка ключа + ручная проверка расхождений,09_key_not_verified;11_open_input_no_options,
G10_TB_1_1_5_8,09_key_not_verified,автоматическая перепроверка ключа + ручная проверка расхождений,09_key_not_verified;11_open_input_no_options,
G10_TB_1_1_5_9,09_key_not_verified,автоматическая перепроверка ключа + ручная проверка расхождений,09_key_not_verified;11_open_input_no_options,
G10_TB_1_1_6_1,09_key_not_verified,автоматическая перепроверка ключа + ручная проверка расхождений,09_key_not_verified;11_open_input_no_options,
G10_TB_1_1_6_2,09_key_not_verified,автоматическая перепроверка ключа + ручная проверка расхождений,09_key_not_verified;11_open_input_no_options,
G10_TB_1_1_6_3,09_key_not_verified,автоматическая перепроверка ключа + ручная проверка расхождений,09_key_not_verified;11_open_input_no_options,
G10_TB_1_1_6_4,09_key_not_verified,автоматическая перепроверка ключа + ручная проверка расхождений,09_key_not_verified;11_open_input_no_options,
G10_TB_1_2_2_3,09_key_not_verified,автоматическая перепроверка ключа + ручная проверка расхождений,09_key_not_verified,
G10_TB_1_2_2_4,09_key_not_verified,автоматическая перепроверка ключа + ручная проверка расхождений,09_key_not_verified,
G10_TB_1_2_2_7,09_key_not_verified,автоматическая перепроверка ключа + ручная проверка расхождений,09_key_not_verified,
G10_TB_1_3_1_1,09_key_not_verified,автоматическая перепроверка ключа + ручная проверка расхождений,09_key_not_verified,
G10_TB_1_3_1_2,09_key_not_verified,автоматическая перепроверка ключа + ручная проверка расхождений,09_key_not_verified,
G10_TB_1_3_1_3,09_key_not_verified,автоматическая перепроверка ключа + ручная проверка расхождений,09_key_not_verified,
G10_TB_1_3_1_4,09_key_not_verified,автоматическая перепроверка ключа + ручная проверка расхождений,09_key_not_verified,
G10_TB_1_3_2_1,09_key_not_verified,автоматическая перепроверка ключа + ручная проверка расхождений,09_key_not_verified,
G10_TB_1_3_2_2,09_key_not_verified,автоматическая перепроверка ключа + ручная проверка расхождений,09_key_not_verified,
G10_TB_1_3_2_3,09_key_not_verified,автоматическая перепроверка ключа + ручная проверка расхождений,09_key_not_verified,
G10_TB_1_3_2_4,09_key_not_verified,автоматическая перепроверка ключа + ручная проверка расхождений,09_key_not_verified,
G10_TB_1_3_3_1,09_key_not_verified,автоматическая перепроверка ключа + ручная проверка расхождений,09_key_not_verified,
G10_TB_1_3_3_10,09_key_not_verified,автоматическая перепроверка ключа + ручная проверка расхождений,09_key_not_verified,
G10_TB_1_3_3_2,09_key_not_verified,автоматическая перепроверка ключа + ручная проверка расхождений,09_key_not_verified,
G10_TB_1_3_3_3,09_key_not_verified,автоматическая перепроверка ключа + ручная проверка расхождений,09_key_not_verified,
G10_TB_1_3_3_4,09_key_not_verified,автоматическая перепроверка ключа + ручная проверка расхождений,09_key_not_verified,
G10_TB_1_3_3_5,09_key_not_verified,автоматическая перепроверка ключа + ручная проверка расхождений,09_key_not_verified,
G10_TB_1_3_3_6,09_key_not_verified,автоматическая перепроверка ключа + ручная проверка расхождений,09_key_not_verified,
G10_TB_1_3_3_7,09_key_not_verified,автоматическая перепроверка ключа + ручная проверка расхождений,09_key_not_verified,
G10_TB_1_3_3_8,09_key_not_verified,автоматическая перепроверка ключа + ручная проверка расхождений,09_key_not_verified,
G10_TB_1_3_3_9,09_key_not_verified,автоматическая перепроверка ключа + ручная проверка расхождений,09_key_not_verified,
G10_TB_1_3_4_1,09_key_not_verified,автоматическая перепроверка ключа + ручная проверка расхождений,09_key_not_verified,
G10_TB_1_3_4_3,09_key_not_verified,автоматическая перепроверка ключа + ручная проверка расхождений,09_key_not_verified,
G10_TB_1_3_4_4,09_key_not_verified,автоматическая перепроверка ключа + ручная проверка расхождений,09_key_not_verified,
G10_TB_1_4_14_6_a,09_key_not_verified,автоматическая перепроверка ключа + ручная проверка расхождений,09_key_not_verified,
G10_TB_1_4_14_6_b,09_key_not_verified,автоматическая перепроверка ключа + ручная проверка расхождений,09_key_not_verified,
G10_TB_1_4_14_6_c,09_key_not_verified,автоматическая перепроверка ключа + ручная проверка расхождений,09_key_not_verified,
G10_TB_1_4_14_6_d,09_key_not_verified,автоматическая перепроверка ключа + ручная проверка расхождений,09_key_not_verified,
G10_TB_1_4_14_6_e,09_key_not_verified,автоматическая перепроверка ключа + ручная проверка расхождений,09_key_not_verified,
G10_TB_1_4_14_6_f,09_key_not_verified,автоматическая перепроверка ключа + ручная проверка расхождений,09_key_not_verified,
G10_TB_1_4_14_6_g,09_key_not_verified,автоматическая перепроверка ключа + ручная проверка расхождений,09_key_not_verified,
G10_TB_1_4_14_6_h,09_key_not_verified,автоматическая перепроверка ключа + ручная проверка расхождений,09_key_not_verified,
G10_TB_1_4_14_6_i,09_key_not_verified,автоматическая перепроверка ключа + ручная проверка расхождений,09_key_not_verified,
G10_TB_1_4_14_6_j,09_key_not_verified,автоматическая перепроверка ключа + ручная проверка расхождений,09_key_not_verified,
G10_TB_1_4_14_6_n,09_key_not_verified,автоматическая перепроверка ключа + ручная проверка расхождений,09_key_not_verified,
G10_TB_1_4_14_6_o,09_key_not_verified,автоматическая перепроверка ключа + ручная проверка расхождений,09_key_not_verified,
G10_TB_1_4_1_3,09_key_not_verified,автоматическая перепроверка ключа + ручная проверка расхождений,09_key_not_verified,
G10_TB_1_4_1_4_3,09_key_not_verified,автоматическая перепроверка ключа + ручная проверка расхождений,09_key_not_verified,
G10_TB_1_4_1_6,09_key_not_verified,автоматическая перепроверка ключа + ручная проверка расхождений,09_key_not_verified,
G10_TB_1_4_2_1,09_key_not_verified,автоматическая перепроверка ключа + ручная проверка расхождений,09_key_not_verified,
G10_TB_1_4_2_10,09_key_not_verified,автоматическая перепроверка ключа + ручная проверка расхождений,09_key_not_verified,
G10_TB_1_4_2_12,09_key_not_verified,автоматическая перепроверка ключа + ручная проверка расхождений,09_key_not_verified,
G10_TB_1_4_2_2,09_key_not_verified,автоматическая перепроверка ключа + ручная проверка расхождений,09_key_not_verified,
G10_TB_1_4_2_3,09_key_not_verified,автоматическая перепроверка ключа + ручная проверка расхождений,09_key_not_verified,
G10_TB_1_4_2_4,09_key_not_verified,автоматическая перепроверка ключа + ручная проверка расхождений,09_key_not_verified,
G10_TB_1_4_2_5,09_key_not_verified,автоматическая перепроверка ключа + ручная проверка расхождений,09_key_not_verified,
G10_TB_1_4_2_6,10_latex_meaning_differs,проверить до переключения показа на question_latex,10_latex_meaning_differs,
G10_TB_1_4_2_7,09_key_not_verified,автоматическая перепроверка ключа + ручная проверка расхождений,09_key_not_verified;10_latex_meaning_differs,
G10_TB_1_4_2_8,09_key_not_verified,автоматическая перепроверка ключа + ручная проверка расхождений,09_key_not_verified;10_latex_meaning_differs,
G10_TB_1_4_2_9,09_key_not_verified,автоматическая перепроверка ключа + ручная проверка расхождений,09_key_not_verified,
G10_TB_1_4_3_1,09_key_not_verified,автоматическая перепроверка ключа + ручная проверка расхождений,09_key_not_verified,
G10_TB_1_5,09_key_not_verified,автоматическая перепроверка ключа + ручная проверка расхождений,09_key_not_verified;11_open_input_no_options,
G10_TB_1_5_1_b,11_open_input_no_options,да/нет показывать двумя вариантами (код),11_open_input_no_options,
G10_TB_1_5_1_e,11_open_input_no_options,да/нет показывать двумя вариантами (код),11_open_input_no_options,
G10_TB_1_6_7_a,09_key_not_verified,автоматическая перепроверка ключа + ручная проверка расхождений,09_key_not_verified,
G10_TB_1_6_7_b,09_key_not_verified,автоматическая перепроверка ключа + ручная проверка расхождений,09_key_not_verified,
G10_TB_1_6_7_c,06_correct_lookalike_graded_wrong,исправляется кодом диагностики (оценка по выбранному варианту),06_correct_lookalike_graded_wrong;09_key_not_verified,
G10_TB_1_6_7_d,06_correct_lookalike_graded_wrong,исправляется кодом диагностики (оценка по выбранному варианту),06_correct_lookalike_graded_wrong;09_key_not_verified,
G10_TB_1_6_7_e,09_key_not_verified,автоматическая перепроверка ключа + ручная проверка расхождений,09_key_not_verified,
G10_TB_1_6_7_f,09_key_not_verified,автоматическая перепроверка ключа + ручная проверка расхождений,09_key_not_verified;10_latex_meaning_differs,
G10_TB_1_6_7_g,06_correct_lookalike_graded_wrong,исправляется кодом диагностики (оценка по выбранному варианту),06_correct_lookalike_graded_wrong;09_key_not_verified,
G10_TB_1_6_7_h,09_key_not_verified,автоматическая перепроверка ключа + ручная проверка расхождений,09_key_not_verified,
G10_TB_1_6_7_i,09_key_not_verified,автоматическая перепроверка ключа + ручная проверка расхождений,09_key_not_verified,
G10_TB_1_6_7_j,09_key_not_verified,автоматическая перепроверка ключа + ручная проверка расхождений,09_key_not_verified,
G10_TB_1_7_1_e,09_key_not_verified,автоматическая перепроверка ключа + ручная проверка расхождений,09_key_not_verified,
G10_TB_1_7_5,09_key_not_verified,автоматическая перепроверка ключа + ручная проверка расхождений,09_key_not_verified,
G10_TB_1_7_6_a,09_key_not_verified,автоматическая перепроверка ключа + ручная проверка расхождений,09_key_not_verified;10_latex_meaning_differs,
G10_TB_1_7_6_c,09_key_not_verified,автоматическая перепроверка ключа + ручная проверка расхождений,09_key_not_verified,
G10_TB_1_7_7_a,09_key_not_verified,автоматическая перепроверка ключа + ручная проверка расхождений,09_key_not_verified,
G10_TB_1_7_7_b,09_key_not_verified,автоматическая перепроверка ключа + ручная проверка расхождений,09_key_not_verified,
G10_TB_2_10_a,09_key_not_verified,автоматическая перепроверка ключа + ручная проверка расхождений,09_key_not_verified,
G10_TB_2_10_b,09_key_not_verified,автоматическая перепроверка ключа + ручная проверка расхождений,09_key_not_verified,
G10_TB_2_12_a,09_key_not_verified,автоматическая перепроверка ключа + ручная проверка расхождений,09_key_not_verified,
G10_TB_2_12_b,09_key_not_verified,автоматическая перепроверка ключа + ручная проверка расхождений,09_key_not_verified,
G10_TB_2_13,09_key_not_verified,автоматическая перепроверка ключа + ручная проверка расхождений,09_key_not_verified,
G10_TB_2_1_14,09_key_not_verified,автоматическая перепроверка ключа + ручная проверка расхождений,09_key_not_verified,
G10_TB_2_2_a,09_key_not_verified,автоматическая перепроверка ключа + ручная проверка расхождений,09_key_not_verified,
G10_TB_2_3_1,09_key_not_verified,автоматическая перепроверка ключа + ручная проверка расхождений,09_key_not_verified,
G10_TB_2_3_10,09_key_not_verified,автоматическая перепроверка ключа + ручная проверка расхождений,09_key_not_verified,
G10_TB_2_3_11,09_key_not_verified,автоматическая перепроверка ключа + ручная проверка расхождений,09_key_not_verified,
G10_TB_2_3_12,09_key_not_verified,автоматическая перепроверка ключа + ручная проверка расхождений,09_key_not_verified,
G10_TB_2_3_13,09_key_not_verified,автоматическая перепроверка ключа + ручная проверка расхождений,09_key_not_verified,
G10_TB_2_3_14,09_key_not_verified,автоматическая перепроверка ключа + ручная проверка расхождений,09_key_not_verified,
G10_TB_2_3_15,09_key_not_verified,автоматическая перепроверка ключа + ручная проверка расхождений,09_key_not_verified,
G10_TB_2_3_16,09_key_not_verified,автоматическая перепроверка ключа + ручная проверка расхождений,09_key_not_verified,
G10_TB_2_3_17,09_key_not_verified,автоматическая перепроверка ключа + ручная проверка расхождений,09_key_not_verified,
G10_TB_2_3_18,09_key_not_verified,автоматическая перепроверка ключа + ручная проверка расхождений,09_key_not_verified,
G10_TB_2_3_19,09_key_not_verified,автоматическая перепроверка ключа + ручная проверка расхождений,09_key_not_verified,
G10_TB_2_3_2,09_key_not_verified,автоматическая перепроверка ключа + ручная проверка расхождений,09_key_not_verified,
G10_TB_2_3_20,09_key_not_verified,автоматическая перепроверка ключа + ручная проверка расхождений,09_key_not_verified,
G10_TB_2_3_21,09_key_not_verified,автоматическая перепроверка ключа + ручная проверка расхождений,09_key_not_verified,
G10_TB_2_3_22,09_key_not_verified,автоматическая перепроверка ключа + ручная проверка расхождений,09_key_not_verified,
G10_TB_2_3_23,09_key_not_verified,автоматическая перепроверка ключа + ручная проверка расхождений,09_key_not_verified,
G10_TB_2_3_24,09_key_not_verified,автоматическая перепроверка ключа + ручная проверка расхождений,09_key_not_verified,
G10_TB_2_3_25,09_key_not_verified,автоматическая перепроверка ключа + ручная проверка расхождений,09_key_not_verified,
G10_TB_2_3_3,09_key_not_verified,автоматическая перепроверка ключа + ручная проверка расхождений,09_key_not_verified,
G10_TB_2_3_4,09_key_not_verified,автоматическая перепроверка ключа + ручная проверка расхождений,09_key_not_verified,
G10_TB_2_3_5,09_key_not_verified,автоматическая перепроверка ключа + ручная проверка расхождений,09_key_not_verified,
G10_TB_2_3_6,09_key_not_verified,автоматическая перепроверка ключа + ручная проверка расхождений,09_key_not_verified,
G10_TB_2_3_7,09_key_not_verified,автоматическая перепроверка ключа + ручная проверка расхождений,09_key_not_verified,
G10_TB_2_3_8,09_key_not_verified,автоматическая перепроверка ключа + ручная проверка расхождений,09_key_not_verified,
G10_TB_2_3_9,09_key_not_verified,автоматическая перепроверка ключа + ручная проверка расхождений,09_key_not_verified,
G10_TB_2_3_b,09_key_not_verified,автоматическая перепроверка ключа + ручная проверка расхождений,09_key_not_verified,
G10_TB_2_3_c,09_key_not_verified,автоматическая перепроверка ключа + ручная проверка расхождений,09_key_not_verified;11_open_input_no_options,
G10_TB_2_4_1_a,09_key_not_verified,автоматическая перепроверка ключа + ручная проверка расхождений,09_key_not_verified,
G10_TB_2_4_1_b,09_key_not_verified,автоматическая перепроверка ключа + ручная проверка расхождений,09_key_not_verified,
G10_TB_2_4_1_c,09_key_not_verified,автоматическая перепроверка ключа + ручная проверка расхождений,09_key_not_verified,
G10_TB_2_4_1_d,09_key_not_verified,автоматическая перепроверка ключа + ручная проверка расхождений,09_key_not_verified,
G10_TB_2_4_2_a,09_key_not_verified,автоматическая перепроверка ключа + ручная проверка расхождений,09_key_not_verified,
G10_TB_2_4_2_b,09_key_not_verified,автоматическая перепроверка ключа + ручная проверка расхождений,09_key_not_verified,
G10_TB_2_4_2_c,09_key_not_verified,автоматическая перепроверка ключа + ручная проверка расхождений,09_key_not_verified,
G10_TB_2_4_2_d,09_key_not_verified,автоматическая перепроверка ключа + ручная проверка расхождений,09_key_not_verified,
G10_TB_2_4_3_a,09_key_not_verified,автоматическая перепроверка ключа + ручная проверка расхождений,09_key_not_verified,
G10_TB_2_4_3_b,09_key_not_verified,автоматическая перепроверка ключа + ручная проверка расхождений,09_key_not_verified,
G10_TB_2_4_3_d,09_key_not_verified,автоматическая перепроверка ключа + ручная проверка расхождений,09_key_not_verified,
G10_TB_2_4_4_d,09_key_not_verified,автоматическая перепроверка ключа + ручная проверка расхождений,09_key_not_verified,
G10_TB_2_4_5_a,09_key_not_verified,автоматическая перепроверка ключа + ручная проверка расхождений,09_key_not_verified,
G10_TB_2_4_5_b,09_key_not_verified,автоматическая перепроверка ключа + ручная проверка расхождений,09_key_not_verified,
G10_TB_2_4_5_c,09_key_not_verified,автоматическая перепроверка ключа + ручная проверка расхождений,09_key_not_verified,
G10_TB_2_4_5_d,09_key_not_verified,автоматическая перепроверка ключа + ручная проверка расхождений,09_key_not_verified,
G10_TB_2_4_6_b,09_key_not_verified,автоматическая перепроверка ключа + ручная проверка расхождений,09_key_not_verified,
G10_TB_2_4_6_d,09_key_not_verified,автоматическая перепроверка ключа + ручная проверка расхождений,09_key_not_verified,
G10_TB_2_4_6_e,09_key_not_verified,автоматическая перепроверка ключа + ручная проверка расхождений,09_key_not_verified,
G10_TB_2_4_7_a,09_key_not_verified,автоматическая перепроверка ключа + ручная проверка расхождений,09_key_not_verified,
G10_TB_2_4_7_c,09_key_not_verified,автоматическая перепроверка ключа + ручная проверка расхождений,09_key_not_verified,
G10_TB_2_4_7_d,09_key_not_verified,автоматическая перепроверка ключа + ручная проверка расхождений,09_key_not_verified,
G10_TB_2_4_8_a,09_key_not_verified,автоматическая перепроверка ключа + ручная проверка расхождений,09_key_not_verified,
G10_TB_2_4_8_d,09_key_not_verified,автоматическая перепроверка ключа + ручная проверка расхождений,09_key_not_verified,
G10_TB_2_4_8_e,09_key_not_verified,автоматическая перепроверка ключа + ручная проверка расхождений,09_key_not_verified,
G10_TB_2_4_8_g,09_key_not_verified,автоматическая перепроверка ключа + ручная проверка расхождений,09_key_not_verified,
G10_TB_2_4_8_i,09_key_not_verified,автоматическая перепроверка ключа + ручная проверка расхождений,09_key_not_verified,
G10_TB_2_4_8_j,09_key_not_verified,автоматическая перепроверка ключа + ручная проверка расхождений,09_key_not_verified,
G10_TB_2_4_a,09_key_not_verified,автоматическая перепроверка ключа + ручная проверка расхождений,09_key_not_verified,
G10_TB_2_4_b,09_key_not_verified,автоматическая перепроверка ключа + ручная проверка расхождений,09_key_not_verified,
G10_TB_2_4_d,09_key_not_verified,автоматическая перепроверка ключа + ручная проверка расхождений,09_key_not_verified,
G10_TB_2_4_e,09_key_not_verified,автоматическая перепроверка ключа + ручная проверка расхождений,09_key_not_verified,
G10_TB_2_4_i,09_key_not_verified,автоматическая перепроверка ключа + ручная проверка расхождений,09_key_not_verified,
G10_TB_2_4_k,09_key_not_verified,автоматическая перепроверка ключа + ручная проверка расхождений,09_key_not_verified,
G10_TB_2_4_m,09_key_not_verified,автоматическая перепроверка ключа + ручная проверка расхождений,09_key_not_verified,
G10_TB_2_6,09_key_not_verified,автоматическая перепроверка ключа + ручная проверка расхождений,09_key_not_verified,
G10_TB_2_6_12_b,09_key_not_verified,автоматическая перепроверка ключа + ручная проверка расхождений,09_key_not_verified,
G10_TB_2_6_13_b,09_key_not_verified,автоматическая перепроверка ключа + ручная проверка расхождений,09_key_not_verified,
G10_TB_2_6_14_a,09_key_not_verified,автоматическая перепроверка ключа + ручная проверка расхождений,09_key_not_verified,
G10_TB_2_6_14_b,09_key_not_verified,автоматическая перепроверка ключа + ручная проверка расхождений,09_key_not_verified,
G10_TB_2_6_15_a,09_key_not_verified,автоматическая перепроверка ключа + ручная проверка расхождений,09_key_not_verified,
G10_TB_2_6_15_b,09_key_not_verified,автоматическая перепроверка ключа + ручная проверка расхождений,09_key_not_verified,
G10_TB_2_6_16_a,09_key_not_verified,автоматическая перепроверка ключа + ручная проверка расхождений,09_key_not_verified,
G10_TB_2_6_17_a,09_key_not_verified,автоматическая перепроверка ключа + ручная проверка расхождений,09_key_not_verified,
G10_TB_2_6_17_b,09_key_not_verified,автоматическая перепроверка ключа + ручная проверка расхождений,09_key_not_verified,
G10_TB_2_6_3_b,09_key_not_verified,автоматическая перепроверка ключа + ручная проверка расхождений,09_key_not_verified,
G10_TB_2_6_5_b,09_key_not_verified,автоматическая перепроверка ключа + ручная проверка расхождений,09_key_not_verified,
G10_TB_2_6_6_a,09_key_not_verified,автоматическая перепроверка ключа + ручная проверка расхождений,09_key_not_verified,
G10_TB_2_6_6_b,09_key_not_verified,автоматическая перепроверка ключа + ручная проверка расхождений,09_key_not_verified,
G10_TB_2_6_7_a,09_key_not_verified,автоматическая перепроверка ключа + ручная проверка расхождений,09_key_not_verified,
G10_TB_2_6_7_b,09_key_not_verified,автоматическая перепроверка ключа + ручная проверка расхождений,09_key_not_verified,
G10_TB_2_6_9_a,09_key_not_verified,автоматическая перепроверка ключа + ручная проверка расхождений,09_key_not_verified,
G10_TB_2_8_a,09_key_not_verified,автоматическая перепроверка ключа + ручная проверка расхождений,09_key_not_verified,
G10_TB_2_8_b,09_key_not_verified,автоматическая перепроверка ключа + ручная проверка расхождений,09_key_not_verified,
G10_TB_2_8_c,09_key_not_verified,автоматическая перепроверка ключа + ручная проверка расхождений,09_key_not_verified,
G10_TB_2_8_h,09_key_not_verified,автоматическая перепроверка ключа + ручная проверка расхождений,09_key_not_verified,
G10_TB_2_9_c,09_key_not_verified,автоматическая перепроверка ключа + ручная проверка расхождений,09_key_not_verified,
G10_TB_2_9_d,09_key_not_verified,автоматическая перепроверка ключа + ручная проверка расхождений,09_key_not_verified,
G10_TB_2_9_e,09_key_not_verified,автоматическая перепроверка ключа + ручная проверка расхождений,09_key_not_verified,
G10_TB_3_1,09_key_not_verified,автоматическая перепроверка ключа + ручная проверка расхождений,09_key_not_verified,
G10_TB_3_10_a,09_key_not_verified,автоматическая перепроверка ключа + ручная проверка расхождений,09_key_not_verified,
G10_TB_3_10_b,09_key_not_verified,автоматическая перепроверка ключа + ручная проверка расхождений,09_key_not_verified,
G10_TB_3_12_a,05_answer_radical_scope,проверить область корня в ключе и исправить,05_answer_radical_scope;09_key_not_verified,
G10_TB_3_12_b,09_key_not_verified,автоматическая перепроверка ключа + ручная проверка расхождений,09_key_not_verified,
G10_TB_3_14_a,09_key_not_verified,автоматическая перепроверка ключа + ручная проверка расхождений,09_key_not_verified,
G10_TB_3_14_b,09_key_not_verified,автоматическая перепроверка ключа + ручная проверка расхождений,09_key_not_verified,
G10_TB_3_15_c,09_key_not_verified,автоматическая перепроверка ключа + ручная проверка расхождений,09_key_not_verified,
G10_TB_3_18_a,09_key_not_verified,автоматическая перепроверка ключа + ручная проверка расхождений,09_key_not_verified,
G10_TB_3_1_10_2,09_key_not_verified,автоматическая перепроверка ключа + ручная проверка расхождений,09_key_not_verified,
G10_TB_3_1_10_3,09_key_not_verified,автоматическая перепроверка ключа + ручная проверка расхождений,09_key_not_verified,
G10_TB_3_1_10_4,09_key_not_verified,автоматическая перепроверка ключа + ручная проверка расхождений,09_key_not_verified,
G10_TB_3_1_12_2,09_key_not_verified,автоматическая перепроверка ключа + ручная проверка расхождений,09_key_not_verified,
G10_TB_3_1_13_2,06_correct_lookalike_graded_wrong,исправляется кодом диагностики (оценка по выбранному варианту),06_correct_lookalike_graded_wrong;09_key_not_verified,
G10_TB_3_1_2_1,09_key_not_verified,автоматическая перепроверка ключа + ручная проверка расхождений,09_key_not_verified,
G10_TB_3_1_2_2,09_key_not_verified,автоматическая перепроверка ключа + ручная проверка расхождений,09_key_not_verified,
G10_TB_3_1_2_3,09_key_not_verified,автоматическая перепроверка ключа + ручная проверка расхождений,09_key_not_verified,
G10_TB_3_1_2_4,09_key_not_verified,автоматическая перепроверка ключа + ручная проверка расхождений,09_key_not_verified,
G10_TB_3_1_4_3,09_key_not_verified,автоматическая перепроверка ключа + ручная проверка расхождений,09_key_not_verified,
G10_TB_3_1_4_4,09_key_not_verified,автоматическая перепроверка ключа + ручная проверка расхождений,09_key_not_verified,
G10_TB_3_1_5_3,09_key_not_verified,автоматическая перепроверка ключа + ручная проверка расхождений,09_key_not_verified,
G10_TB_3_1_5_4,09_key_not_verified,автоматическая перепроверка ключа + ручная проверка расхождений,09_key_not_verified,
G10_TB_3_1_8_2,09_key_not_verified,автоматическая перепроверка ключа + ручная проверка расхождений,09_key_not_verified,
G10_TB_3_1_8_3,09_key_not_verified,автоматическая перепроверка ключа + ручная проверка расхождений,09_key_not_verified,
G10_TB_3_2_2_10,09_key_not_verified,автоматическая перепроверка ключа + ручная проверка расхождений,09_key_not_verified,
G10_TB_3_2_2_13,09_key_not_verified,автоматическая перепроверка ключа + ручная проверка расхождений,09_key_not_verified,
G10_TB_3_2_2_18,09_key_not_verified,автоматическая перепроверка ключа + ручная проверка расхождений,09_key_not_verified,
G10_TB_3_2_2_19,09_key_not_verified,автоматическая перепроверка ключа + ручная проверка расхождений,09_key_not_verified,
G10_TB_3_2_2_20,09_key_not_verified,автоматическая перепроверка ключа + ручная проверка расхождений,09_key_not_verified,
G10_TB_3_2_2_25,09_key_not_verified,автоматическая перепроверка ключа + ручная проверка расхождений,09_key_not_verified,
G10_TB_3_2_2_4,09_key_not_verified,автоматическая перепроверка ключа + ручная проверка расхождений,09_key_not_verified,
G10_TB_3_2_2_5,09_key_not_verified,автоматическая перепроверка ключа + ручная проверка расхождений,09_key_not_verified,
G10_TB_3_2_2_7,09_key_not_verified,автоматическая перепроверка ключа + ручная проверка расхождений,09_key_not_verified,
G10_TB_3_2_2_h,09_key_not_verified,автоматическая перепроверка ключа + ручная проверка расхождений,09_key_not_verified,
G10_TB_3_2_2_i,09_key_not_verified,автоматическая перепроверка ключа + ручная проверка расхождений,09_key_not_verified,
G10_TB_3_2_2_k,09_key_not_verified,автоматическая перепроверка ключа + ручная проверка расхождений,09_key_not_verified,
G10_TB_3_2_2_l,09_key_not_verified,автоматическая перепроверка ключа + ручная проверка расхождений,09_key_not_verified,
G10_TB_3_3,09_key_not_verified,автоматическая перепроверка ключа + ручная проверка расхождений,09_key_not_verified,
G10_TB_3_3_1,09_key_not_verified,автоматическая перепроверка ключа + ручная проверка расхождений,09_key_not_verified,
G10_TB_3_3_10,09_key_not_verified,автоматическая перепроверка ключа + ручная проверка расхождений,09_key_not_verified,
G10_TB_3_3_11,09_key_not_verified,автоматическая перепроверка ключа + ручная проверка расхождений,09_key_not_verified,
G10_TB_3_3_12,09_key_not_verified,автоматическая перепроверка ключа + ручная проверка расхождений,09_key_not_verified,
G10_TB_3_3_13,09_key_not_verified,автоматическая перепроверка ключа + ручная проверка расхождений,09_key_not_verified,
G10_TB_3_3_14,09_key_not_verified,автоматическая перепроверка ключа + ручная проверка расхождений,09_key_not_verified,
G10_TB_3_3_15,09_key_not_verified,автоматическая перепроверка ключа + ручная проверка расхождений,09_key_not_verified,
G10_TB_3_3_16,09_key_not_verified,автоматическая перепроверка ключа + ручная проверка расхождений,09_key_not_verified,
G10_TB_3_3_17,09_key_not_verified,автоматическая перепроверка ключа + ручная проверка расхождений,09_key_not_verified,
G10_TB_3_3_18,09_key_not_verified,автоматическая перепроверка ключа + ручная проверка расхождений,09_key_not_verified,
G10_TB_3_3_19,09_key_not_verified,автоматическая перепроверка ключа + ручная проверка расхождений,09_key_not_verified,
G10_TB_3_3_2,09_key_not_verified,автоматическая перепроверка ключа + ручная проверка расхождений,09_key_not_verified,
G10_TB_3_3_20,09_key_not_verified,автоматическая перепроверка ключа + ручная проверка расхождений,09_key_not_verified,
G10_TB_3_3_21,09_key_not_verified,автоматическая перепроверка ключа + ручная проверка расхождений,09_key_not_verified,
G10_TB_3_3_22,09_key_not_verified,автоматическая перепроверка ключа + ручная проверка расхождений,09_key_not_verified,
G10_TB_3_3_23,09_key_not_verified,автоматическая перепроверка ключа + ручная проверка расхождений,09_key_not_verified,
G10_TB_3_3_24,09_key_not_verified,автоматическая перепроверка ключа + ручная проверка расхождений,09_key_not_verified,
G10_TB_3_3_25,09_key_not_verified,автоматическая перепроверка ключа + ручная проверка расхождений,09_key_not_verified,
G10_TB_3_3_26,09_key_not_verified,автоматическая перепроверка ключа + ручная проверка расхождений,09_key_not_verified,
G10_TB_3_3_27,09_key_not_verified,автоматическая перепроверка ключа + ручная проверка расхождений,09_key_not_verified,
G10_TB_3_3_28,09_key_not_verified,автоматическая перепроверка ключа + ручная проверка расхождений,09_key_not_verified,
G10_TB_3_3_29,09_key_not_verified,автоматическая перепроверка ключа + ручная проверка расхождений,09_key_not_verified,
G10_TB_3_3_31,09_key_not_verified,автоматическая перепроверка ключа + ручная проверка расхождений,09_key_not_verified,
G10_TB_3_3_4,09_key_not_verified,автоматическая перепроверка ключа + ручная проверка расхождений,09_key_not_verified,
G10_TB_3_3_6,09_key_not_verified,автоматическая перепроверка ключа + ручная проверка расхождений,09_key_not_verified,
G10_TB_3_3_9,09_key_not_verified,автоматическая перепроверка ключа + ручная проверка расхождений,09_key_not_verified,
G10_TB_3_4,09_key_not_verified,автоматическая перепроверка ключа + ручная проверка расхождений,09_key_not_verified,
G10_TB_3_4_1_5,11_open_input_no_options,да/нет показывать двумя вариантами (код),11_open_input_no_options,
G10_TB_3_4_2_1,09_key_not_verified,автоматическая перепроверка ключа + ручная проверка расхождений,09_key_not_verified,
G10_TB_3_4_2_3,09_key_not_verified,автоматическая перепроверка ключа + ручная проверка расхождений,09_key_not_verified,
G10_TB_3_4_3_1,10_latex_meaning_differs,проверить до переключения показа на question_latex,10_latex_meaning_differs,
G10_TB_3_4_4_1,09_key_not_verified,автоматическая перепроверка ключа + ручная проверка расхождений,09_key_not_verified;11_open_input_no_options,
G10_TB_3_4_4_2,09_key_not_verified,автоматическая перепроверка ключа + ручная проверка расхождений,09_key_not_verified;11_open_input_no_options,
G10_TB_3_4_4_3,11_open_input_no_options,да/нет показывать двумя вариантами (код),11_open_input_no_options,
G10_TB_3_4_4_4,11_open_input_no_options,да/нет показывать двумя вариантами (код),11_open_input_no_options,
G10_TB_3_4_5,09_key_not_verified,автоматическая перепроверка ключа + ручная проверка расхождений,09_key_not_verified,
G10_TB_3_4_5_2,10_latex_meaning_differs,проверить до переключения показа на question_latex,10_latex_meaning_differs,
G10_TB_3_4_6_b,10_latex_meaning_differs,проверить до переключения показа на question_latex,10_latex_meaning_differs,
G10_TB_3_4_7,09_key_not_verified,автоматическая перепроверка ключа + ручная проверка расхождений,09_key_not_verified,
G10_TB_3_4_7_3,09_key_not_verified,автоматическая перепроверка ключа + ручная проверка расхождений,09_key_not_verified;10_latex_meaning_differs,
G10_TB_3_4_7_4,09_key_not_verified,автоматическая перепроверка ключа + ручная проверка расхождений,09_key_not_verified;10_latex_meaning_differs,
G10_TB_3_4_7_6,09_key_not_verified,автоматическая перепроверка ключа + ручная проверка расхождений,09_key_not_verified;10_latex_meaning_differs,
G10_TB_3_4_8,09_key_not_verified,автоматическая перепроверка ключа + ручная проверка расхождений,09_key_not_verified,
G10_TB_3_4_9_1,09_key_not_verified,автоматическая перепроверка ключа + ручная проверка расхождений,09_key_not_verified;10_latex_meaning_differs,
G10_TB_3_4_9_3,10_latex_meaning_differs,проверить до переключения показа на question_latex,10_latex_meaning_differs,
G10_TB_3_4_9_4,09_key_not_verified,автоматическая перепроверка ключа + ручная проверка расхождений,09_key_not_verified;10_latex_meaning_differs,
G10_TB_3_4_9_5,09_key_not_verified,автоматическая перепроверка ключа + ручная проверка расхождений,09_key_not_verified;10_latex_meaning_differs,
G10_TB_3_4_9_6,09_key_not_verified,автоматическая перепроверка ключа + ручная проверка расхождений,09_key_not_verified,
G10_TB_3_4_b,09_key_not_verified,автоматическая перепроверка ключа + ручная проверка расхождений,09_key_not_verified,
G10_TB_3_4_d,09_key_not_verified,автоматическая перепроверка ключа + ручная проверка расхождений,09_key_not_verified,
G10_TB_3_5_10_2,09_key_not_verified,автоматическая перепроверка ключа + ручная проверка расхождений,09_key_not_verified,
G10_TB_3_5_10_4,09_key_not_verified,автоматическая перепроверка ключа + ручная проверка расхождений,09_key_not_verified,
G10_TB_3_5_11,09_key_not_verified,автоматическая перепроверка ключа + ручная проверка расхождений,09_key_not_verified,
G10_TB_3_5_6,09_key_not_verified,автоматическая перепроверка ключа + ручная проверка расхождений,09_key_not_verified,
G10_TB_3_5_6_4,09_key_not_verified,автоматическая перепроверка ключа + ручная проверка расхождений,09_key_not_verified,
G10_TB_3_5_6_5,09_key_not_verified,автоматическая перепроверка ключа + ручная проверка расхождений,09_key_not_verified,
G10_TB_3_5_7_2,09_key_not_verified,автоматическая перепроверка ключа + ручная проверка расхождений,09_key_not_verified,
G10_TB_3_5_7_6,06_correct_lookalike_graded_wrong,исправляется кодом диагностики (оценка по выбранному варианту),06_correct_lookalike_graded_wrong;09_key_not_verified,
G10_TB_3_5_8_2,09_key_not_verified,автоматическая перепроверка ключа + ручная проверка расхождений,09_key_not_verified,
G10_TB_3_5_9_3,09_key_not_verified,автоматическая перепроверка ключа + ручная проверка расхождений,09_key_not_verified,
G10_TB_3_5_a,09_key_not_verified,автоматическая перепроверка ключа + ручная проверка расхождений,09_key_not_verified,
G10_TB_3_5_b,09_key_not_verified,автоматическая перепроверка ключа + ручная проверка расхождений,09_key_not_verified,
G10_TB_3_5_c,09_key_not_verified,автоматическая перепроверка ключа + ручная проверка расхождений,09_key_not_verified,
G10_TB_3_5_d,09_key_not_verified,автоматическая перепроверка ключа + ручная проверка расхождений,09_key_not_verified,
G10_TB_3_6_13,09_key_not_verified,автоматическая перепроверка ключа + ручная проверка расхождений,09_key_not_verified,
G10_TB_3_6_15,09_key_not_verified,автоматическая перепроверка ключа + ручная проверка расхождений,09_key_not_verified,
G10_TB_3_6_16,09_key_not_verified,автоматическая перепроверка ключа + ручная проверка расхождений,09_key_not_verified,
G10_TB_3_6_1_g,09_key_not_verified,автоматическая перепроверка ключа + ручная проверка расхождений,09_key_not_verified,
G10_TB_3_6_2_a,09_key_not_verified,автоматическая перепроверка ключа + ручная проверка расхождений,09_key_not_verified,
G10_TB_3_6_2_b,09_key_not_verified,автоматическая перепроверка ключа + ручная проверка расхождений,09_key_not_verified,
G10_TB_3_6_2_d,09_key_not_verified,автоматическая перепроверка ключа + ручная проверка расхождений,09_key_not_verified,
G10_TB_3_6_2_n,09_key_not_verified,автоматическая перепроверка ключа + ручная проверка расхождений,09_key_not_verified,
G10_TB_3_6_5,09_key_not_verified,автоматическая перепроверка ключа + ручная проверка расхождений,09_key_not_verified,
G10_TB_3_6_7,09_key_not_verified,автоматическая перепроверка ключа + ручная проверка расхождений,09_key_not_verified,
G10_TB_3_6_a,05_answer_radical_scope,проверить область корня в ключе и исправить,05_answer_radical_scope;09_key_not_verified,
G10_TB_3_6_c,05_answer_radical_scope,проверить область корня в ключе и исправить,05_answer_radical_scope;09_key_not_verified,
G10_TB_3_6_d,05_answer_radical_scope,проверить область корня в ключе и исправить,05_answer_radical_scope,
G10_TB_3_7_1_a,09_key_not_verified,автоматическая перепроверка ключа + ручная проверка расхождений,09_key_not_verified,
G10_TB_3_7_1_b,09_key_not_verified,автоматическая перепроверка ключа + ручная проверка расхождений,09_key_not_verified,
G10_TB_3_7_1_f,09_key_not_verified,автоматическая перепроверка ключа + ручная проверка расхождений,09_key_not_verified,
G10_TB_3_7_1_h,09_key_not_verified,автоматическая перепроверка ключа + ручная проверка расхождений,09_key_not_verified,
G10_TB_3_7_2_b,09_key_not_verified,автоматическая перепроверка ключа + ручная проверка расхождений,09_key_not_verified,
G10_TB_3_7_2_c,09_key_not_verified,автоматическая перепроверка ключа + ручная проверка расхождений,09_key_not_verified,
G10_TB_3_7_2_e,09_key_not_verified,автоматическая перепроверка ключа + ручная проверка расхождений,09_key_not_verified,
G10_TB_3_7_3_c,09_key_not_verified,автоматическая перепроверка ключа + ручная проверка расхождений,09_key_not_verified,
G10_TB_3_7_3_d,09_key_not_verified,автоматическая перепроверка ключа + ручная проверка расхождений,09_key_not_verified,
G10_TB_3_7_3_e,09_key_not_verified,автоматическая перепроверка ключа + ручная проверка расхождений,09_key_not_verified,
G10_TB_3_7_b,09_key_not_verified,автоматическая перепроверка ключа + ручная проверка расхождений,09_key_not_verified,
G10_TB_3_8_1,09_key_not_verified,автоматическая перепроверка ключа + ручная проверка расхождений,09_key_not_verified,
G10_TB_3_8_1_f,10_latex_meaning_differs,проверить до переключения показа на question_latex,10_latex_meaning_differs,
G10_TB_3_8_1_g,09_key_not_verified,автоматическая перепроверка ключа + ручная проверка расхождений,09_key_not_verified,
G10_TB_3_8_1_j,10_latex_meaning_differs,проверить до переключения показа на question_latex,10_latex_meaning_differs,
G10_TB_3_8_1_k,09_key_not_verified,автоматическая перепроверка ключа + ручная проверка расхождений,09_key_not_verified,
G10_TB_3_8_1_l,09_key_not_verified,автоматическая перепроверка ключа + ручная проверка расхождений,09_key_not_verified,
G10_TB_3_8_1_m,09_key_not_verified,автоматическая перепроверка ключа + ручная проверка расхождений,09_key_not_verified,
G10_TB_3_8_1_n,09_key_not_verified,автоматическая перепроверка ключа + ручная проверка расхождений,09_key_not_verified,
G10_TB_3_8_1_o,09_key_not_verified,автоматическая перепроверка ключа + ручная проверка расхождений,09_key_not_verified,
G10_TB_3_8_3,09_key_not_verified,автоматическая перепроверка ключа + ручная проверка расхождений,09_key_not_verified,
G10_TB_3_8_3_a,09_key_not_verified,автоматическая перепроверка ключа + ручная проверка расхождений,09_key_not_verified,
G10_TB_3_8_3_e,09_key_not_verified,автоматическая перепроверка ключа + ручная проверка расхождений,09_key_not_verified,
G10_TB_3_8_3_h,09_key_not_verified,автоматическая перепроверка ключа + ручная проверка расхождений,09_key_not_verified,
G10_TB_3_8_3_i,09_key_not_verified,автоматическая перепроверка ключа + ручная проверка расхождений,09_key_not_verified,
G10_TB_3_8_4,09_key_not_verified,автоматическая перепроверка ключа + ручная проверка расхождений,09_key_not_verified,
G10_TB_3_8_4_a,09_key_not_verified,автоматическая перепроверка ключа + ручная проверка расхождений,09_key_not_verified,
G10_TB_3_8_4_b,09_key_not_verified,автоматическая перепроверка ключа + ручная проверка расхождений,09_key_not_verified,
G10_TB_3_8_4_e,09_key_not_verified,автоматическая перепроверка ключа + ручная проверка расхождений,09_key_not_verified,
G10_TB_3_8_4_f,09_key_not_verified,автоматическая перепроверка ключа + ручная проверка расхождений,09_key_not_verified,
G10_TB_3_8_5,09_key_not_verified,автоматическая перепроверка ключа + ручная проверка расхождений,09_key_not_verified,
G10_TB_3_8_a,09_key_not_verified,автоматическая перепроверка ключа + ручная проверка расхождений,09_key_not_verified,
G10_TB_3_8_b,09_key_not_verified,автоматическая перепроверка ключа + ручная проверка расхождений,09_key_not_verified,
G10_TB_4_13_b,09_key_not_verified,автоматическая перепроверка ключа + ручная проверка расхождений,09_key_not_verified,
G10_TB_4_13_c,09_key_not_verified,автоматическая перепроверка ключа + ручная проверка расхождений,09_key_not_verified,
G10_TB_4_15,09_key_not_verified,автоматическая перепроверка ключа + ручная проверка расхождений,09_key_not_verified,
G10_TB_4_17,09_key_not_verified,автоматическая перепроверка ключа + ручная проверка расхождений,09_key_not_verified,
G10_TB_4_1_1_b,09_key_not_verified,автоматическая перепроверка ключа + ручная проверка расхождений,09_key_not_verified,
G10_TB_4_1_1_c,09_key_not_verified,автоматическая перепроверка ключа + ручная проверка расхождений,09_key_not_verified,
G10_TB_4_1_1_e,09_key_not_verified,автоматическая перепроверка ключа + ручная проверка расхождений,09_key_not_verified,
G10_TB_4_1_1_f,09_key_not_verified,автоматическая перепроверка ключа + ручная проверка расхождений,09_key_not_verified,
G10_TB_4_1_1_g,09_key_not_verified,автоматическая перепроверка ключа + ручная проверка расхождений,09_key_not_verified,
G10_TB_4_1_2_e,09_key_not_verified,автоматическая перепроверка ключа + ручная проверка расхождений,09_key_not_verified,
G10_TB_4_1_3_a,09_key_not_verified,автоматическая перепроверка ключа + ручная проверка расхождений,09_key_not_verified,
G10_TB_4_1_3_h,09_key_not_verified,автоматическая перепроверка ключа + ручная проверка расхождений,09_key_not_verified,
G10_TB_4_1_8_a,03_proof_task,отключить в диагностике/экзаменах (автоматически не проверяется),03_proof_task,
G10_TB_4_1_8_b,03_proof_task,отключить в диагностике/экзаменах (автоматически не проверяется),03_proof_task,
G10_TB_4_1_9_a,09_key_not_verified,автоматическая перепроверка ключа + ручная проверка расхождений,09_key_not_verified,
G10_TB_4_1_9_b,09_key_not_verified,автоматическая перепроверка ключа + ручная проверка расхождений,09_key_not_verified,
G10_TB_4_2,10_latex_meaning_differs,проверить до переключения показа на question_latex,10_latex_meaning_differs,
G10_TB_4_21,09_key_not_verified,автоматическая перепроверка ключа + ручная проверка расхождений,09_key_not_verified,
G10_TB_4_24,09_key_not_verified,автоматическая перепроверка ключа + ручная проверка расхождений,09_key_not_verified,
G10_TB_4_27,09_key_not_verified,автоматическая перепроверка ключа + ручная проверка расхождений,09_key_not_verified,
G10_TB_4_29,09_key_not_verified,автоматическая перепроверка ключа + ручная проверка расхождений,09_key_not_verified,
G10_TB_4_2_1_a,09_key_not_verified,автоматическая перепроверка ключа + ручная проверка расхождений,09_key_not_verified;11_open_input_no_options,
G10_TB_4_2_1_b,09_key_not_verified,автоматическая перепроверка ключа + ручная проверка расхождений,09_key_not_verified;11_open_input_no_options,
G10_TB_4_2_1_c,09_key_not_verified,автоматическая перепроверка ключа + ручная проверка расхождений,09_key_not_verified;11_open_input_no_options,
G10_TB_4_2_1_d,09_key_not_verified,автоматическая перепроверка ключа + ручная проверка расхождений,09_key_not_verified;11_open_input_no_options,
G10_TB_4_2_1_f,09_key_not_verified,автоматическая перепроверка ключа + ручная проверка расхождений,09_key_not_verified;11_open_input_no_options,
G10_TB_4_2_2_a,09_key_not_verified,автоматическая перепроверка ключа + ручная проверка расхождений,09_key_not_verified,
G10_TB_4_2_2_b,09_key_not_verified,автоматическая перепроверка ключа + ручная проверка расхождений,09_key_not_verified,
G10_TB_4_2_2_c,09_key_not_verified,автоматическая перепроверка ключа + ручная проверка расхождений,09_key_not_verified,
G10_TB_4_2_2_e,09_key_not_verified,автоматическая перепроверка ключа + ручная проверка расхождений,09_key_not_verified,
G10_TB_4_2_2_f,09_key_not_verified,автоматическая перепроверка ключа + ручная проверка расхождений,09_key_not_verified,
G10_TB_4_2_2_h,09_key_not_verified,автоматическая перепроверка ключа + ручная проверка расхождений,09_key_not_verified,
G10_TB_4_2_2_j,09_key_not_verified,автоматическая перепроверка ключа + ручная проверка расхождений,09_key_not_verified,
G10_TB_4_2_2_n,09_key_not_verified,автоматическая перепроверка ключа + ручная проверка расхождений,09_key_not_verified,
G10_TB_4_2_2_o,09_key_not_verified,автоматическая перепроверка ключа + ручная проверка расхождений,09_key_not_verified,
G10_TB_4_2_2_r,09_key_not_verified,автоматическая перепроверка ключа + ручная проверка расхождений,09_key_not_verified,
G10_TB_4_2_2_s,09_key_not_verified,автоматическая перепроверка ключа + ручная проверка расхождений,09_key_not_verified,
G10_TB_4_2_2_t,09_key_not_verified,автоматическая перепроверка ключа + ручная проверка расхождений,09_key_not_verified,
G10_TB_4_2_3_a,09_key_not_verified,автоматическая перепроверка ключа + ручная проверка расхождений,09_key_not_verified,
G10_TB_4_2_3_b,09_key_not_verified,автоматическая перепроверка ключа + ручная проверка расхождений,09_key_not_verified,
G10_TB_4_2_3_c,09_key_not_verified,автоматическая перепроверка ключа + ручная проверка расхождений,09_key_not_verified,
G10_TB_4_2_3_d,09_key_not_verified,автоматическая перепроверка ключа + ручная проверка расхождений,09_key_not_verified,
G10_TB_4_2_4_a,09_key_not_verified,автоматическая перепроверка ключа + ручная проверка расхождений,09_key_not_verified,
G10_TB_4_2_4_b,09_key_not_verified,автоматическая перепроверка ключа + ручная проверка расхождений,09_key_not_verified,
G10_TB_4_2_4_c,09_key_not_verified,автоматическая перепроверка ключа + ручная проверка расхождений,09_key_not_verified,
G10_TB_4_2_4_e,09_key_not_verified,автоматическая перепроверка ключа + ручная проверка расхождений,09_key_not_verified,
G10_TB_4_2_4_g,09_key_not_verified,автоматическая перепроверка ключа + ручная проверка расхождений,09_key_not_verified,
G10_TB_4_2_4_h,09_key_not_verified,автоматическая перепроверка ключа + ручная проверка расхождений,09_key_not_verified,
G10_TB_4_2_4_i,09_key_not_verified,автоматическая перепроверка ключа + ручная проверка расхождений,09_key_not_verified,
G10_TB_4_2_4_l,09_key_not_verified,автоматическая перепроверка ключа + ручная проверка расхождений,09_key_not_verified,
G10_TB_4_2_5_c,09_key_not_verified,автоматическая перепроверка ключа + ручная проверка расхождений,09_key_not_verified,
G10_TB_4_2_5_d,09_key_not_verified,автоматическая перепроверка ключа + ручная проверка расхождений,09_key_not_verified,
G10_TB_4_2_5_e,09_key_not_verified,автоматическая перепроверка ключа + ручная проверка расхождений,09_key_not_verified,
G10_TB_4_2_5_g,09_key_not_verified,автоматическая перепроверка ключа + ручная проверка расхождений,09_key_not_verified,
G10_TB_4_31,09_key_not_verified,автоматическая перепроверка ключа + ручная проверка расхождений,09_key_not_verified,
G10_TB_4_3_b,09_key_not_verified,автоматическая перепроверка ключа + ручная проверка расхождений,09_key_not_verified,
G10_TB_4_3_d,09_key_not_verified,автоматическая перепроверка ключа + ручная проверка расхождений,09_key_not_verified,
G10_TB_4_7,09_key_not_verified,автоматическая перепроверка ключа + ручная проверка расхождений,09_key_not_verified,
G10_TB_4_8,09_key_not_verified,автоматическая перепроверка ключа + ручная проверка расхождений,09_key_not_verified,
G10_TB_5_1_2,09_key_not_verified,автоматическая перепроверка ключа + ручная проверка расхождений,09_key_not_verified,
G10_TB_5_2_1,09_key_not_verified,автоматическая перепроверка ключа + ручная проверка расхождений,09_key_not_verified,
G10_TB_5_2_10,09_key_not_verified,автоматическая перепроверка ключа + ручная проверка расхождений,09_key_not_verified,
G10_TB_5_2_11,09_key_not_verified,автоматическая перепроверка ключа + ручная проверка расхождений,09_key_not_verified,
G10_TB_5_2_13,07_duplicate_question_conflicting_key,"сравнить копии, оставить верную, остальные отключить",07_duplicate_question_conflicting_key;09_key_not_verified,
G10_TB_5_2_16,09_key_not_verified,автоматическая перепроверка ключа + ручная проверка расхождений,09_key_not_verified,
G10_TB_5_2_18,09_key_not_verified,автоматическая перепроверка ключа + ручная проверка расхождений,09_key_not_verified,
G10_TB_5_2_19,09_key_not_verified,автоматическая перепроверка ключа + ручная проверка расхождений,09_key_not_verified,
G10_TB_5_2_2,09_key_not_verified,автоматическая перепроверка ключа + ручная проверка расхождений,09_key_not_verified,
G10_TB_5_2_20,09_key_not_verified,автоматическая перепроверка ключа + ручная проверка расхождений,09_key_not_verified,
G10_TB_5_2_21,09_key_not_verified,автоматическая перепроверка ключа + ручная проверка расхождений,09_key_not_verified,
G10_TB_5_2_22,09_key_not_verified,автоматическая перепроверка ключа + ручная проверка расхождений,09_key_not_verified,
G10_TB_5_2_23,09_key_not_verified,автоматическая перепроверка ключа + ручная проверка расхождений,09_key_not_verified,
G10_TB_5_2_25,09_key_not_verified,автоматическая перепроверка ключа + ручная проверка расхождений,09_key_not_verified,
G10_TB_5_2_26,09_key_not_verified,автоматическая перепроверка ключа + ручная проверка расхождений,09_key_not_verified,
G10_TB_5_2_27,09_key_not_verified,автоматическая перепроверка ключа + ручная проверка расхождений,09_key_not_verified,
G10_TB_5_2_28,07_duplicate_question_conflicting_key,"сравнить копии, оставить верную, остальные отключить",07_duplicate_question_conflicting_key;09_key_not_verified,
G10_TB_5_2_29,09_key_not_verified,автоматическая перепроверка ключа + ручная проверка расхождений,09_key_not_verified,
G10_TB_5_2_3,09_key_not_verified,автоматическая перепроверка ключа + ручная проверка расхождений,09_key_not_verified,
G10_TB_5_2_30,09_key_not_verified,автоматическая перепроверка ключа + ручная проверка расхождений,09_key_not_verified,
G10_TB_5_2_31,09_key_not_verified,автоматическая перепроверка ключа + ручная проверка расхождений,09_key_not_verified,
G10_TB_5_2_33,09_key_not_verified,автоматическая перепроверка ключа + ручная проверка расхождений,09_key_not_verified,
G10_TB_5_2_34,09_key_not_verified,автоматическая перепроверка ключа + ручная проверка расхождений,09_key_not_verified,
G10_TB_5_2_35,09_key_not_verified,автоматическая перепроверка ключа + ручная проверка расхождений,09_key_not_verified,
G10_TB_5_2_37,09_key_not_verified,автоматическая перепроверка ключа + ручная проверка расхождений,09_key_not_verified,
G10_TB_5_2_38,09_key_not_verified,автоматическая перепроверка ключа + ручная проверка расхождений,09_key_not_verified,
G10_TB_5_2_39,09_key_not_verified,автоматическая перепроверка ключа + ручная проверка расхождений,09_key_not_verified,
G10_TB_5_2_4,09_key_not_verified,автоматическая перепроверка ключа + ручная проверка расхождений,09_key_not_verified,
G10_TB_5_2_40,09_key_not_verified,автоматическая перепроверка ключа + ручная проверка расхождений,09_key_not_verified,
G10_TB_5_2_41,09_key_not_verified,автоматическая перепроверка ключа + ручная проверка расхождений,09_key_not_verified,
G10_TB_5_2_42,09_key_not_verified,автоматическая перепроверка ключа + ручная проверка расхождений,09_key_not_verified,
G10_TB_5_2_43,09_key_not_verified,автоматическая перепроверка ключа + ручная проверка расхождений,09_key_not_verified,
G10_TB_5_2_44,09_key_not_verified,автоматическая перепроверка ключа + ручная проверка расхождений,09_key_not_verified,
G10_TB_5_2_5,09_key_not_verified,автоматическая перепроверка ключа + ручная проверка расхождений,09_key_not_verified,
G10_TB_5_2_6,09_key_not_verified,автоматическая перепроверка ключа + ручная проверка расхождений,09_key_not_verified,
G10_TB_5_2_8,09_key_not_verified,автоматическая перепроверка ключа + ручная проверка расхождений,09_key_not_verified,
G10_TB_5_3_1,09_key_not_verified,автоматическая перепроверка ключа + ручная проверка расхождений,09_key_not_verified,
G10_TB_5_3_1_10,09_key_not_verified,автоматическая перепроверка ключа + ручная проверка расхождений,09_key_not_verified,
G10_TB_5_3_1_11,09_key_not_verified,автоматическая перепроверка ключа + ручная проверка расхождений,09_key_not_verified,
G10_TB_5_3_1_4,09_key_not_verified,автоматическая перепроверка ключа + ручная проверка расхождений,09_key_not_verified,
G10_TB_5_3_1_6,09_key_not_verified,автоматическая перепроверка ключа + ручная проверка расхождений,09_key_not_verified,
G10_TB_5_3_1_8,09_key_not_verified,автоматическая перепроверка ключа + ручная проверка расхождений,09_key_not_verified,
G10_TB_5_3_2,09_key_not_verified,автоматическая перепроверка ключа + ручная проверка расхождений,09_key_not_verified,
G10_TB_5_3_2_10,09_key_not_verified,автоматическая перепроверка ключа + ручная проверка расхождений,09_key_not_verified,
G10_TB_5_3_2_11,09_key_not_verified,автоматическая перепроверка ключа + ручная проверка расхождений,09_key_not_verified,
G10_TB_5_3_2_2,09_key_not_verified,автоматическая перепроверка ключа + ручная проверка расхождений,09_key_not_verified,
G10_TB_5_3_2_4,09_key_not_verified,автоматическая перепроверка ключа + ручная проверка расхождений,09_key_not_verified,
G10_TB_5_3_2_6,09_key_not_verified,автоматическая перепроверка ключа + ручная проверка расхождений,09_key_not_verified,
G10_TB_5_3_3,09_key_not_verified,автоматическая перепроверка ключа + ручная проверка расхождений,09_key_not_verified,
G10_TB_5_3_3_1,09_key_not_verified,автоматическая перепроверка ключа + ручная проверка расхождений,09_key_not_verified,
G10_TB_5_3_3_2,09_key_not_verified,автоматическая перепроверка ключа + ручная проверка расхождений,09_key_not_verified,
G10_TB_5_3_3_3,09_key_not_verified,автоматическая перепроверка ключа + ручная проверка расхождений,09_key_not_verified,
G10_TB_5_3_3_4,09_key_not_verified,автоматическая перепроверка ключа + ручная проверка расхождений,09_key_not_verified,
G10_TB_5_3_3_5,09_key_not_verified,автоматическая перепроверка ключа + ручная проверка расхождений,09_key_not_verified,
G10_TB_5_3_3_6,09_key_not_verified,автоматическая перепроверка ключа + ручная проверка расхождений,09_key_not_verified,
G10_TB_5_3_3_7,09_key_not_verified,автоматическая перепроверка ключа + ручная проверка расхождений,09_key_not_verified,
G10_TB_5_3_3_8,09_key_not_verified,автоматическая перепроверка ключа + ручная проверка расхождений,09_key_not_verified,
G10_TB_5_3_4,09_key_not_verified,автоматическая перепроверка ключа + ручная проверка расхождений,09_key_not_verified,
G10_TB_5_3_4_1,09_key_not_verified,автоматическая перепроверка ключа + ручная проверка расхождений,09_key_not_verified,
G10_TB_5_3_4_2,09_key_not_verified,автоматическая перепроверка ключа + ручная проверка расхождений,09_key_not_verified,
G10_TB_5_3_4_3,09_key_not_verified,автоматическая перепроверка ключа + ручная проверка расхождений,09_key_not_verified,
G10_TB_5_3_4_4,09_key_not_verified,автоматическая перепроверка ключа + ручная проверка расхождений,09_key_not_verified,
G10_TB_5_3_5_1,09_key_not_verified,автоматическая перепроверка ключа + ручная проверка расхождений,09_key_not_verified;10_latex_meaning_differs,
G10_TB_5_3_5_2,09_key_not_verified,автоматическая перепроверка ключа + ручная проверка расхождений,09_key_not_verified,
G10_TB_5_3_5_3,09_key_not_verified,автоматическая перепроверка ключа + ручная проверка расхождений,09_key_not_verified,
G10_TB_5_3_5_4,09_key_not_verified,автоматическая перепроверка ключа + ручная проверка расхождений,09_key_not_verified,
G10_TB_5_3_5_5,09_key_not_verified,автоматическая перепроверка ключа + ручная проверка расхождений,09_key_not_verified,
G10_TB_5_3_5_6,09_key_not_verified,автоматическая перепроверка ключа + ручная проверка расхождений,09_key_not_verified,
G10_TB_5_3_6,09_key_not_verified,автоматическая перепроверка ключа + ручная проверка расхождений,09_key_not_verified,
G10_TB_5_3_7,09_key_not_verified,автоматическая перепроверка ключа + ручная проверка расхождений,09_key_not_verified,
G10_TB_5_3_8_1,09_key_not_verified,автоматическая перепроверка ключа + ручная проверка расхождений,09_key_not_verified,
G10_TB_5_3_8_2,09_key_not_verified,автоматическая перепроверка ключа + ручная проверка расхождений,09_key_not_verified,
G10_TB_5_3_8_3,09_key_not_verified,автоматическая перепроверка ключа + ручная проверка расхождений,09_key_not_verified,
G10_TB_5_3_8_4,09_key_not_verified,автоматическая перепроверка ключа + ручная проверка расхождений,09_key_not_verified,
G10_TB_5_3_9_2,09_key_not_verified,автоматическая перепроверка ключа + ручная проверка расхождений,09_key_not_verified,
G10_TB_6_1_8,10_latex_meaning_differs,проверить до переключения показа на question_latex,10_latex_meaning_differs,
G10_TB_6_2_12,07_duplicate_question_conflicting_key,"сравнить копии, оставить верную, остальные отключить",07_duplicate_question_conflicting_key;09_key_not_verified,
G10_TB_6_2_1_a,09_key_not_verified,автоматическая перепроверка ключа + ручная проверка расхождений,09_key_not_verified,
G10_TB_6_2_31,09_key_not_verified,автоматическая перепроверка ключа + ручная проверка расхождений,09_key_not_verified,
G10_TB_6_2_36,09_key_not_verified,автоматическая перепроверка ключа + ручная проверка расхождений,09_key_not_verified,
G10_TB_6_2_38,09_key_not_verified,автоматическая перепроверка ключа + ручная проверка расхождений,09_key_not_verified,
G10_TB_6_2_39,09_key_not_verified,автоматическая перепроверка ключа + ручная проверка расхождений,09_key_not_verified,
G10_TB_6_2_42,09_key_not_verified,автоматическая перепроверка ключа + ручная проверка расхождений,09_key_not_verified,
G10_TB_6_2_45,09_key_not_verified,автоматическая перепроверка ключа + ручная проверка расхождений,09_key_not_verified,
G10_TB_6_2_7,09_key_not_verified,автоматическая перепроверка ключа + ручная проверка расхождений,09_key_not_verified,
G10_TB_§10_10_10_5,09_key_not_verified,автоматическая перепроверка ключа + ручная проверка расхождений,09_key_not_verified,
G10_TB_§10_10_10_6,09_key_not_verified,автоматическая перепроверка ключа + ручная проверка расхождений,09_key_not_verified,
G10_TB_§10_10_12_2,09_key_not_verified,автоматическая перепроверка ключа + ручная проверка расхождений,09_key_not_verified,
G10_TB_§10_10_12_5,09_key_not_verified,автоматическая перепроверка ключа + ручная проверка расхождений,09_key_not_verified,
G10_TB_§10_10_1_1,09_key_not_verified,автоматическая перепроверка ключа + ручная проверка расхождений,09_key_not_verified,
G10_TB_§10_10_1_2,09_key_not_verified,автоматическая перепроверка ключа + ручная проверка расхождений,09_key_not_verified,
G10_TB_§10_10_1_3,06_correct_lookalike_graded_wrong,исправляется кодом диагностики (оценка по выбранному варианту),06_correct_lookalike_graded_wrong,
G10_TB_§10_10_1_4,09_key_not_verified,автоматическая перепроверка ключа + ручная проверка расхождений,09_key_not_verified,
G10_TB_§10_10_25_2,09_key_not_verified,автоматическая перепроверка ключа + ручная проверка расхождений,09_key_not_verified,
G10_TB_§10_10_25_3,09_key_not_verified,автоматическая перепроверка ключа + ручная проверка расхождений,09_key_not_verified,
G10_TB_§10_10_25_4,09_key_not_verified,автоматическая перепроверка ключа + ручная проверка расхождений,09_key_not_verified,
G10_TB_§10_10_26_1,09_key_not_verified,автоматическая перепроверка ключа + ручная проверка расхождений,09_key_not_verified,
G10_TB_§10_10_26_2,09_key_not_verified,автоматическая перепроверка ключа + ручная проверка расхождений,09_key_not_verified,
G10_TB_§10_10_26_3,09_key_not_verified,автоматическая перепроверка ключа + ручная проверка расхождений,09_key_not_verified,
G10_TB_§10_10_26_4,09_key_not_verified,автоматическая перепроверка ключа + ручная проверка расхождений,09_key_not_verified,
G10_TB_§10_10_2_4,11_open_input_no_options,да/нет показывать двумя вариантами (код),11_open_input_no_options,
G10_TB_§10_10_7_3,09_key_not_verified,автоматическая перепроверка ключа + ручная проверка расхождений,09_key_not_verified,
G10_TB_§10_10_9_2,09_key_not_verified,автоматическая перепроверка ключа + ручная проверка расхождений,09_key_not_verified,
G10_TB_§10_10_9_6,09_key_not_verified,автоматическая перепроверка ключа + ручная проверка расхождений,09_key_not_verified,
G10_TB_§10_9_52_2,09_key_not_verified,автоматическая перепроверка ключа + ручная проверка расхождений,09_key_not_verified,
G10_TB_§10_9_53_5,12_extra_copy_of_identical_task,отключить лишнюю копию (оставить одну),12_extra_copy_of_identical_task,
G10_TB_§11_11_10_1,09_key_not_verified,автоматическая перепроверка ключа + ручная проверка расхождений,09_key_not_verified;10_latex_meaning_differs,
G10_TB_§11_11_10_5,09_key_not_verified,автоматическая перепроверка ключа + ручная проверка расхождений,09_key_not_verified,
G10_TB_§11_11_2_5,09_key_not_verified,автоматическая перепроверка ключа + ручная проверка расхождений,09_key_not_verified,
G10_TB_§11_11_2_6,09_key_not_verified,автоматическая перепроверка ключа + ручная проверка расхождений,09_key_not_verified;10_latex_meaning_differs,
G10_TB_§11_11_3_3,09_key_not_verified,автоматическая перепроверка ключа + ручная проверка расхождений,09_key_not_verified,
G10_TB_§11_11_4_4,09_key_not_verified,автоматическая перепроверка ключа + ручная проверка расхождений,09_key_not_verified,
G10_TB_§11_11_6_8,09_key_not_verified,автоматическая перепроверка ключа + ручная проверка расхождений,09_key_not_verified,
G10_TB_§11_11_8_1,09_key_not_verified,автоматическая перепроверка ключа + ручная проверка расхождений,09_key_not_verified,
G10_TB_§11_11_8_2,09_key_not_verified,автоматическая перепроверка ключа + ручная проверка расхождений,09_key_not_verified,
G10_TB_§11_11_9_2,09_key_not_verified,автоматическая перепроверка ключа + ручная проверка расхождений,09_key_not_verified,
G10_TB_§11_2,09_key_not_verified,автоматическая перепроверка ключа + ручная проверка расхождений,09_key_not_verified,
G10_TB_§11_3,09_key_not_verified,автоматическая перепроверка ключа + ручная проверка расхождений,09_key_not_verified,
G10_TB_§12_11_22_1,09_key_not_verified,автоматическая перепроверка ключа + ручная проверка расхождений,09_key_not_verified,
G10_TB_§12_11_22_2,09_key_not_verified,автоматическая перепроверка ключа + ручная проверка расхождений,09_key_not_verified,
G10_TB_§12_12_1_7,09_key_not_verified,автоматическая перепроверка ключа + ручная проверка расхождений,09_key_not_verified,
G10_TB_§12_12_3_1,09_key_not_verified,автоматическая перепроверка ключа + ручная проверка расхождений,09_key_not_verified,
G10_TB_§12_12_3_4,09_key_not_verified,автоматическая перепроверка ключа + ручная проверка расхождений,09_key_not_verified,
G10_TB_§12_12_4_1,09_key_not_verified,автоматическая перепроверка ключа + ручная проверка расхождений,09_key_not_verified,
G10_TB_§12_12_4_2,07_duplicate_question_conflicting_key,"сравнить копии, оставить верную, остальные отключить",07_duplicate_question_conflicting_key;09_key_not_verified,
G10_TB_§12_12_5_1,09_key_not_verified,автоматическая перепроверка ключа + ручная проверка расхождений,09_key_not_verified,
G10_TB_§13_13_2_1,10_latex_meaning_differs,проверить до переключения показа на question_latex,10_latex_meaning_differs,
G10_TB_§13_13_2_3,09_key_not_verified,автоматическая перепроверка ключа + ручная проверка расхождений,09_key_not_verified,
G10_TB_§13_13_2_4,09_key_not_verified,автоматическая перепроверка ключа + ручная проверка расхождений,09_key_not_verified,
G10_TB_§13_13_2_5,09_key_not_verified,автоматическая перепроверка ключа + ручная проверка расхождений,09_key_not_verified;10_latex_meaning_differs,
G10_TB_§13_13_2_6,09_key_not_verified,автоматическая перепроверка ключа + ручная проверка расхождений,09_key_not_verified,
G10_TB_§13_13_3_1,09_key_not_verified,автоматическая перепроверка ключа + ручная проверка расхождений,09_key_not_verified,
G10_TB_§13_13_3_2,10_latex_meaning_differs,проверить до переключения показа на question_latex,10_latex_meaning_differs,
G10_TB_§13_13_3_3,09_key_not_verified,автоматическая перепроверка ключа + ручная проверка расхождений,09_key_not_verified,
G10_TB_§13_13_4_1,09_key_not_verified,автоматическая перепроверка ключа + ручная проверка расхождений,09_key_not_verified,
G10_TB_§13_13_4_2,09_key_not_verified,автоматическая перепроверка ключа + ручная проверка расхождений,09_key_not_verified,
G10_TB_§13_13_4_3,09_key_not_verified,автоматическая перепроверка ключа + ручная проверка расхождений,09_key_not_verified,
G10_TB_§13_13_4_4,09_key_not_verified,автоматическая перепроверка ключа + ручная проверка расхождений,09_key_not_verified,
G10_TB_§13_13_4_5,09_key_not_verified,автоматическая перепроверка ключа + ручная проверка расхождений,09_key_not_verified,
G10_TB_§13_13_4_6,09_key_not_verified,автоматическая перепроверка ключа + ручная проверка расхождений,09_key_not_verified,
G10_TB_§13_13_5_1,09_key_not_verified,автоматическая перепроверка ключа + ручная проверка расхождений,09_key_not_verified,
G10_TB_§14_14_17,09_key_not_verified,автоматическая перепроверка ключа + ручная проверка расхождений,09_key_not_verified,
G10_TB_§14_14_1_2,09_key_not_verified,автоматическая перепроверка ключа + ручная проверка расхождений,09_key_not_verified,
G10_TB_§14_14_21,09_key_not_verified,автоматическая перепроверка ключа + ручная проверка расхождений,09_key_not_verified,
G10_TB_§14_14_23,09_key_not_verified,автоматическая перепроверка ключа + ручная проверка расхождений,09_key_not_verified,
G10_TB_§14_14_27,09_key_not_verified,автоматическая перепроверка ключа + ручная проверка расхождений,09_key_not_verified,
G10_TB_§14_14_29,09_key_not_verified,автоматическая перепроверка ключа + ручная проверка расхождений,09_key_not_verified,
G10_TB_§14_14_31,09_key_not_verified,автоматическая перепроверка ключа + ручная проверка расхождений,09_key_not_verified,
G10_TB_§14_14_32,09_key_not_verified,автоматическая перепроверка ключа + ручная проверка расхождений,09_key_not_verified,
G10_TB_§14_14_33,09_key_not_verified,автоматическая перепроверка ключа + ручная проверка расхождений,09_key_not_verified,
G10_TB_§14_14_34,09_key_not_verified,автоматическая перепроверка ключа + ручная проверка расхождений,09_key_not_verified,
G10_TB_§14_14_35,02_pipeline_flagged_invalid,проверить вручную: исправить или отключить,02_pipeline_flagged_invalid;09_key_not_verified,
G10_TB_§14_14_36,09_key_not_verified,автоматическая перепроверка ключа + ручная проверка расхождений,09_key_not_verified,
G10_TB_§14_14_39,09_key_not_verified,автоматическая перепроверка ключа + ручная проверка расхождений,09_key_not_verified,
G10_TB_§14_14_40,09_key_not_verified,автоматическая перепроверка ключа + ручная проверка расхождений,09_key_not_verified,
G10_TB_§14_14_41,02_pipeline_flagged_invalid,проверить вручную: исправить или отключить,02_pipeline_flagged_invalid;09_key_not_verified,
G10_TB_§14_14_8,10_latex_meaning_differs,проверить до переключения показа на question_latex,10_latex_meaning_differs,
G10_TB_§15_14_18_1,09_key_not_verified,автоматическая перепроверка ключа + ручная проверка расхождений,09_key_not_verified,
G10_TB_§15_14_18_3,09_key_not_verified,автоматическая перепроверка ключа + ручная проверка расхождений,09_key_not_verified,
G10_TB_§15_14_20_1,05_answer_radical_scope,проверить область корня в ключе и исправить,05_answer_radical_scope,
G10_TB_§15_14_22_1,09_key_not_verified,автоматическая перепроверка ключа + ручная проверка расхождений,09_key_not_verified,
G10_TB_§15_14_22_2,09_key_not_verified,автоматическая перепроверка ключа + ручная проверка расхождений,09_key_not_verified,
G10_TB_§15_15_1_7,09_key_not_verified,автоматическая перепроверка ключа + ручная проверка расхождений,09_key_not_verified,
G10_TB_§15_15_1_8,09_key_not_verified,автоматическая перепроверка ключа + ручная проверка расхождений,09_key_not_verified,
G10_TB_§15_15_2_4,05_answer_radical_scope,проверить область корня в ключе и исправить,05_answer_radical_scope;09_key_not_verified,
G10_TB_§15_15_2_5,09_key_not_verified,автоматическая перепроверка ключа + ручная проверка расхождений,09_key_not_verified,
G10_TB_§15_15_2_6,09_key_not_verified,автоматическая перепроверка ключа + ручная проверка расхождений,09_key_not_verified,
G10_TB_§15_15_3_1,05_answer_radical_scope,проверить область корня в ключе и исправить,05_answer_radical_scope,
G10_TB_§15_15_3_2,05_answer_radical_scope,проверить область корня в ключе и исправить,05_answer_radical_scope,
G10_TB_§15_15_5_1,09_key_not_verified,автоматическая перепроверка ключа + ручная проверка расхождений,09_key_not_verified;11_open_input_no_options,
G10_TB_§15_15_5_2,09_key_not_verified,автоматическая перепроверка ключа + ручная проверка расхождений,09_key_not_verified;11_open_input_no_options,
G10_TB_§15_15_5_3,09_key_not_verified,автоматическая перепроверка ключа + ручная проверка расхождений,09_key_not_verified;11_open_input_no_options,
G10_TB_§15_15_5_4,09_key_not_verified,автоматическая перепроверка ключа + ручная проверка расхождений,09_key_not_verified;11_open_input_no_options,
G10_TB_§15_15_5_5,11_open_input_no_options,да/нет показывать двумя вариантами (код),11_open_input_no_options,
G10_TB_§15_15_5_6,11_open_input_no_options,да/нет показывать двумя вариантами (код),11_open_input_no_options,
G10_TB_§15_15_6_1,11_open_input_no_options,да/нет показывать двумя вариантами (код),11_open_input_no_options,
G10_TB_§15_15_6_2,09_key_not_verified,автоматическая перепроверка ключа + ручная проверка расхождений,09_key_not_verified;11_open_input_no_options,
G10_TB_§15_15_6_4,11_open_input_no_options,да/нет показывать двумя вариантами (код),11_open_input_no_options,
G10_TB_§15_6,06_correct_lookalike_graded_wrong,исправляется кодом диагностики (оценка по выбранному варианту),06_correct_lookalike_graded_wrong,
G10_TB_§16_15_19_1,09_key_not_verified,автоматическая перепроверка ключа + ручная проверка расхождений,09_key_not_verified,
G10_TB_§16_15_20,03_proof_task,отключить в диагностике/экзаменах (автоматически не проверяется),03_proof_task,
G10_TB_§16_15_21,03_proof_task,отключить в диагностике/экзаменах (автоматически не проверяется),03_proof_task,
G10_TB_§16_15_23_1,09_key_not_verified,автоматическая перепроверка ключа + ручная проверка расхождений,09_key_not_verified,
G10_TB_§16_15_23_2,09_key_not_verified,автоматическая перепроверка ключа + ручная проверка расхождений,09_key_not_verified,
G10_TB_§16_16_2_1,11_open_input_no_options,да/нет показывать двумя вариантами (код),11_open_input_no_options,
G10_TB_§16_16_2_5,11_open_input_no_options,да/нет показывать двумя вариантами (код),11_open_input_no_options,
G10_TB_§16_16_2_6,11_open_input_no_options,да/нет показывать двумя вариантами (код),11_open_input_no_options,
G10_TB_§16_16_2_9,11_open_input_no_options,да/нет показывать двумя вариантами (код),11_open_input_no_options,
G10_TB_§16_16_5_1,09_key_not_verified,автоматическая перепроверка ключа + ручная проверка расхождений,09_key_not_verified,
G10_TB_§16_16_5_2,09_key_not_verified,автоматическая перепроверка ключа + ручная проверка расхождений,09_key_not_verified,
G10_TB_§16_16_6_3,09_key_not_verified,автоматическая перепроверка ключа + ручная проверка расхождений,09_key_not_verified,
G10_TB_§16_16_7_2,09_key_not_verified,автоматическая перепроверка ключа + ручная проверка расхождений,09_key_not_verified,
G10_TB_§16_16_7_3,09_key_not_verified,автоматическая перепроверка ключа + ручная проверка расхождений,09_key_not_verified,
G10_TB_§17_16_18_1,12_extra_copy_of_identical_task,отключить лишнюю копию (оставить одну),12_extra_copy_of_identical_task,
G10_TB_§17_16_18_2,12_extra_copy_of_identical_task,отключить лишнюю копию (оставить одну),12_extra_copy_of_identical_task,
G10_TB_§17_16_19_2,09_key_not_verified,автоматическая перепроверка ключа + ручная проверка расхождений,09_key_not_verified,
G10_TB_§17_17_1_5,09_key_not_verified,автоматическая перепроверка ключа + ручная проверка расхождений,09_key_not_verified,
G10_TB_§17_17_1_7,09_key_not_verified,автоматическая перепроверка ключа + ручная проверка расхождений,09_key_not_verified,
G10_TB_§17_17_2_2,09_key_not_verified,автоматическая перепроверка ключа + ручная проверка расхождений,09_key_not_verified,
G10_TB_§17_17_2_9,05_answer_radical_scope,проверить область корня в ключе и исправить,05_answer_radical_scope;09_key_not_verified,
G10_TB_§18_17_5_1,03_proof_task,отключить в диагностике/экзаменах (автоматически не проверяется),03_proof_task,
G10_TB_§18_17_5_2,03_proof_task,отключить в диагностике/экзаменах (автоматически не проверяется),03_proof_task,
G10_TB_§18_17_5_3,03_proof_task,отключить в диагностике/экзаменах (автоматически не проверяется),03_proof_task,
G10_TB_§18_17_5_4,03_proof_task,отключить в диагностике/экзаменах (автоматически не проверяется),03_proof_task,
G10_TB_§18_17_6,03_proof_task,отключить в диагностике/экзаменах (автоматически не проверяется),03_proof_task,
G10_TB_§18_17_7,03_proof_task,отключить в диагностике/экзаменах (автоматически не проверяется),03_proof_task,
G10_TB_§18_17_8,03_proof_task,отключить в диагностике/экзаменах (автоматически не проверяется),03_proof_task,
G10_TB_§18_17_9_1,09_key_not_verified,автоматическая перепроверка ключа + ручная проверка расхождений,09_key_not_verified,
G10_TB_§18_17_9_2,09_key_not_verified,автоматическая перепроверка ключа + ручная проверка расхождений,09_key_not_verified,
G10_TB_§18_17_9_3,09_key_not_verified,автоматическая перепроверка ключа + ручная проверка расхождений,09_key_not_verified,
G10_TB_§18_17_9_4,09_key_not_verified,автоматическая перепроверка ключа + ручная проверка расхождений,09_key_not_verified,
G10_TB_§18_18_12_1,09_key_not_verified,автоматическая перепроверка ключа + ручная проверка расхождений,09_key_not_verified;11_open_input_no_options,
G10_TB_§18_18_12_2,09_key_not_verified,автоматическая перепроверка ключа + ручная проверка расхождений,09_key_not_verified;11_open_input_no_options,
G10_TB_§18_18_1_1,09_key_not_verified,автоматическая перепроверка ключа + ручная проверка расхождений,09_key_not_verified;11_open_input_no_options,
G10_TB_§18_18_1_2,11_open_input_no_options,да/нет показывать двумя вариантами (код),11_open_input_no_options,
G10_TB_§18_18_1_3,11_open_input_no_options,да/нет показывать двумя вариантами (код),11_open_input_no_options,
G10_TB_§18_18_2_1,11_open_input_no_options,да/нет показывать двумя вариантами (код),11_open_input_no_options,
G10_TB_§18_18_2_2,11_open_input_no_options,да/нет показывать двумя вариантами (код),11_open_input_no_options,
G10_TB_§18_18_2_3,11_open_input_no_options,да/нет показывать двумя вариантами (код),11_open_input_no_options,
G10_TB_§18_18_3_1,09_key_not_verified,автоматическая перепроверка ключа + ручная проверка расхождений,09_key_not_verified,
G10_TB_§18_18_3_3,09_key_not_verified,автоматическая перепроверка ключа + ручная проверка расхождений,09_key_not_verified,
G10_TB_§18_18_4_1,09_key_not_verified,автоматическая перепроверка ключа + ручная проверка расхождений,09_key_not_verified,
G10_TB_§18_18_4_2,09_key_not_verified,автоматическая перепроверка ключа + ручная проверка расхождений,09_key_not_verified,
G10_TB_§18_18_4_3,09_key_not_verified,автоматическая перепроверка ключа + ручная проверка расхождений,09_key_not_verified,
G10_TB_§18_18_5,09_key_not_verified,автоматическая перепроверка ключа + ручная проверка расхождений,09_key_not_verified,
G10_TB_§18_18_6,09_key_not_verified,автоматическая перепроверка ключа + ручная проверка расхождений,09_key_not_verified,
G10_TB_§18_18_7,09_key_not_verified,автоматическая перепроверка ключа + ручная проверка расхождений,09_key_not_verified,
G10_TB_§18_18_8,09_key_not_verified,автоматическая перепроверка ключа + ручная проверка расхождений,09_key_not_verified,
G10_TB_§18_18_9_3,09_key_not_verified,автоматическая перепроверка ключа + ручная проверка расхождений,09_key_not_verified,
G10_TB_§19_18_22_1,09_key_not_verified,автоматическая перепроверка ключа + ручная проверка расхождений,09_key_not_verified,
G10_TB_§19_19_2_2,11_open_input_no_options,да/нет показывать двумя вариантами (код),11_open_input_no_options,
G10_TB_§19_19_2_3,11_open_input_no_options,да/нет показывать двумя вариантами (код),11_open_input_no_options,
G10_TB_§19_19_3_2,09_key_not_verified,автоматическая перепроверка ключа + ручная проверка расхождений,09_key_not_verified,
G10_TB_§19_19_4_2,09_key_not_verified,автоматическая перепроверка ключа + ручная проверка расхождений,09_key_not_verified,
G10_TB_§19_19_6_1,09_key_not_verified,автоматическая перепроверка ключа + ручная проверка расхождений,09_key_not_verified,
G10_TB_§19_19_6_5,09_key_not_verified,автоматическая перепроверка ключа + ручная проверка расхождений,09_key_not_verified,
G10_TB_§19_19_9_1,09_key_not_verified,автоматическая перепроверка ключа + ручная проверка расхождений,09_key_not_verified;11_open_input_no_options,
G10_TB_§19_19_9_2,09_key_not_verified,автоматическая перепроверка ключа + ручная проверка расхождений,09_key_not_verified;10_latex_meaning_differs;11_open_input_no_options,
G10_TB_§19_19_9_3,09_key_not_verified,автоматическая перепроверка ключа + ручная проверка расхождений,09_key_not_verified;10_latex_meaning_differs;11_open_input_no_options,
G10_TB_§1_1_25,09_key_not_verified,автоматическая перепроверка ключа + ручная проверка расхождений,09_key_not_verified,
G10_TB_§1_1_39_6,09_key_not_verified,автоматическая перепроверка ключа + ручная проверка расхождений,09_key_not_verified,
G10_TB_§1_1_41_4,09_key_not_verified,автоматическая перепроверка ключа + ручная проверка расхождений,09_key_not_verified,
G10_TB_§1_1_41_5,09_key_not_verified,автоматическая перепроверка ключа + ручная проверка расхождений,09_key_not_verified,
G10_TB_§1_1_41_6,09_key_not_verified,автоматическая перепроверка ключа + ручная проверка расхождений,09_key_not_verified,
G10_TB_§1_1_42_1,09_key_not_verified,автоматическая перепроверка ключа + ручная проверка расхождений,09_key_not_verified,
G10_TB_§1_1_42_2,09_key_not_verified,автоматическая перепроверка ключа + ручная проверка расхождений,09_key_not_verified,
G10_TB_§1_1_42_4,09_key_not_verified,автоматическая перепроверка ключа + ручная проверка расхождений,09_key_not_verified,
G10_TB_§1_1_43_1,09_key_not_verified,автоматическая перепроверка ключа + ручная проверка расхождений,09_key_not_verified;11_open_input_no_options,
G10_TB_§1_1_43_2,11_open_input_no_options,да/нет показывать двумя вариантами (код),11_open_input_no_options,
G10_TB_§1_1_4_1,11_open_input_no_options,да/нет показывать двумя вариантами (код),11_open_input_no_options,
G10_TB_§1_1_4_2,11_open_input_no_options,да/нет показывать двумя вариантами (код),11_open_input_no_options,
G10_TB_§1_1_4_3,11_open_input_no_options,да/нет показывать двумя вариантами (код),11_open_input_no_options,
G10_TB_§1_1_5,09_key_not_verified,автоматическая перепроверка ключа + ручная проверка расхождений,09_key_not_verified;11_open_input_no_options,
G10_TB_§1_1_6_1,11_open_input_no_options,да/нет показывать двумя вариантами (код),11_open_input_no_options,
G10_TB_§1_1_6_2,11_open_input_no_options,да/нет показывать двумя вариантами (код),11_open_input_no_options,
G10_TB_§1_1_6_3,11_open_input_no_options,да/нет показывать двумя вариантами (код),11_open_input_no_options,
G10_TB_§1_1_7_1,11_open_input_no_options,да/нет показывать двумя вариантами (код),11_open_input_no_options,
G10_TB_§1_1_7_3,11_open_input_no_options,да/нет показывать двумя вариантами (код),11_open_input_no_options,
G10_TB_§1_1_7_4,11_open_input_no_options,да/нет показывать двумя вариантами (код),11_open_input_no_options,
G10_TB_§1_1_9_1,09_key_not_verified,автоматическая перепроверка ключа + ручная проверка расхождений,09_key_not_verified,
G10_TB_§1_1_9_3,09_key_not_verified,автоматическая перепроверка ключа + ручная проверка расхождений,09_key_not_verified,
G10_TB_§20_20_1_7,09_key_not_verified,автоматическая перепроверка ключа + ручная проверка расхождений,09_key_not_verified,
G10_TB_§20_20_2_1,09_key_not_verified,автоматическая перепроверка ключа + ручная проверка расхождений,09_key_not_verified,
G10_TB_§20_20_2_4,09_key_not_verified,автоматическая перепроверка ключа + ручная проверка расхождений,09_key_not_verified,
G10_TB_§20_20_2_6,09_key_not_verified,автоматическая перепроверка ключа + ручная проверка расхождений,09_key_not_verified,
G10_TB_§20_20_2_8,09_key_not_verified,автоматическая перепроверка ключа + ручная проверка расхождений,09_key_not_verified,
G10_TB_§20_20_3_1,09_key_not_verified,автоматическая перепроверка ключа + ручная проверка расхождений,09_key_not_verified;11_open_input_no_options,
G10_TB_§20_20_3_2,09_key_not_verified,автоматическая перепроверка ключа + ручная проверка расхождений,09_key_not_verified;11_open_input_no_options,
G10_TB_§20_20_4_2,11_open_input_no_options,да/нет показывать двумя вариантами (код),11_open_input_no_options,
G10_TB_§20_20_5,09_key_not_verified,автоматическая перепроверка ключа + ручная проверка расхождений,09_key_not_verified;11_open_input_no_options,
G10_TB_§20_20_7_11,09_key_not_verified,автоматическая перепроверка ключа + ручная проверка расхождений,09_key_not_verified,
G10_TB_§20_20_7_4,09_key_not_verified,автоматическая перепроверка ключа + ручная проверка расхождений,09_key_not_verified,
G10_TB_§20_20_7_5,09_key_not_verified,автоматическая перепроверка ключа + ручная проверка расхождений,09_key_not_verified,
G10_TB_§20_20_7_6,09_key_not_verified,автоматическая перепроверка ключа + ручная проверка расхождений,09_key_not_verified,
G10_TB_§20_20_7_7,09_key_not_verified,автоматическая перепроверка ключа + ручная проверка расхождений,09_key_not_verified,
G10_TB_§20_20_8_1,09_key_not_verified,автоматическая перепроверка ключа + ручная проверка расхождений,09_key_not_verified,
G10_TB_§20_20_8_5,09_key_not_verified,автоматическая перепроверка ключа + ручная проверка расхождений,09_key_not_verified,
G10_TB_§21_20_24_1,09_key_not_verified,автоматическая перепроверка ключа + ручная проверка расхождений,09_key_not_verified,
G10_TB_§21_20_24_2,09_key_not_verified,автоматическая перепроверка ключа + ручная проверка расхождений,09_key_not_verified,
G10_TB_§21_21_10_1,03_proof_task,отключить в диагностике/экзаменах (автоматически не проверяется),03_proof_task,
G10_TB_§21_21_10_2,03_proof_task,отключить в диагностике/экзаменах (автоматически не проверяется),03_proof_task,
G10_TB_§21_21_17_1,09_key_not_verified,автоматическая перепроверка ключа + ручная проверка расхождений,09_key_not_verified,
G10_TB_§21_21_17_2,09_key_not_verified,автоматическая перепроверка ключа + ручная проверка расхождений,09_key_not_verified,
G10_TB_§21_21_17_3,09_key_not_verified,автоматическая перепроверка ключа + ручная проверка расхождений,09_key_not_verified,
G10_TB_§21_21_18_1,09_key_not_verified,автоматическая перепроверка ключа + ручная проверка расхождений,09_key_not_verified,
G10_TB_§21_21_18_2,09_key_not_verified,автоматическая перепроверка ключа + ручная проверка расхождений,09_key_not_verified,
G10_TB_§21_21_1_1,09_key_not_verified,автоматическая перепроверка ключа + ручная проверка расхождений,09_key_not_verified,
G10_TB_§21_21_1_2,09_key_not_verified,автоматическая перепроверка ключа + ручная проверка расхождений,09_key_not_verified,
G10_TB_§21_21_21_1,09_key_not_verified,автоматическая перепроверка ключа + ручная проверка расхождений,09_key_not_verified,
G10_TB_§21_21_21_2,09_key_not_verified,автоматическая перепроверка ключа + ручная проверка расхождений,09_key_not_verified,
G10_TB_§21_21_22_2,09_key_not_verified,автоматическая перепроверка ключа + ручная проверка расхождений,09_key_not_verified,
G10_TB_§21_21_2_1,09_key_not_verified,автоматическая перепроверка ключа + ручная проверка расхождений,09_key_not_verified,
G10_TB_§21_21_2_2,09_key_not_verified,автоматическая перепроверка ключа + ручная проверка расхождений,09_key_not_verified,
G10_TB_§21_21_3_1,09_key_not_verified,автоматическая перепроверка ключа + ручная проверка расхождений,09_key_not_verified,
G10_TB_§21_21_3_4,09_key_not_verified,автоматическая перепроверка ключа + ручная проверка расхождений,09_key_not_verified,
G10_TB_§21_21_3_5,09_key_not_verified,автоматическая перепроверка ключа + ручная проверка расхождений,09_key_not_verified,
G10_TB_§21_21_3_6,09_key_not_verified,автоматическая перепроверка ключа + ручная проверка расхождений,09_key_not_verified,
G10_TB_§21_21_3_8,09_key_not_verified,автоматическая перепроверка ключа + ручная проверка расхождений,09_key_not_verified,
G10_TB_§21_21_3_9,09_key_not_verified,автоматическая перепроверка ключа + ручная проверка расхождений,09_key_not_verified,
G10_TB_§21_21_4_1,09_key_not_verified,автоматическая перепроверка ключа + ручная проверка расхождений,09_key_not_verified,
G10_TB_§21_21_4_3,09_key_not_verified,автоматическая перепроверка ключа + ручная проверка расхождений,09_key_not_verified,
G10_TB_§21_21_4_4,09_key_not_verified,автоматическая перепроверка ключа + ручная проверка расхождений,09_key_not_verified,
G10_TB_§21_21_4_5,09_key_not_verified,автоматическая перепроверка ключа + ручная проверка расхождений,09_key_not_verified,
G10_TB_§21_21_4_6,09_key_not_verified,автоматическая перепроверка ключа + ручная проверка расхождений,09_key_not_verified,
G10_TB_§21_21_7_1,09_key_not_verified,автоматическая перепроверка ключа + ручная проверка расхождений,09_key_not_verified,
G10_TB_§21_21_7_3,09_key_not_verified,автоматическая перепроверка ключа + ручная проверка расхождений,09_key_not_verified,
G10_TB_§21_21_8_1,09_key_not_verified,автоматическая перепроверка ключа + ручная проверка расхождений,09_key_not_verified,
G10_TB_§21_21_8_2,09_key_not_verified,автоматическая перепроверка ключа + ручная проверка расхождений,09_key_not_verified,
G10_TB_§21_21_9_1,03_proof_task,отключить в диагностике/экзаменах (автоматически не проверяется),03_proof_task,
G10_TB_§21_21_9_2,03_proof_task,отключить в диагностике/экзаменах (автоматически не проверяется),03_proof_task,
G10_TB_§21_21_9_3,03_proof_task,отключить в диагностике/экзаменах (автоматически не проверяется),03_proof_task,
G10_TB_§21_21_9_4,03_proof_task,отключить в диагностике/экзаменах (автоматически не проверяется),03_proof_task,
G10_TB_§21_2_1,09_key_not_verified,автоматическая перепроверка ключа + ручная проверка расхождений,09_key_not_verified;10_latex_meaning_differs,
G10_TB_§21_2_2,09_key_not_verified,автоматическая перепроверка ключа + ручная проверка расхождений,09_key_not_verified,
G10_TB_§21_2_3,09_key_not_verified,автоматическая перепроверка ключа + ручная проверка расхождений,09_key_not_verified,
G10_TB_§21_2_4,09_key_not_verified,автоматическая перепроверка ключа + ручная проверка расхождений,09_key_not_verified,
G10_TB_§21_2_5,09_key_not_verified,автоматическая перепроверка ключа + ручная проверка расхождений,09_key_not_verified;10_latex_meaning_differs,
G10_TB_§21_2_6,09_key_not_verified,автоматическая перепроверка ключа + ручная проверка расхождений,09_key_not_verified;10_latex_meaning_differs,
G10_TB_§21_3,09_key_not_verified,автоматическая перепроверка ключа + ручная проверка расхождений,09_key_not_verified,
G10_TB_§22_21_30,09_key_not_verified,автоматическая перепроверка ключа + ручная проверка расхождений,09_key_not_verified,
G10_TB_§22_22_2_4,09_key_not_verified,автоматическая перепроверка ключа + ручная проверка расхождений,09_key_not_verified,
G10_TB_§22_22_3_3,09_key_not_verified,автоматическая перепроверка ключа + ручная проверка расхождений,09_key_not_verified,
G10_TB_§22_22_4_2,09_key_not_verified,автоматическая перепроверка ключа + ручная проверка расхождений,09_key_not_verified,
G10_TB_§22_22_4_3,09_key_not_verified,автоматическая перепроверка ключа + ручная проверка расхождений,09_key_not_verified,
G10_TB_§22_22_6_1,09_key_not_verified,автоматическая перепроверка ключа + ручная проверка расхождений,09_key_not_verified,
G10_TB_§22_22_7_1,09_key_not_verified,автоматическая перепроверка ключа + ручная проверка расхождений,09_key_not_verified,
G10_TB_§22_22_8_1,09_key_not_verified,автоматическая перепроверка ключа + ручная проверка расхождений,09_key_not_verified,
G10_TB_§22_22_8_2,09_key_not_verified,автоматическая перепроверка ключа + ручная проверка расхождений,09_key_not_verified,
G10_TB_§22_22_9_1,09_key_not_verified,автоматическая перепроверка ключа + ручная проверка расхождений,09_key_not_verified,
G10_TB_§22_22_9_2,09_key_not_verified,автоматическая перепроверка ключа + ручная проверка расхождений,09_key_not_verified,
G10_TB_§22_22_9_3,09_key_not_verified,автоматическая перепроверка ключа + ручная проверка расхождений,09_key_not_verified,
G10_TB_§22_22_9_4,09_key_not_verified,автоматическая перепроверка ключа + ручная проверка расхождений,09_key_not_verified,
G10_TB_§22_22_9_5,09_key_not_verified,автоматическая перепроверка ключа + ручная проверка расхождений,09_key_not_verified,
G10_TB_§22_22_9_6,09_key_not_verified,автоматическая перепроверка ключа + ручная проверка расхождений,09_key_not_verified,
G10_TB_§23_22_16_1,09_key_not_verified,автоматическая перепроверка ключа + ручная проверка расхождений,09_key_not_verified,
G10_TB_§23_22_16_2,09_key_not_verified,автоматическая перепроверка ключа + ручная проверка расхождений,09_key_not_verified,
G10_TB_§23_22_16_3,09_key_not_verified,автоматическая перепроверка ключа + ручная проверка расхождений,09_key_not_verified,
G10_TB_§23_23_1_6,09_key_not_verified,автоматическая перепроверка ключа + ручная проверка расхождений,09_key_not_verified,
G10_TB_§23_23_1_7,09_key_not_verified,автоматическая перепроверка ключа + ручная проверка расхождений,09_key_not_verified,
G10_TB_§23_23_1_8,09_key_not_verified,автоматическая перепроверка ключа + ручная проверка расхождений,09_key_not_verified,
G10_TB_§23_23_2_2,09_key_not_verified,автоматическая перепроверка ключа + ручная проверка расхождений,09_key_not_verified,
G10_TB_§23_23_2_3,09_key_not_verified,автоматическая перепроверка ключа + ручная проверка расхождений,09_key_not_verified,
G10_TB_§23_23_2_4,09_key_not_verified,автоматическая перепроверка ключа + ручная проверка расхождений,09_key_not_verified,
G10_TB_§23_23_3,09_key_not_verified,автоматическая перепроверка ключа + ручная проверка расхождений,09_key_not_verified,
G10_TB_§23_23_34_1,09_key_not_verified,автоматическая перепроверка ключа + ручная проверка расхождений,09_key_not_verified,
G10_TB_§23_23_34_3,09_key_not_verified,автоматическая перепроверка ключа + ручная проверка расхождений,09_key_not_verified,
G10_TB_§23_23_34_4,09_key_not_verified,автоматическая перепроверка ключа + ручная проверка расхождений,09_key_not_verified,
G10_TB_§23_23_35_1,03_proof_task,отключить в диагностике/экзаменах (автоматически не проверяется),03_proof_task,
G10_TB_§23_23_35_2,03_proof_task,отключить в диагностике/экзаменах (автоматически не проверяется),03_proof_task,
G10_TB_§23_23_35_3,03_proof_task,отключить в диагностике/экзаменах (автоматически не проверяется),03_proof_task,
G10_TB_§23_23_36_1,03_proof_task,отключить в диагностике/экзаменах (автоматически не проверяется),03_proof_task,
G10_TB_§23_23_36_2,03_proof_task,отключить в диагностике/экзаменах (автоматически не проверяется),03_proof_task,
G10_TB_§23_23_37,03_proof_task,отключить в диагностике/экзаменах (автоматически не проверяется),03_proof_task,
G10_TB_§23_23_39_1,09_key_not_verified,автоматическая перепроверка ключа + ручная проверка расхождений,09_key_not_verified,
G10_TB_§23_23_39_2,09_key_not_verified,автоматическая перепроверка ключа + ручная проверка расхождений,09_key_not_verified,
G10_TB_§23_23_39_3,09_key_not_verified,автоматическая перепроверка ключа + ручная проверка расхождений,09_key_not_verified,
G10_TB_§23_23_39_5,09_key_not_verified,автоматическая перепроверка ключа + ручная проверка расхождений,09_key_not_verified,
G10_TB_§23_23_39_6,09_key_not_verified,автоматическая перепроверка ключа + ручная проверка расхождений,09_key_not_verified,
G10_TB_§23_23_39_7,09_key_not_verified,автоматическая перепроверка ключа + ручная проверка расхождений,09_key_not_verified,
G10_TB_§23_23_3_10,09_key_not_verified,автоматическая перепроверка ключа + ручная проверка расхождений,09_key_not_verified,
G10_TB_§23_23_3_12,09_key_not_verified,автоматическая перепроверка ключа + ручная проверка расхождений,09_key_not_verified,
G10_TB_§23_23_3_7,09_key_not_verified,автоматическая перепроверка ключа + ручная проверка расхождений,09_key_not_verified,
G10_TB_§23_23_4_9,09_key_not_verified,автоматическая перепроверка ключа + ручная проверка расхождений,09_key_not_verified,
G10_TB_§23_23_5,09_key_not_verified,автоматическая перепроверка ключа + ручная проверка расхождений,09_key_not_verified,
G10_TB_§23_23_5_2,09_key_not_verified,автоматическая перепроверка ключа + ручная проверка расхождений,09_key_not_verified,
G10_TB_§23_23_5_3,09_key_not_verified,автоматическая перепроверка ключа + ручная проверка расхождений,09_key_not_verified,
G10_TB_§23_23_5_4,09_key_not_verified,автоматическая перепроверка ключа + ручная проверка расхождений,09_key_not_verified,
G10_TB_§23_23_5_5,09_key_not_verified,автоматическая перепроверка ключа + ручная проверка расхождений,09_key_not_verified,
G10_TB_§23_23_6,09_key_not_verified,автоматическая перепроверка ключа + ручная проверка расхождений,09_key_not_verified,
G10_TB_§23_23_6_1,09_key_not_verified,автоматическая перепроверка ключа + ручная проверка расхождений,09_key_not_verified,
G10_TB_§23_23_6_2,09_key_not_verified,автоматическая перепроверка ключа + ручная проверка расхождений,09_key_not_verified,
G10_TB_§24_24_10_1,03_proof_task,отключить в диагностике/экзаменах (автоматически не проверяется),03_proof_task,
G10_TB_§24_24_13_1,09_key_not_verified,автоматическая перепроверка ключа + ручная проверка расхождений,09_key_not_verified,
G10_TB_§24_24_13_2,09_key_not_verified,автоматическая перепроверка ключа + ручная проверка расхождений,09_key_not_verified,
G10_TB_§24_24_13_3,09_key_not_verified,автоматическая перепроверка ключа + ручная проверка расхождений,09_key_not_verified,
G10_TB_§24_24_13_4,09_key_not_verified,автоматическая перепроверка ключа + ручная проверка расхождений,09_key_not_verified,
G10_TB_§24_24_14,09_key_not_verified,автоматическая перепроверка ключа + ручная проверка расхождений,09_key_not_verified,
G10_TB_§24_24_1_1,09_key_not_verified,автоматическая перепроверка ключа + ручная проверка расхождений,09_key_not_verified,
G10_TB_§24_24_1_2,09_key_not_verified,автоматическая перепроверка ключа + ручная проверка расхождений,09_key_not_verified,
G10_TB_§24_24_1_3,09_key_not_verified,автоматическая перепроверка ключа + ручная проверка расхождений,09_key_not_verified,
G10_TB_§24_24_1_4,09_key_not_verified,автоматическая перепроверка ключа + ручная проверка расхождений,09_key_not_verified,
G10_TB_§24_24_1_5,09_key_not_verified,автоматическая перепроверка ключа + ручная проверка расхождений,09_key_not_verified,
G10_TB_§24_24_1_6,09_key_not_verified,автоматическая перепроверка ключа + ручная проверка расхождений,09_key_not_verified,
G10_TB_§24_24_1_7,09_key_not_verified,автоматическая перепроверка ключа + ручная проверка расхождений,09_key_not_verified,
G10_TB_§24_24_1_8,09_key_not_verified,автоматическая перепроверка ключа + ручная проверка расхождений,09_key_not_verified,
G10_TB_§24_24_2_1,09_key_not_verified,автоматическая перепроверка ключа + ручная проверка расхождений,09_key_not_verified,
G10_TB_§24_24_2_2,09_key_not_verified,автоматическая перепроверка ключа + ручная проверка расхождений,09_key_not_verified,
G10_TB_§24_24_2_4,09_key_not_verified,автоматическая перепроверка ключа + ручная проверка расхождений,09_key_not_verified,
G10_TB_§24_24_2_5,09_key_not_verified,автоматическая перепроверка ключа + ручная проверка расхождений,09_key_not_verified,
G10_TB_§24_24_2_6,09_key_not_verified,автоматическая перепроверка ключа + ручная проверка расхождений,09_key_not_verified,
G10_TB_§24_24_3_1,09_key_not_verified,автоматическая перепроверка ключа + ручная проверка расхождений,09_key_not_verified,
G10_TB_§24_24_3_2,09_key_not_verified,автоматическая перепроверка ключа + ручная проверка расхождений,09_key_not_verified,
G10_TB_§24_24_3_3,09_key_not_verified,автоматическая перепроверка ключа + ручная проверка расхождений,09_key_not_verified,
G10_TB_§24_24_4_1,09_key_not_verified,автоматическая перепроверка ключа + ручная проверка расхождений,09_key_not_verified,
G10_TB_§24_24_4_2,09_key_not_verified,автоматическая перепроверка ключа + ручная проверка расхождений,09_key_not_verified,
G10_TB_§24_24_4_3,09_key_not_verified,автоматическая перепроверка ключа + ручная проверка расхождений,09_key_not_verified,
G10_TB_§24_24_5_1,09_key_not_verified,автоматическая перепроверка ключа + ручная проверка расхождений,09_key_not_verified,
G10_TB_§24_24_5_2,09_key_not_verified,автоматическая перепроверка ключа + ручная проверка расхождений,09_key_not_verified,
G10_TB_§24_24_5_3,09_key_not_verified,автоматическая перепроверка ключа + ручная проверка расхождений,09_key_not_verified,
G10_TB_§24_24_6_1,09_key_not_verified,автоматическая перепроверка ключа + ручная проверка расхождений,09_key_not_verified,
G10_TB_§24_24_6_2,09_key_not_verified,автоматическая перепроверка ключа + ручная проверка расхождений,09_key_not_verified,
G10_TB_§24_24_6_3,09_key_not_verified,автоматическая перепроверка ключа + ручная проверка расхождений,09_key_not_verified,
G10_TB_§24_24_7_1,09_key_not_verified,автоматическая перепроверка ключа + ручная проверка расхождений,09_key_not_verified,
G10_TB_§24_24_7_2,09_key_not_verified,автоматическая перепроверка ключа + ручная проверка расхождений,09_key_not_verified,
G10_TB_§24_24_7_3,09_key_not_verified,автоматическая перепроверка ключа + ручная проверка расхождений,09_key_not_verified,
G10_TB_§24_24_8_1,09_key_not_verified,автоматическая перепроверка ключа + ручная проверка расхождений,09_key_not_verified,
G10_TB_§24_24_8_2,09_key_not_verified,автоматическая перепроверка ключа + ручная проверка расхождений,09_key_not_verified,
G10_TB_§24_24_8_3,09_key_not_verified,автоматическая перепроверка ключа + ручная проверка расхождений,09_key_not_verified,
G10_TB_§24_24_9_1,03_proof_task,отключить в диагностике/экзаменах (автоматически не проверяется),03_proof_task,
G10_TB_§24_24_9_2,03_proof_task,отключить в диагностике/экзаменах (автоматически не проверяется),03_proof_task,
G10_TB_§24_24_9_7,03_proof_task,отключить в диагностике/экзаменах (автоматически не проверяется),03_proof_task,
G10_TB_§25_25_1_1,09_key_not_verified,автоматическая перепроверка ключа + ручная проверка расхождений,09_key_not_verified,
G10_TB_§25_25_1_3,09_key_not_verified,автоматическая перепроверка ключа + ручная проверка расхождений,09_key_not_verified,
G10_TB_§25_25_1_4,09_key_not_verified,автоматическая перепроверка ключа + ручная проверка расхождений,09_key_not_verified,
G10_TB_§25_25_1_5,10_latex_meaning_differs,проверить до переключения показа на question_latex,10_latex_meaning_differs,
G10_TB_§25_25_1_6,09_key_not_verified,автоматическая перепроверка ключа + ручная проверка расхождений,09_key_not_verified,
G10_TB_§25_25_2_1,09_key_not_verified,автоматическая перепроверка ключа + ручная проверка расхождений,09_key_not_verified,
G10_TB_§25_25_2_2,09_key_not_verified,автоматическая перепроверка ключа + ручная проверка расхождений,09_key_not_verified,
G10_TB_§25_25_2_3,09_key_not_verified,автоматическая перепроверка ключа + ручная проверка расхождений,09_key_not_verified,
G10_TB_§25_25_2_4,09_key_not_verified,автоматическая перепроверка ключа + ручная проверка расхождений,09_key_not_verified,
G10_TB_§25_25_3_1,09_key_not_verified,автоматическая перепроверка ключа + ручная проверка расхождений,09_key_not_verified,
G10_TB_§25_25_3_3,09_key_not_verified,автоматическая перепроверка ключа + ручная проверка расхождений,09_key_not_verified,
G10_TB_§25_25_3_4,09_key_not_verified,автоматическая перепроверка ключа + ручная проверка расхождений,09_key_not_verified,
G10_TB_§25_25_4_2,09_key_not_verified,автоматическая перепроверка ключа + ручная проверка расхождений,09_key_not_verified,
G10_TB_§25_25_7_1,09_key_not_verified,автоматическая перепроверка ключа + ручная проверка расхождений,09_key_not_verified,
G10_TB_§25_25_7_2,09_key_not_verified,автоматическая перепроверка ключа + ручная проверка расхождений,09_key_not_verified,
G10_TB_§25_25_7_3,09_key_not_verified,автоматическая перепроверка ключа + ручная проверка расхождений,09_key_not_verified,
G10_TB_§25_25_8_2,09_key_not_verified,автоматическая перепроверка ключа + ручная проверка расхождений,09_key_not_verified,
G10_TB_§26_26_10,09_key_not_verified,автоматическая перепроверка ключа + ручная проверка расхождений,09_key_not_verified,
G10_TB_§26_26_1_1,09_key_not_verified,автоматическая перепроверка ключа + ручная проверка расхождений,09_key_not_verified,
G10_TB_§26_26_1_2,09_key_not_verified,автоматическая перепроверка ключа + ручная проверка расхождений,09_key_not_verified,
G10_TB_§26_26_1_5,12_extra_copy_of_identical_task,отключить лишнюю копию (оставить одну),12_extra_copy_of_identical_task,
G10_TB_§26_26_2_1,09_key_not_verified,автоматическая перепроверка ключа + ручная проверка расхождений,09_key_not_verified,
G10_TB_§26_26_2_2,09_key_not_verified,автоматическая перепроверка ключа + ручная проверка расхождений,09_key_not_verified,
G10_TB_§26_26_2_3,09_key_not_verified,автоматическая перепроверка ключа + ручная проверка расхождений,09_key_not_verified,
G10_TB_§26_26_3_1,09_key_not_verified,автоматическая перепроверка ключа + ручная проверка расхождений,09_key_not_verified,
G10_TB_§26_26_3_3,09_key_not_verified,автоматическая перепроверка ключа + ручная проверка расхождений,09_key_not_verified,
G10_TB_§26_26_3_4,09_key_not_verified,автоматическая перепроверка ключа + ручная проверка расхождений,09_key_not_verified,
G10_TB_§26_26_3_5,09_key_not_verified,автоматическая перепроверка ключа + ручная проверка расхождений,09_key_not_verified,
G10_TB_§26_26_4_1,09_key_not_verified,автоматическая перепроверка ключа + ручная проверка расхождений,09_key_not_verified,
G10_TB_§26_26_4_2,09_key_not_verified,автоматическая перепроверка ключа + ручная проверка расхождений,09_key_not_verified,
G10_TB_§26_26_4_3,09_key_not_verified,автоматическая перепроверка ключа + ручная проверка расхождений,09_key_not_verified,
G10_TB_§26_26_5_1,09_key_not_verified,автоматическая перепроверка ключа + ручная проверка расхождений,09_key_not_verified,
G10_TB_§26_26_5_2,09_key_not_verified,автоматическая перепроверка ключа + ручная проверка расхождений,09_key_not_verified,
G10_TB_§26_26_5_4,09_key_not_verified,автоматическая перепроверка ключа + ручная проверка расхождений,09_key_not_verified,
G10_TB_§26_26_6_1,09_key_not_verified,автоматическая перепроверка ключа + ручная проверка расхождений,09_key_not_verified,
G10_TB_§26_26_8,09_key_not_verified,автоматическая перепроверка ключа + ручная проверка расхождений,09_key_not_verified,
G10_TB_§26_26_9,09_key_not_verified,автоматическая перепроверка ключа + ручная проверка расхождений,09_key_not_verified,
G10_TB_§27_26_13_1,09_key_not_verified,автоматическая перепроверка ключа + ручная проверка расхождений,09_key_not_verified,
G10_TB_§27_26_14_1,09_key_not_verified,автоматическая перепроверка ключа + ручная проверка расхождений,09_key_not_verified,
G10_TB_§27_26_14_2,09_key_not_verified,автоматическая перепроверка ключа + ручная проверка расхождений,09_key_not_verified,
G10_TB_§27_27_10_1,09_key_not_verified,автоматическая перепроверка ключа + ручная проверка расхождений,09_key_not_verified,
G10_TB_§27_27_10_2,09_key_not_verified,автоматическая перепроверка ключа + ручная проверка расхождений,09_key_not_verified,
G10_TB_§27_27_1_2,09_key_not_verified,автоматическая перепроверка ключа + ручная проверка расхождений,09_key_not_verified,
G10_TB_§27_27_2_2,09_key_not_verified,автоматическая перепроверка ключа + ручная проверка расхождений,09_key_not_verified,
G10_TB_§27_27_3_1,09_key_not_verified,автоматическая перепроверка ключа + ручная проверка расхождений,09_key_not_verified,
G10_TB_§27_27_3_2,09_key_not_verified,автоматическая перепроверка ключа + ручная проверка расхождений,09_key_not_verified,
G10_TB_§27_27_3_3,09_key_not_verified,автоматическая перепроверка ключа + ручная проверка расхождений,09_key_not_verified,
G10_TB_§27_27_4_1,09_key_not_verified,автоматическая перепроверка ключа + ручная проверка расхождений,09_key_not_verified,
G10_TB_§27_27_4_2,09_key_not_verified,автоматическая перепроверка ключа + ручная проверка расхождений,09_key_not_verified,
G10_TB_§27_27_4_3,09_key_not_verified,автоматическая перепроверка ключа + ручная проверка расхождений,09_key_not_verified,
G10_TB_§27_27_5_1,09_key_not_verified,автоматическая перепроверка ключа + ручная проверка расхождений,09_key_not_verified,
G10_TB_§27_27_5_2,09_key_not_verified,автоматическая перепроверка ключа + ручная проверка расхождений,09_key_not_verified,
G10_TB_§27_27_5_4,09_key_not_verified,автоматическая перепроверка ключа + ручная проверка расхождений,09_key_not_verified,
G10_TB_§27_27_6_2,09_key_not_verified,автоматическая перепроверка ключа + ручная проверка расхождений,09_key_not_verified,
G10_TB_§27_27_7,09_key_not_verified,автоматическая перепроверка ключа + ручная проверка расхождений,09_key_not_verified,
G10_TB_§27_27_8,09_key_not_verified,автоматическая перепроверка ключа + ручная проверка расхождений,09_key_not_verified,
G10_TB_§27_27_9_1,09_key_not_verified,автоматическая перепроверка ключа + ручная проверка расхождений,09_key_not_verified,
G10_TB_§27_27_9_2,09_key_not_verified,автоматическая перепроверка ключа + ручная проверка расхождений,09_key_not_verified,
G10_TB_§28_27_12,09_key_not_verified,автоматическая перепроверка ключа + ручная проверка расхождений,09_key_not_verified,
G10_TB_§28_27_13,09_key_not_verified,автоматическая перепроверка ключа + ручная проверка расхождений,09_key_not_verified,
G10_TB_§28_27_14,09_key_not_verified,автоматическая перепроверка ключа + ручная проверка расхождений,09_key_not_verified,
G10_TB_§28_27_15_3,09_key_not_verified,автоматическая перепроверка ключа + ручная проверка расхождений,09_key_not_verified,
G10_TB_§28_28_10,09_key_not_verified,автоматическая перепроверка ключа + ручная проверка расхождений,09_key_not_verified,
G10_TB_§28_28_11_1,09_key_not_verified,автоматическая перепроверка ключа + ручная проверка расхождений,09_key_not_verified;11_open_input_no_options,
G10_TB_§28_28_11_2,09_key_not_verified,автоматическая перепроверка ключа + ручная проверка расхождений,09_key_not_verified;11_open_input_no_options,
G10_TB_§28_28_11_3,09_key_not_verified,автоматическая перепроверка ключа + ручная проверка расхождений,09_key_not_verified;11_open_input_no_options,
G10_TB_§28_28_11_4,11_open_input_no_options,да/нет показывать двумя вариантами (код),11_open_input_no_options,
G10_TB_§28_28_1_4,09_key_not_verified,автоматическая перепроверка ключа + ручная проверка расхождений,09_key_not_verified,
G10_TB_§28_28_3_1,09_key_not_verified,автоматическая перепроверка ключа + ручная проверка расхождений,09_key_not_verified,
G10_TB_§28_28_3_6,09_key_not_verified,автоматическая перепроверка ключа + ручная проверка расхождений,09_key_not_verified,
G10_TB_§28_28_4_1,09_key_not_verified,автоматическая перепроверка ключа + ручная проверка расхождений,09_key_not_verified,
G10_TB_§28_28_4_2,09_key_not_verified,автоматическая перепроверка ключа + ручная проверка расхождений,09_key_not_verified,
G10_TB_§28_28_5_3,09_key_not_verified,автоматическая перепроверка ключа + ручная проверка расхождений,09_key_not_verified,
G10_TB_§28_28_5_4,09_key_not_verified,автоматическая перепроверка ключа + ручная проверка расхождений,09_key_not_verified,
G10_TB_§28_28_6_1,09_key_not_verified,автоматическая перепроверка ключа + ручная проверка расхождений,09_key_not_verified,
G10_TB_§28_28_6_3,09_key_not_verified,автоматическая перепроверка ключа + ручная проверка расхождений,09_key_not_verified,
G10_TB_§28_28_8,09_key_not_verified,автоматическая перепроверка ключа + ручная проверка расхождений,09_key_not_verified,
G10_TB_§28_28_9,09_key_not_verified,автоматическая перепроверка ключа + ручная проверка расхождений,09_key_not_verified,
G10_TB_§29_28_12_1,09_key_not_verified,автоматическая перепроверка ключа + ручная проверка расхождений,09_key_not_verified,
G10_TB_§29_28_12_3,09_key_not_verified,автоматическая перепроверка ключа + ручная проверка расхождений,09_key_not_verified,
G10_TB_§29_29_13_2,09_key_not_verified,автоматическая перепроверка ключа + ручная проверка расхождений,09_key_not_verified,
G10_TB_§29_29_15_1,09_key_not_verified,автоматическая перепроверка ключа + ручная проверка расхождений,09_key_not_verified,
G10_TB_§29_29_15_2,09_key_not_verified,автоматическая перепроверка ключа + ручная проверка расхождений,09_key_not_verified,
G10_TB_§29_29_15_3,09_key_not_verified,автоматическая перепроверка ключа + ручная проверка расхождений,09_key_not_verified,
G10_TB_§29_29_1_1,09_key_not_verified,автоматическая перепроверка ключа + ручная проверка расхождений,09_key_not_verified;11_open_input_no_options,
G10_TB_§29_29_1_10,09_key_not_verified,автоматическая перепроверка ключа + ручная проверка расхождений,09_key_not_verified;11_open_input_no_options,
G10_TB_§29_29_1_11,09_key_not_verified,автоматическая перепроверка ключа + ручная проверка расхождений,09_key_not_verified;11_open_input_no_options,
G10_TB_§29_29_1_12,09_key_not_verified,автоматическая перепроверка ключа + ручная проверка расхождений,09_key_not_verified;11_open_input_no_options,
G10_TB_§29_29_1_2,09_key_not_verified,автоматическая перепроверка ключа + ручная проверка расхождений,09_key_not_verified;11_open_input_no_options,
G10_TB_§29_29_1_3,09_key_not_verified,автоматическая перепроверка ключа + ручная проверка расхождений,09_key_not_verified;11_open_input_no_options,
G10_TB_§29_29_1_4,09_key_not_verified,автоматическая перепроверка ключа + ручная проверка расхождений,09_key_not_verified;11_open_input_no_options,
G10_TB_§29_29_1_5,09_key_not_verified,автоматическая перепроверка ключа + ручная проверка расхождений,09_key_not_verified;11_open_input_no_options,
G10_TB_§29_29_1_6,09_key_not_verified,автоматическая перепроверка ключа + ручная проверка расхождений,09_key_not_verified;11_open_input_no_options,
G10_TB_§29_29_1_7,09_key_not_verified,автоматическая перепроверка ключа + ручная проверка расхождений,09_key_not_verified;11_open_input_no_options,
G10_TB_§29_29_1_9,09_key_not_verified,автоматическая перепроверка ключа + ручная проверка расхождений,09_key_not_verified;11_open_input_no_options,
G10_TB_§29_29_2_1,09_key_not_verified,автоматическая перепроверка ключа + ручная проверка расхождений,09_key_not_verified;11_open_input_no_options,
G10_TB_§29_29_2_11,09_key_not_verified,автоматическая перепроверка ключа + ручная проверка расхождений,09_key_not_verified;11_open_input_no_options,
G10_TB_§29_29_2_12,09_key_not_verified,автоматическая перепроверка ключа + ручная проверка расхождений,09_key_not_verified;11_open_input_no_options,
G10_TB_§29_29_2_2,09_key_not_verified,автоматическая перепроверка ключа + ручная проверка расхождений,09_key_not_verified;11_open_input_no_options,
G10_TB_§29_29_2_3,09_key_not_verified,автоматическая перепроверка ключа + ручная проверка расхождений,09_key_not_verified;11_open_input_no_options,
G10_TB_§29_29_2_4,09_key_not_verified,автоматическая перепроверка ключа + ручная проверка расхождений,09_key_not_verified;11_open_input_no_options,
G10_TB_§29_29_2_5,09_key_not_verified,автоматическая перепроверка ключа + ручная проверка расхождений,09_key_not_verified;11_open_input_no_options,
G10_TB_§29_29_2_6,09_key_not_verified,автоматическая перепроверка ключа + ручная проверка расхождений,09_key_not_verified;11_open_input_no_options,
G10_TB_§29_29_2_7,09_key_not_verified,автоматическая перепроверка ключа + ручная проверка расхождений,09_key_not_verified;11_open_input_no_options,
G10_TB_§29_29_2_8,09_key_not_verified,автоматическая перепроверка ключа + ручная проверка расхождений,09_key_not_verified;11_open_input_no_options,
G10_TB_§29_29_2_9,09_key_not_verified,автоматическая перепроверка ключа + ручная проверка расхождений,09_key_not_verified;11_open_input_no_options,
G10_TB_§29_29_3_3,09_key_not_verified,автоматическая перепроверка ключа + ручная проверка расхождений,09_key_not_verified,
G10_TB_§29_29_3_4,05_answer_radical_scope,проверить область корня в ключе и исправить,05_answer_radical_scope;09_key_not_verified,
G10_TB_§29_29_3_6,09_key_not_verified,автоматическая перепроверка ключа + ручная проверка расхождений,09_key_not_verified,
G10_TB_§29_29_4_2,09_key_not_verified,автоматическая перепроверка ключа + ручная проверка расхождений,09_key_not_verified,
G10_TB_§29_29_4_4,05_answer_radical_scope,проверить область корня в ключе и исправить,05_answer_radical_scope;09_key_not_verified;12_extra_copy_of_identical_task,
G10_TB_§29_29_7_1,09_key_not_verified,автоматическая перепроверка ключа + ручная проверка расхождений,09_key_not_verified,
G10_TB_§29_29_7_4,09_key_not_verified,автоматическая перепроверка ключа + ручная проверка расхождений,09_key_not_verified,
G10_TB_§29_29_7_5,09_key_not_verified,автоматическая перепроверка ключа + ручная проверка расхождений,09_key_not_verified,
G10_TB_§29_29_7_6,09_key_not_verified,автоматическая перепроверка ключа + ручная проверка расхождений,09_key_not_verified,
G10_TB_§29_29_8_3,09_key_not_verified,автоматическая перепроверка ключа + ручная проверка расхождений,09_key_not_verified,
G10_TB_§29_29_8_5,09_key_not_verified,автоматическая перепроверка ключа + ручная проверка расхождений,09_key_not_verified,
G10_TB_§2_2_11,09_key_not_verified,автоматическая перепроверка ключа + ручная проверка расхождений,09_key_not_verified,
G10_TB_§2_2_12,09_key_not_verified,автоматическая перепроверка ключа + ручная проверка расхождений,09_key_not_verified,
G10_TB_§30_30_10,09_key_not_verified,автоматическая перепроверка ключа + ручная проверка расхождений,09_key_not_verified,
G10_TB_§30_30_11,09_key_not_verified,автоматическая перепроверка ключа + ручная проверка расхождений,09_key_not_verified,
G10_TB_§30_30_12,09_key_not_verified,автоматическая перепроверка ключа + ручная проверка расхождений,09_key_not_verified,
G10_TB_§30_30_13_1,09_key_not_verified,автоматическая перепроверка ключа + ручная проверка расхождений,09_key_not_verified,
G10_TB_§30_30_13_2,09_key_not_verified,автоматическая перепроверка ключа + ручная проверка расхождений,09_key_not_verified,
G10_TB_§30_30_13_3,09_key_not_verified,автоматическая перепроверка ключа + ручная проверка расхождений,09_key_not_verified,
G10_TB_§30_30_13_4,09_key_not_verified,автоматическая перепроверка ключа + ручная проверка расхождений,09_key_not_verified,
G10_TB_§30_30_13_5,09_key_not_verified,автоматическая перепроверка ключа + ручная проверка расхождений,09_key_not_verified,
G10_TB_§30_30_14_1,09_key_not_verified,автоматическая перепроверка ключа + ручная проверка расхождений,09_key_not_verified,
G10_TB_§30_30_1_2,09_key_not_verified,автоматическая перепроверка ключа + ручная проверка расхождений,09_key_not_verified,
G10_TB_§30_30_1_6,09_key_not_verified,автоматическая перепроверка ключа + ручная проверка расхождений,09_key_not_verified,
G10_TB_§30_30_2_1,09_key_not_verified,автоматическая перепроверка ключа + ручная проверка расхождений,09_key_not_verified,
G10_TB_§30_30_2_2,09_key_not_verified,автоматическая перепроверка ключа + ручная проверка расхождений,09_key_not_verified,
G10_TB_§30_30_2_3,09_key_not_verified,автоматическая перепроверка ключа + ручная проверка расхождений,09_key_not_verified,
G10_TB_§30_30_2_4,09_key_not_verified,автоматическая перепроверка ключа + ручная проверка расхождений,09_key_not_verified,
G10_TB_§30_30_3_1,07_duplicate_question_conflicting_key,"сравнить копии, оставить верную, остальные отключить",07_duplicate_question_conflicting_key;09_key_not_verified,
G10_TB_§30_30_3_2,09_key_not_verified,автоматическая перепроверка ключа + ручная проверка расхождений,09_key_not_verified,
G10_TB_§30_30_3_7,09_key_not_verified,автоматическая перепроверка ключа + ручная проверка расхождений,09_key_not_verified,
G10_TB_§30_30_3_8,09_key_not_verified,автоматическая перепроверка ключа + ручная проверка расхождений,09_key_not_verified,
G10_TB_§30_30_4_1,09_key_not_verified,автоматическая перепроверка ключа + ручная проверка расхождений,09_key_not_verified,
G10_TB_§30_30_4_2,09_key_not_verified,автоматическая перепроверка ключа + ручная проверка расхождений,09_key_not_verified,
G10_TB_§30_30_5_1,09_key_not_verified,автоматическая перепроверка ключа + ручная проверка расхождений,09_key_not_verified,
G10_TB_§30_30_5_10,09_key_not_verified,автоматическая перепроверка ключа + ручная проверка расхождений,09_key_not_verified,
G10_TB_§30_30_5_11,09_key_not_verified,автоматическая перепроверка ключа + ручная проверка расхождений,09_key_not_verified,
G10_TB_§30_30_5_13,09_key_not_verified,автоматическая перепроверка ключа + ручная проверка расхождений,09_key_not_verified,
G10_TB_§30_30_5_14,09_key_not_verified,автоматическая перепроверка ключа + ручная проверка расхождений,09_key_not_verified,
G10_TB_§30_30_5_2,09_key_not_verified,автоматическая перепроверка ключа + ручная проверка расхождений,09_key_not_verified,
G10_TB_§30_30_5_3,09_key_not_verified,автоматическая перепроверка ключа + ручная проверка расхождений,09_key_not_verified,
G10_TB_§30_30_5_4,09_key_not_verified,автоматическая перепроверка ключа + ручная проверка расхождений,09_key_not_verified,
G10_TB_§30_30_5_5,09_key_not_verified,автоматическая перепроверка ключа + ручная проверка расхождений,09_key_not_verified,
G10_TB_§30_30_5_6,09_key_not_verified,автоматическая перепроверка ключа + ручная проверка расхождений,09_key_not_verified,
G10_TB_§30_30_5_8,09_key_not_verified,автоматическая перепроверка ключа + ручная проверка расхождений,09_key_not_verified,
G10_TB_§30_30_5_9,09_key_not_verified,автоматическая перепроверка ключа + ручная проверка расхождений,09_key_not_verified,
G10_TB_§30_30_6_10,09_key_not_verified,автоматическая перепроверка ключа + ручная проверка расхождений,09_key_not_verified,
G10_TB_§30_30_6_2,09_key_not_verified,автоматическая перепроверка ключа + ручная проверка расхождений,09_key_not_verified,
G10_TB_§30_30_6_3,09_key_not_verified,автоматическая перепроверка ключа + ручная проверка расхождений,09_key_not_verified,
G10_TB_§30_30_6_4,09_key_not_verified,автоматическая перепроверка ключа + ручная проверка расхождений,09_key_not_verified,
G10_TB_§30_30_6_6,09_key_not_verified,автоматическая перепроверка ключа + ручная проверка расхождений,09_key_not_verified,
G10_TB_§30_30_6_9,09_key_not_verified,автоматическая перепроверка ключа + ручная проверка расхождений,09_key_not_verified,
G10_TB_§30_30_7_1,09_key_not_verified,автоматическая перепроверка ключа + ручная проверка расхождений,09_key_not_verified,
G10_TB_§30_30_7_3,09_key_not_verified,автоматическая перепроверка ключа + ручная проверка расхождений,09_key_not_verified,
G10_TB_§30_30_7_4,09_key_not_verified,автоматическая перепроверка ключа + ручная проверка расхождений,09_key_not_verified,
G10_TB_§30_30_7_5,09_key_not_verified,автоматическая перепроверка ключа + ручная проверка расхождений,09_key_not_verified,
G10_TB_§30_30_7_6,09_key_not_verified,автоматическая перепроверка ключа + ручная проверка расхождений,09_key_not_verified,
G10_TB_§30_30_7_7,09_key_not_verified,автоматическая перепроверка ключа + ручная проверка расхождений,09_key_not_verified,
G10_TB_§30_30_7_8,09_key_not_verified,автоматическая перепроверка ключа + ручная проверка расхождений,09_key_not_verified,
G10_TB_§30_30_8_2,09_key_not_verified,автоматическая перепроверка ключа + ручная проверка расхождений,09_key_not_verified,
G10_TB_§30_30_8_3,09_key_not_verified,автоматическая перепроверка ключа + ручная проверка расхождений,09_key_not_verified,
G10_TB_§30_30_8_4,09_key_not_verified,автоматическая перепроверка ключа + ручная проверка расхождений,09_key_not_verified,
G10_TB_§30_30_8_5,09_key_not_verified,автоматическая перепроверка ключа + ручная проверка расхождений,09_key_not_verified,
G10_TB_§30_30_8_6,09_key_not_verified,автоматическая перепроверка ключа + ручная проверка расхождений,09_key_not_verified,
G10_TB_§30_30_9,09_key_not_verified,автоматическая перепроверка ключа + ручная проверка расхождений,09_key_not_verified,
G10_TB_§31_31_10,09_key_not_verified,автоматическая перепроверка ключа + ручная проверка расхождений,09_key_not_verified,
G10_TB_§31_31_5_1,09_key_not_verified,автоматическая перепроверка ключа + ручная проверка расхождений,09_key_not_verified,
G10_TB_§31_31_5_10,09_key_not_verified,автоматическая перепроверка ключа + ручная проверка расхождений,09_key_not_verified,
G10_TB_§31_31_5_2,02_pipeline_flagged_invalid,проверить вручную: исправить или отключить,02_pipeline_flagged_invalid;09_key_not_verified,
G10_TB_§31_31_5_3,09_key_not_verified,автоматическая перепроверка ключа + ручная проверка расхождений,09_key_not_verified,
G10_TB_§31_31_5_4,09_key_not_verified,автоматическая перепроверка ключа + ручная проверка расхождений,09_key_not_verified,
G10_TB_§31_31_5_5,09_key_not_verified,автоматическая перепроверка ключа + ручная проверка расхождений,09_key_not_verified,
G10_TB_§31_31_5_6,09_key_not_verified,автоматическая перепроверка ключа + ручная проверка расхождений,09_key_not_verified,
G10_TB_§31_31_5_7,09_key_not_verified,автоматическая перепроверка ключа + ручная проверка расхождений,09_key_not_verified,
G10_TB_§31_31_5_9,07_duplicate_question_conflicting_key,"сравнить копии, оставить верную, остальные отключить",07_duplicate_question_conflicting_key;09_key_not_verified,
G10_TB_§31_31_6_2,09_key_not_verified,автоматическая перепроверка ключа + ручная проверка расхождений,09_key_not_verified,
G10_TB_§31_31_6_3,02_pipeline_flagged_invalid,проверить вручную: исправить или отключить,02_pipeline_flagged_invalid;09_key_not_verified,
G10_TB_§31_31_6_4,09_key_not_verified,автоматическая перепроверка ключа + ручная проверка расхождений,09_key_not_verified,
G10_TB_§31_31_6_5,09_key_not_verified,автоматическая перепроверка ключа + ручная проверка расхождений,09_key_not_verified,
G10_TB_§31_31_6_6,09_key_not_verified,автоматическая перепроверка ключа + ручная проверка расхождений,09_key_not_verified;12_extra_copy_of_identical_task,
G10_TB_§31_31_6_7,09_key_not_verified,автоматическая перепроверка ключа + ручная проверка расхождений,09_key_not_verified,
G10_TB_§31_31_7_1,09_key_not_verified,автоматическая перепроверка ключа + ручная проверка расхождений,09_key_not_verified,
G10_TB_§31_31_7_2,09_key_not_verified,автоматическая перепроверка ключа + ручная проверка расхождений,09_key_not_verified,
G10_TB_§31_31_7_3,09_key_not_verified,автоматическая перепроверка ключа + ручная проверка расхождений,09_key_not_verified,
G10_TB_§31_31_7_4,09_key_not_verified,автоматическая перепроверка ключа + ручная проверка расхождений,09_key_not_verified,
G10_TB_§31_31_7_5,09_key_not_verified,автоматическая перепроверка ключа + ручная проверка расхождений,09_key_not_verified,
G10_TB_§31_31_7_6,09_key_not_verified,автоматическая перепроверка ключа + ручная проверка расхождений,09_key_not_verified,
G10_TB_§31_31_7_7,09_key_not_verified,автоматическая перепроверка ключа + ручная проверка расхождений,09_key_not_verified,
G10_TB_§31_31_7_8,09_key_not_verified,автоматическая перепроверка ключа + ручная проверка расхождений,09_key_not_verified,
G10_TB_§31_31_7_9,09_key_not_verified,автоматическая перепроверка ключа + ручная проверка расхождений,09_key_not_verified,
G10_TB_§31_31_8_3,02_pipeline_flagged_invalid,проверить вручную: исправить или отключить,02_pipeline_flagged_invalid;09_key_not_verified,
G10_TB_§31_31_8_4,09_key_not_verified,автоматическая перепроверка ключа + ручная проверка расхождений,09_key_not_verified,
G10_TB_§31_31_8_5,09_key_not_verified,автоматическая перепроверка ключа + ручная проверка расхождений,09_key_not_verified,
G10_TB_§31_31_8_6,09_key_not_verified,автоматическая перепроверка ключа + ручная проверка расхождений,09_key_not_verified,
G10_TB_§31_31_9_2,09_key_not_verified,автоматическая перепроверка ключа + ручная проверка расхождений,09_key_not_verified,
G10_TB_§32_32_1,09_key_not_verified,автоматическая перепроверка ключа + ручная проверка расхождений,09_key_not_verified,
G10_TB_§32_32_1_1,09_key_not_verified,автоматическая перепроверка ключа + ручная проверка расхождений,09_key_not_verified,
G10_TB_§32_32_1_10,09_key_not_verified,автоматическая перепроверка ключа + ручная проверка расхождений,09_key_not_verified,
G10_TB_§32_32_1_2,09_key_not_verified,автоматическая перепроверка ключа + ручная проверка расхождений,09_key_not_verified,
G10_TB_§32_32_1_3,09_key_not_verified,автоматическая перепроверка ключа + ручная проверка расхождений,09_key_not_verified,
G10_TB_§32_32_1_4,09_key_not_verified,автоматическая перепроверка ключа + ручная проверка расхождений,09_key_not_verified,
G10_TB_§32_32_1_5,09_key_not_verified,автоматическая перепроверка ключа + ручная проверка расхождений,09_key_not_verified,
G10_TB_§32_32_1_6,09_key_not_verified,автоматическая перепроверка ключа + ручная проверка расхождений,09_key_not_verified,
G10_TB_§32_32_1_7,09_key_not_verified,автоматическая перепроверка ключа + ручная проверка расхождений,09_key_not_verified,
G10_TB_§32_32_1_8,09_key_not_verified,автоматическая перепроверка ключа + ручная проверка расхождений,09_key_not_verified,
G10_TB_§32_32_1_9,09_key_not_verified,автоматическая перепроверка ключа + ручная проверка расхождений,09_key_not_verified,
G10_TB_§32_32_2,09_key_not_verified,автоматическая перепроверка ключа + ручная проверка расхождений,09_key_not_verified,
G10_TB_§32_32_2_1,09_key_not_verified,автоматическая перепроверка ключа + ручная проверка расхождений,09_key_not_verified,
G10_TB_§32_32_2_10,09_key_not_verified,автоматическая перепроверка ключа + ручная проверка расхождений,09_key_not_verified,
G10_TB_§32_32_2_2,09_key_not_verified,автоматическая перепроверка ключа + ручная проверка расхождений,09_key_not_verified,
G10_TB_§32_32_2_3,09_key_not_verified,автоматическая перепроверка ключа + ручная проверка расхождений,09_key_not_verified,
G10_TB_§32_32_2_4,09_key_not_verified,автоматическая перепроверка ключа + ручная проверка расхождений,09_key_not_verified,
G10_TB_§32_32_2_5,09_key_not_verified,автоматическая перепроверка ключа + ручная проверка расхождений,09_key_not_verified,
G10_TB_§32_32_2_6,09_key_not_verified,автоматическая перепроверка ключа + ручная проверка расхождений,09_key_not_verified,
G10_TB_§32_32_2_7,09_key_not_verified,автоматическая перепроверка ключа + ручная проверка расхождений,09_key_not_verified,
G10_TB_§32_32_2_8,09_key_not_verified,автоматическая перепроверка ключа + ручная проверка расхождений,09_key_not_verified,
G10_TB_§32_32_2_9,09_key_not_verified,автоматическая перепроверка ключа + ручная проверка расхождений,09_key_not_verified,
G10_TB_§32_32_3,09_key_not_verified,автоматическая перепроверка ключа + ручная проверка расхождений,09_key_not_verified,
G10_TB_§32_32_3_1,09_key_not_verified,автоматическая перепроверка ключа + ручная проверка расхождений,09_key_not_verified,
G10_TB_§32_32_3_2,09_key_not_verified,автоматическая перепроверка ключа + ручная проверка расхождений,09_key_not_verified,
G10_TB_§32_32_3_3,09_key_not_verified,автоматическая перепроверка ключа + ручная проверка расхождений,09_key_not_verified,
G10_TB_§32_32_3_4,09_key_not_verified,автоматическая перепроверка ключа + ручная проверка расхождений,09_key_not_verified,
G10_TB_§32_32_4,09_key_not_verified,автоматическая перепроверка ключа + ручная проверка расхождений,09_key_not_verified,
G10_TB_§32_32_4_1,09_key_not_verified,автоматическая перепроверка ключа + ручная проверка расхождений,09_key_not_verified,
G10_TB_§32_32_4_2,09_key_not_verified,автоматическая перепроверка ключа + ручная проверка расхождений,09_key_not_verified,
G10_TB_§32_32_4_3,09_key_not_verified,автоматическая перепроверка ключа + ручная проверка расхождений,09_key_not_verified,
G10_TB_§32_32_4_4,09_key_not_verified,автоматическая перепроверка ключа + ручная проверка расхождений,09_key_not_verified,
G10_TB_§32_32_5,09_key_not_verified,автоматическая перепроверка ключа + ручная проверка расхождений,09_key_not_verified,
G10_TB_§32_32_5_1,09_key_not_verified,автоматическая перепроверка ключа + ручная проверка расхождений,09_key_not_verified,
G10_TB_§32_32_5_2,09_key_not_verified,автоматическая перепроверка ключа + ручная проверка расхождений,09_key_not_verified,
G10_TB_§32_32_5_3,09_key_not_verified,автоматическая перепроверка ключа + ручная проверка расхождений,09_key_not_verified,
G10_TB_§32_32_5_4,06_correct_lookalike_graded_wrong,исправляется кодом диагностики (оценка по выбранному варианту),06_correct_lookalike_graded_wrong;09_key_not_verified,
G10_TB_§32_32_5_5,09_key_not_verified,автоматическая перепроверка ключа + ручная проверка расхождений,09_key_not_verified,
G10_TB_§32_32_5_6,09_key_not_verified,автоматическая перепроверка ключа + ручная проверка расхождений,09_key_not_verified,
G10_TB_§32_32_6_1,09_key_not_verified,автоматическая перепроверка ключа + ручная проверка расхождений,09_key_not_verified,
G10_TB_§32_32_6_2,09_key_not_verified,автоматическая перепроверка ключа + ручная проверка расхождений,09_key_not_verified,
G10_TB_§32_32_6_3,09_key_not_verified,автоматическая перепроверка ключа + ручная проверка расхождений,09_key_not_verified,
G10_TB_§32_32_6_4,09_key_not_verified,автоматическая перепроверка ключа + ручная проверка расхождений,09_key_not_verified,
G10_TB_§32_32_6_5,09_key_not_verified,автоматическая перепроверка ключа + ручная проверка расхождений,09_key_not_verified,
G10_TB_§32_32_6_6,09_key_not_verified,автоматическая перепроверка ключа + ручная проверка расхождений,09_key_not_verified,
G10_TB_§33_33_6_1,09_key_not_verified,автоматическая перепроверка ключа + ручная проверка расхождений,09_key_not_verified;11_open_input_no_options,
G10_TB_§33_33_6_2,09_key_not_verified,автоматическая перепроверка ключа + ручная проверка расхождений,09_key_not_verified;11_open_input_no_options,
G10_TB_§33_33_6_3,09_key_not_verified,автоматическая перепроверка ключа + ручная проверка расхождений,09_key_not_verified;11_open_input_no_options,
G10_TB_§33_33_6_4,09_key_not_verified,автоматическая перепроверка ключа + ручная проверка расхождений,09_key_not_verified;11_open_input_no_options,
G10_TB_§33_33_7_1,09_key_not_verified,автоматическая перепроверка ключа + ручная проверка расхождений,09_key_not_verified;11_open_input_no_options,
G10_TB_§33_33_7_2,09_key_not_verified,автоматическая перепроверка ключа + ручная проверка расхождений,09_key_not_verified;11_open_input_no_options,
G10_TB_§33_33_7_3,09_key_not_verified,автоматическая перепроверка ключа + ручная проверка расхождений,09_key_not_verified;11_open_input_no_options,
G10_TB_§34_33_8_1,09_key_not_verified,автоматическая перепроверка ключа + ручная проверка расхождений,09_key_not_verified;11_open_input_no_options,
G10_TB_§34_33_8_2,09_key_not_verified,автоматическая перепроверка ключа + ручная проверка расхождений,09_key_not_verified;11_open_input_no_options,
G10_TB_§34_34_1_3,09_key_not_verified,автоматическая перепроверка ключа + ручная проверка расхождений,09_key_not_verified,
G10_TB_§34_34_5,09_key_not_verified,автоматическая перепроверка ключа + ручная проверка расхождений,09_key_not_verified,
G10_TB_§35_34_11,09_key_not_verified,автоматическая перепроверка ключа + ручная проверка расхождений,09_key_not_verified,
G10_TB_§35_34_12,09_key_not_verified,автоматическая перепроверка ключа + ручная проверка расхождений,09_key_not_verified,
G10_TB_§35_34_7,09_key_not_verified,автоматическая перепроверка ключа + ручная проверка расхождений,09_key_not_verified,
G10_TB_§35_34_8_1,09_key_not_verified,автоматическая перепроверка ключа + ручная проверка расхождений,09_key_not_verified,
G10_TB_§35_34_8_2,09_key_not_verified,автоматическая перепроверка ключа + ручная проверка расхождений,09_key_not_verified,
G10_TB_§35_35_22_4,09_key_not_verified,автоматическая перепроверка ключа + ручная проверка расхождений,09_key_not_verified,
G10_TB_§35_35_26,09_key_not_verified,автоматическая перепроверка ключа + ручная проверка расхождений,09_key_not_verified,
G10_TB_§35_35_27,09_key_not_verified,автоматическая перепроверка ключа + ручная проверка расхождений,09_key_not_verified,
G10_TB_§35_35_5_1,09_key_not_verified,автоматическая перепроверка ключа + ручная проверка расхождений,09_key_not_verified,
G10_TB_§35_35_7_2,05_answer_radical_scope,проверить область корня в ключе и исправить,05_answer_radical_scope;09_key_not_verified,
G10_TB_§35_35_8_2,09_key_not_verified,автоматическая перепроверка ключа + ручная проверка расхождений,09_key_not_verified,
G10_TB_§35_35_8_4,09_key_not_verified,автоматическая перепроверка ключа + ручная проверка расхождений,09_key_not_verified,
G10_TB_§35_35_9_2,09_key_not_verified,автоматическая перепроверка ключа + ручная проверка расхождений,09_key_not_verified,
G10_TB_§36_2,09_key_not_verified,автоматическая перепроверка ключа + ручная проверка расхождений,09_key_not_verified,
G10_TB_§36_36_10_1,09_key_not_verified,автоматическая перепроверка ключа + ручная проверка расхождений,09_key_not_verified,
G10_TB_§36_36_10_2,09_key_not_verified,автоматическая перепроверка ключа + ручная проверка расхождений,09_key_not_verified,
G10_TB_§36_36_12_12,05_answer_radical_scope,проверить область корня в ключе и исправить,05_answer_radical_scope;09_key_not_verified,
G10_TB_§36_36_12_7,06_correct_lookalike_graded_wrong,исправляется кодом диагностики (оценка по выбранному варианту),06_correct_lookalike_graded_wrong,
G10_TB_§36_36_13_7,09_key_not_verified,автоматическая перепроверка ключа + ручная проверка расхождений,09_key_not_verified;10_latex_meaning_differs,
G10_TB_§36_36_16,09_key_not_verified,автоматическая перепроверка ключа + ручная проверка расхождений,09_key_not_verified,
G10_TB_§36_36_18_2,09_key_not_verified,автоматическая перепроверка ключа + ручная проверка расхождений,09_key_not_verified,
G10_TB_§36_36_19_4,09_key_not_verified,автоматическая перепроверка ключа + ручная проверка расхождений,09_key_not_verified,
G10_TB_§36_36_8_3,09_key_not_verified,автоматическая перепроверка ключа + ручная проверка расхождений,09_key_not_verified,
G10_TB_§36_36_8_4,09_key_not_verified,автоматическая перепроверка ключа + ручная проверка расхождений,09_key_not_verified,
G10_TB_§36_36_9_2,09_key_not_verified,автоматическая перепроверка ключа + ручная проверка расхождений,09_key_not_verified,
G10_TB_§36_36_9_3,09_key_not_verified,автоматическая перепроверка ключа + ручная проверка расхождений,09_key_not_verified,
G10_TB_§36_36_9_4,09_key_not_verified,автоматическая перепроверка ключа + ручная проверка расхождений,09_key_not_verified,
G10_TB_§37_37_10_3,06_correct_lookalike_graded_wrong,исправляется кодом диагностики (оценка по выбранному варианту),06_correct_lookalike_graded_wrong,
G10_TB_§37_37_16_2,09_key_not_verified,автоматическая перепроверка ключа + ручная проверка расхождений,09_key_not_verified,
G10_TB_§37_37_16_3,09_key_not_verified,автоматическая перепроверка ключа + ручная проверка расхождений,09_key_not_verified,
G10_TB_§37_37_19,09_key_not_verified,автоматическая перепроверка ключа + ручная проверка расхождений,09_key_not_verified,
G10_TB_§37_37_1_3,09_key_not_verified,автоматическая перепроверка ключа + ручная проверка расхождений,09_key_not_verified,
G10_TB_§37_37_1_6,09_key_not_verified,автоматическая перепроверка ключа + ручная проверка расхождений,09_key_not_verified,
G10_TB_§37_37_22,06_correct_lookalike_graded_wrong,исправляется кодом диагностики (оценка по выбранному варианту),06_correct_lookalike_graded_wrong;09_key_not_verified,
G10_TB_§37_37_23_5,09_key_not_verified,автоматическая перепроверка ключа + ручная проверка расхождений,09_key_not_verified,
G10_TB_§37_37_2_3,09_key_not_verified,автоматическая перепроверка ключа + ручная проверка расхождений,09_key_not_verified,
G10_TB_§37_37_2_5,09_key_not_verified,автоматическая перепроверка ключа + ручная проверка расхождений,09_key_not_verified,
G10_TB_§37_37_2_6,09_key_not_verified,автоматическая перепроверка ключа + ручная проверка расхождений,09_key_not_verified,
G10_TB_§37_37_4_2,09_key_not_verified,автоматическая перепроверка ключа + ручная проверка расхождений,09_key_not_verified,
G10_TB_§37_37_5_1,09_key_not_verified,автоматическая перепроверка ключа + ручная проверка расхождений,09_key_not_verified,
G10_TB_§37_37_5_2,09_key_not_verified,автоматическая перепроверка ключа + ручная проверка расхождений,09_key_not_verified,
G10_TB_§37_37_6_2,09_key_not_verified,автоматическая перепроверка ключа + ручная проверка расхождений,09_key_not_verified,
G10_TB_§38_38_12_3,09_key_not_verified,автоматическая перепроверка ключа + ручная проверка расхождений,09_key_not_verified,
G10_TB_§38_38_13_2,09_key_not_verified,автоматическая перепроверка ключа + ручная проверка расхождений,09_key_not_verified,
G10_TB_§38_38_14_2,09_key_not_verified,автоматическая перепроверка ключа + ручная проверка расхождений,09_key_not_verified,
G10_TB_§38_38_15,09_key_not_verified,автоматическая перепроверка ключа + ручная проверка расхождений,09_key_not_verified,
G10_TB_§38_38_1_1,06_correct_lookalike_graded_wrong,исправляется кодом диагностики (оценка по выбранному варианту),06_correct_lookalike_graded_wrong;09_key_not_verified,
G10_TB_§38_38_1_2,09_key_not_verified,автоматическая перепроверка ключа + ручная проверка расхождений,09_key_not_verified,
G10_TB_§38_38_1_3,09_key_not_verified,автоматическая перепроверка ключа + ручная проверка расхождений,09_key_not_verified,
G10_TB_§38_38_1_6,09_key_not_verified,автоматическая перепроверка ключа + ручная проверка расхождений,09_key_not_verified,
G10_TB_§38_38_2_1,09_key_not_verified,автоматическая перепроверка ключа + ручная проверка расхождений,09_key_not_verified,
G10_TB_§38_38_2_2,09_key_not_verified,автоматическая перепроверка ключа + ручная проверка расхождений,09_key_not_verified,
G10_TB_§38_38_2_4,06_correct_lookalike_graded_wrong,исправляется кодом диагностики (оценка по выбранному варианту),06_correct_lookalike_graded_wrong;09_key_not_verified,
G10_TB_§38_38_3_3,09_key_not_verified,автоматическая перепроверка ключа + ручная проверка расхождений,09_key_not_verified,
G10_TB_§38_38_3_4,09_key_not_verified,автоматическая перепроверка ключа + ручная проверка расхождений,09_key_not_verified,
G10_TB_§38_38_3_5,09_key_not_verified,автоматическая перепроверка ключа + ручная проверка расхождений,09_key_not_verified,
G10_TB_§38_38_3_6,09_key_not_verified,автоматическая перепроверка ключа + ручная проверка расхождений,09_key_not_verified,
G10_TB_§38_38_4_1,09_key_not_verified,автоматическая перепроверка ключа + ручная проверка расхождений,09_key_not_verified,
G10_TB_§38_38_4_2,09_key_not_verified,автоматическая перепроверка ключа + ручная проверка расхождений,09_key_not_verified,
G10_TB_§38_38_4_3,09_key_not_verified,автоматическая перепроверка ключа + ручная проверка расхождений,09_key_not_verified,
G10_TB_§38_38_4_5,09_key_not_verified,автоматическая перепроверка ключа + ручная проверка расхождений,09_key_not_verified,
G10_TB_§38_38_4_6,09_key_not_verified,автоматическая перепроверка ключа + ручная проверка расхождений,09_key_not_verified,
G10_TB_§39_39_16_2,09_key_not_verified,автоматическая перепроверка ключа + ручная проверка расхождений,09_key_not_verified;11_open_input_no_options,
G10_TB_§39_39_17_2,09_key_not_verified,автоматическая перепроверка ключа + ручная проверка расхождений,09_key_not_verified;11_open_input_no_options,
G10_TB_§39_39_20,09_key_not_verified,автоматическая перепроверка ключа + ручная проверка расхождений,09_key_not_verified,
G10_TB_§39_39_21,09_key_not_verified,автоматическая перепроверка ключа + ручная проверка расхождений,09_key_not_verified,
G10_TB_§39_39_24_2,09_key_not_verified,автоматическая перепроверка ключа + ручная проверка расхождений,09_key_not_verified,
G10_TB_§39_39_25_1,09_key_not_verified,автоматическая перепроверка ключа + ручная проверка расхождений,09_key_not_verified,
G10_TB_§39_39_25_2,09_key_not_verified,автоматическая перепроверка ключа + ручная проверка расхождений,09_key_not_verified,
G10_TB_§39_39_25_3,09_key_not_verified,автоматическая перепроверка ключа + ручная проверка расхождений,09_key_not_verified,
G10_TB_§39_39_4_1,09_key_not_verified,автоматическая перепроверка ключа + ручная проверка расхождений,09_key_not_verified;11_open_input_no_options,
G10_TB_§39_39_4_2,09_key_not_verified,автоматическая перепроверка ключа + ручная проверка расхождений,09_key_not_verified;11_open_input_no_options,
G10_TB_§39_39_4_3,09_key_not_verified,автоматическая перепроверка ключа + ручная проверка расхождений,09_key_not_verified;11_open_input_no_options,
G10_TB_§39_39_4_4,09_key_not_verified,автоматическая перепроверка ключа + ручная проверка расхождений,09_key_not_verified;11_open_input_no_options,
G10_TB_§39_39_4_5,09_key_not_verified,автоматическая перепроверка ключа + ручная проверка расхождений,09_key_not_verified;11_open_input_no_options,
G10_TB_§39_39_4_6,09_key_not_verified,автоматическая перепроверка ключа + ручная проверка расхождений,09_key_not_verified;11_open_input_no_options,
G10_TB_§40_40_10_1,09_key_not_verified,автоматическая перепроверка ключа + ручная проверка расхождений,09_key_not_verified,
G10_TB_§40_40_10_2,02_pipeline_flagged_invalid,проверить вручную: исправить или отключить,02_pipeline_flagged_invalid;09_key_not_verified,
G10_TB_§40_40_11,09_key_not_verified,автоматическая перепроверка ключа + ручная проверка расхождений,09_key_not_verified,
G10_TB_§40_40_12,09_key_not_verified,автоматическая перепроверка ключа + ручная проверка расхождений,09_key_not_verified,
G10_TB_§40_40_13,09_key_not_verified,автоматическая перепроверка ключа + ручная проверка расхождений,09_key_not_verified,
G10_TB_§40_40_14,09_key_not_verified,автоматическая перепроверка ключа + ручная проверка расхождений,09_key_not_verified,
G10_TB_§40_40_15,09_key_not_verified,автоматическая перепроверка ключа + ручная проверка расхождений,09_key_not_verified,
G10_TB_§40_40_16,05_answer_radical_scope,проверить область корня в ключе и исправить,05_answer_radical_scope;09_key_not_verified,
G10_TB_§40_40_19,09_key_not_verified,автоматическая перепроверка ключа + ручная проверка расхождений,09_key_not_verified,
G10_TB_§40_40_1_1,09_key_not_verified,автоматическая перепроверка ключа + ручная проверка расхождений,09_key_not_verified,
G10_TB_§40_40_1_2,09_key_not_verified,автоматическая перепроверка ключа + ручная проверка расхождений,09_key_not_verified,
G10_TB_§40_40_1_3,09_key_not_verified,автоматическая перепроверка ключа + ручная проверка расхождений,09_key_not_verified,
G10_TB_§40_40_1_4,09_key_not_verified,автоматическая перепроверка ключа + ручная проверка расхождений,09_key_not_verified,
G10_TB_§40_40_2_1,09_key_not_verified,автоматическая перепроверка ключа + ручная проверка расхождений,09_key_not_verified,
G10_TB_§40_40_2_3,09_key_not_verified,автоматическая перепроверка ключа + ручная проверка расхождений,09_key_not_verified,
G10_TB_§40_40_2_4,09_key_not_verified,автоматическая перепроверка ключа + ручная проверка расхождений,09_key_not_verified,
G10_TB_§40_40_3_1,09_key_not_verified,автоматическая перепроверка ключа + ручная проверка расхождений,09_key_not_verified,
G10_TB_§40_40_3_2,09_key_not_verified,автоматическая перепроверка ключа + ручная проверка расхождений,09_key_not_verified,
G10_TB_§40_40_3_3,09_key_not_verified,автоматическая перепроверка ключа + ручная проверка расхождений,09_key_not_verified,
G10_TB_§40_40_3_4,09_key_not_verified,автоматическая перепроверка ключа + ручная проверка расхождений,09_key_not_verified,
G10_TB_§40_40_4_1,09_key_not_verified,автоматическая перепроверка ключа + ручная проверка расхождений,09_key_not_verified,
G10_TB_§40_40_4_2,09_key_not_verified,автоматическая перепроверка ключа + ручная проверка расхождений,09_key_not_verified,
G10_TB_§40_40_4_3,09_key_not_verified,автоматическая перепроверка ключа + ручная проверка расхождений,09_key_not_verified,
G10_TB_§40_40_4_4,09_key_not_verified,автоматическая перепроверка ключа + ручная проверка расхождений,09_key_not_verified,
G10_TB_§40_40_5_1,09_key_not_verified,автоматическая перепроверка ключа + ручная проверка расхождений,09_key_not_verified,
G10_TB_§40_40_5_3,09_key_not_verified,автоматическая перепроверка ключа + ручная проверка расхождений,09_key_not_verified,
G10_TB_§40_40_6_1,09_key_not_verified,автоматическая перепроверка ключа + ручная проверка расхождений,09_key_not_verified,
G10_TB_§40_40_7,09_key_not_verified,автоматическая перепроверка ключа + ручная проверка расхождений,09_key_not_verified,
G10_TB_§40_40_8,09_key_not_verified,автоматическая перепроверка ключа + ручная проверка расхождений,09_key_not_verified,
G10_TB_§40_40_9_2,09_key_not_verified,автоматическая перепроверка ключа + ручная проверка расхождений,09_key_not_verified,
G10_TB_§40_40_9_3,09_key_not_verified,автоматическая перепроверка ключа + ручная проверка расхождений,09_key_not_verified,
G10_TB_§42_42_15_1,09_key_not_verified,автоматическая перепроверка ключа + ручная проверка расхождений,09_key_not_verified,
G10_TB_§42_42_15_4,09_key_not_verified,автоматическая перепроверка ключа + ручная проверка расхождений,09_key_not_verified,
G10_TB_§42_42_15_5,09_key_not_verified,автоматическая перепроверка ключа + ручная проверка расхождений,09_key_not_verified,
G10_TB_§42_42_15_6,09_key_not_verified,автоматическая перепроверка ключа + ручная проверка расхождений,09_key_not_verified,
G10_TB_§42_42_16_2,09_key_not_verified,автоматическая перепроверка ключа + ручная проверка расхождений,09_key_not_verified,
G10_TB_§42_42_17_3,09_key_not_verified,автоматическая перепроверка ключа + ручная проверка расхождений,09_key_not_verified;10_latex_meaning_differs,
G10_TB_§42_42_17_5,09_key_not_verified,автоматическая перепроверка ключа + ручная проверка расхождений,09_key_not_verified,
G10_TB_§42_42_19_4,09_key_not_verified,автоматическая перепроверка ключа + ручная проверка расхождений,09_key_not_verified;10_latex_meaning_differs,
G10_TB_§42_42_19_5,09_key_not_verified,автоматическая перепроверка ключа + ручная проверка расхождений,09_key_not_verified,
G10_TB_§42_42_19_6,09_key_not_verified,автоматическая перепроверка ключа + ручная проверка расхождений,09_key_not_verified,
G10_TB_§42_42_1_10,09_key_not_verified,автоматическая перепроверка ключа + ручная проверка расхождений,09_key_not_verified,
G10_TB_§42_42_1_13,09_key_not_verified,автоматическая перепроверка ключа + ручная проверка расхождений,09_key_not_verified,
G10_TB_§42_42_1_14,09_key_not_verified,автоматическая перепроверка ключа + ручная проверка расхождений,09_key_not_verified,
G10_TB_§42_42_1_16,09_key_not_verified,автоматическая перепроверка ключа + ручная проверка расхождений,09_key_not_verified,
G10_TB_§42_42_1_18,09_key_not_verified,автоматическая перепроверка ключа + ручная проверка расхождений,09_key_not_verified,
G10_TB_§42_42_1_3,09_key_not_verified,автоматическая перепроверка ключа + ручная проверка расхождений,09_key_not_verified,
G10_TB_§42_42_1_5,09_key_not_verified,автоматическая перепроверка ключа + ручная проверка расхождений,09_key_not_verified,
G10_TB_§42_42_1_6,09_key_not_verified,автоматическая перепроверка ключа + ручная проверка расхождений,09_key_not_verified,
G10_TB_§42_42_1_8,09_key_not_verified,автоматическая перепроверка ключа + ручная проверка расхождений,09_key_not_verified,
G10_TB_§42_42_22_2,09_key_not_verified,автоматическая перепроверка ключа + ручная проверка расхождений,09_key_not_verified,
G10_TB_§42_42_22_3,09_key_not_verified,автоматическая перепроверка ключа + ручная проверка расхождений,09_key_not_verified,
G10_TB_§42_42_22_4,09_key_not_verified,автоматическая перепроверка ключа + ручная проверка расхождений,09_key_not_verified,
G10_TB_§42_42_22_5,10_latex_meaning_differs,проверить до переключения показа на question_latex,10_latex_meaning_differs,
G10_TB_§42_42_22_6,06_correct_lookalike_graded_wrong,исправляется кодом диагностики (оценка по выбранному варианту),06_correct_lookalike_graded_wrong;09_key_not_verified;10_latex_meaning_differs,
G10_TB_§42_42_23_2,09_key_not_verified,автоматическая перепроверка ключа + ручная проверка расхождений,09_key_not_verified,
G10_TB_§42_42_23_4,10_latex_meaning_differs,проверить до переключения показа на question_latex,10_latex_meaning_differs,
G10_TB_§42_42_23_5,09_key_not_verified,автоматическая перепроверка ключа + ручная проверка расхождений,09_key_not_verified,
G10_TB_§42_42_23_7,09_key_not_verified,автоматическая перепроверка ключа + ручная проверка расхождений,09_key_not_verified,
G10_TB_§42_42_2_1,09_key_not_verified,автоматическая перепроверка ключа + ручная проверка расхождений,09_key_not_verified,
G10_TB_§42_42_2_2,09_key_not_verified,автоматическая перепроверка ключа + ручная проверка расхождений,09_key_not_verified,
G10_TB_§42_42_2_3,09_key_not_verified,автоматическая перепроверка ключа + ручная проверка расхождений,09_key_not_verified,
G10_TB_§42_42_2_4,09_key_not_verified,автоматическая перепроверка ключа + ручная проверка расхождений,09_key_not_verified,
G10_TB_§42_42_2_5,09_key_not_verified,автоматическая перепроверка ключа + ручная проверка расхождений,09_key_not_verified,
G10_TB_§42_42_2_6,09_key_not_verified,автоматическая перепроверка ключа + ручная проверка расхождений,09_key_not_verified,
G10_TB_§42_42_2_9,09_key_not_verified,автоматическая перепроверка ключа + ручная проверка расхождений,09_key_not_verified,
G10_TB_§42_42_32_2,09_key_not_verified,автоматическая перепроверка ключа + ручная проверка расхождений,09_key_not_verified,
G10_TB_§42_42_32_3,09_key_not_verified,автоматическая перепроверка ключа + ручная проверка расхождений,09_key_not_verified,
G10_TB_§42_42_32_5,09_key_not_verified,автоматическая перепроверка ключа + ручная проверка расхождений,09_key_not_verified,
G10_TB_§42_42_32_6,09_key_not_verified,автоматическая перепроверка ключа + ручная проверка расхождений,09_key_not_verified,
G10_TB_§42_42_32_7,09_key_not_verified,автоматическая перепроверка ключа + ручная проверка расхождений,09_key_not_verified,
G10_TB_§42_42_35_1,05_answer_radical_scope,проверить область корня в ключе и исправить,05_answer_radical_scope;09_key_not_verified,
G10_TB_§42_42_35_4,09_key_not_verified,автоматическая перепроверка ключа + ручная проверка расхождений,09_key_not_verified,
G10_TB_§42_42_35_5,09_key_not_verified,автоматическая перепроверка ключа + ручная проверка расхождений,09_key_not_verified,
G10_TB_§42_42_35_6,09_key_not_verified,автоматическая перепроверка ключа + ручная проверка расхождений,09_key_not_verified,
G10_TB_§42_42_38_1,09_key_not_verified,автоматическая перепроверка ключа + ручная проверка расхождений,09_key_not_verified,
G10_TB_§42_42_38_2,09_key_not_verified,автоматическая перепроверка ключа + ручная проверка расхождений,09_key_not_verified,
G10_TB_§42_42_39_1,09_key_not_verified,автоматическая перепроверка ключа + ручная проверка расхождений,09_key_not_verified,
G10_TB_§42_42_39_2,09_key_not_verified,автоматическая перепроверка ключа + ручная проверка расхождений,09_key_not_verified,
G10_TB_§42_42_39_3,09_key_not_verified,автоматическая перепроверка ключа + ручная проверка расхождений,09_key_not_verified,
G10_TB_§42_42_39_4,09_key_not_verified,автоматическая перепроверка ключа + ручная проверка расхождений,09_key_not_verified,
G10_TB_§42_42_41_2,09_key_not_verified,автоматическая перепроверка ключа + ручная проверка расхождений,09_key_not_verified,
G10_TB_§42_42_41_4,09_key_not_verified,автоматическая перепроверка ключа + ручная проверка расхождений,09_key_not_verified,
G10_TB_§42_42_42,09_key_not_verified,автоматическая перепроверка ключа + ручная проверка расхождений,09_key_not_verified,
G10_TB_§42_42_44,09_key_not_verified,автоматическая перепроверка ключа + ручная проверка расхождений,09_key_not_verified,
G10_TB_§42_42_45_1,09_key_not_verified,автоматическая перепроверка ключа + ручная проверка расхождений,09_key_not_verified,
G10_TB_§42_42_4_4,09_key_not_verified,автоматическая перепроверка ключа + ручная проверка расхождений,09_key_not_verified,
G10_TB_§42_42_54_10,02_pipeline_flagged_invalid,проверить вручную: исправить или отключить,02_pipeline_flagged_invalid;09_key_not_verified,
G10_TB_§42_42_54_11,09_key_not_verified,автоматическая перепроверка ключа + ручная проверка расхождений,09_key_not_verified,
G10_TB_§42_42_54_12,09_key_not_verified,автоматическая перепроверка ключа + ручная проверка расхождений,09_key_not_verified;12_extra_copy_of_identical_task,
G10_TB_§42_42_54_13,09_key_not_verified,автоматическая перепроверка ключа + ручная проверка расхождений,09_key_not_verified,
G10_TB_§42_42_54_14,09_key_not_verified,автоматическая перепроверка ключа + ручная проверка расхождений,09_key_not_verified,
G10_TB_§42_42_54_15,09_key_not_verified,автоматическая перепроверка ключа + ручная проверка расхождений,09_key_not_verified,
G10_TB_§42_42_54_16,09_key_not_verified,автоматическая перепроверка ключа + ручная проверка расхождений,09_key_not_verified,
G10_TB_§42_42_54_2,09_key_not_verified,автоматическая перепроверка ключа + ручная проверка расхождений,09_key_not_verified;12_extra_copy_of_identical_task,
G10_TB_§42_42_54_3,09_key_not_verified,автоматическая перепроверка ключа + ручная проверка расхождений,09_key_not_verified,
G10_TB_§42_42_54_4,09_key_not_verified,автоматическая перепроверка ключа + ручная проверка расхождений,09_key_not_verified,
G10_TB_§42_42_54_5,09_key_not_verified,автоматическая перепроверка ключа + ручная проверка расхождений,09_key_not_verified,
G10_TB_§42_42_54_6,09_key_not_verified,автоматическая перепроверка ключа + ручная проверка расхождений,09_key_not_verified,
G10_TB_§42_42_54_7,09_key_not_verified,автоматическая перепроверка ключа + ручная проверка расхождений,09_key_not_verified,
G10_TB_§42_42_54_8,09_key_not_verified,автоматическая перепроверка ключа + ручная проверка расхождений,09_key_not_verified,
G10_TB_§42_42_54_9,09_key_not_verified,автоматическая перепроверка ключа + ручная проверка расхождений,09_key_not_verified,
G10_TB_§42_42_55,09_key_not_verified,автоматическая перепроверка ключа + ручная проверка расхождений,09_key_not_verified,
G10_TB_§42_42_56_1,09_key_not_verified,автоматическая перепроверка ключа + ручная проверка расхождений,09_key_not_verified,
G10_TB_§42_42_56_2,09_key_not_verified,автоматическая перепроверка ключа + ручная проверка расхождений,09_key_not_verified,
G10_TB_§42_42_56_3,09_key_not_verified,автоматическая перепроверка ключа + ручная проверка расхождений,09_key_not_verified,
G10_TB_§42_42_56_4,09_key_not_verified,автоматическая перепроверка ключа + ручная проверка расхождений,09_key_not_verified,
G10_TB_§42_42_56_5,09_key_not_verified,автоматическая перепроверка ключа + ручная проверка расхождений,09_key_not_verified,
G10_TB_§42_42_56_6,09_key_not_verified,автоматическая перепроверка ключа + ручная проверка расхождений,09_key_not_verified,
G10_TB_§42_42_6_1,09_key_not_verified,автоматическая перепроверка ключа + ручная проверка расхождений,09_key_not_verified,
G10_TB_§42_42_7_2,09_key_not_verified,автоматическая перепроверка ключа + ручная проверка расхождений,09_key_not_verified,
G10_TB_§42_42_7_3,09_key_not_verified,автоматическая перепроверка ключа + ручная проверка расхождений,09_key_not_verified,
G10_TB_§4_3_16_1,09_key_not_verified,автоматическая перепроверка ключа + ручная проверка расхождений,09_key_not_verified;11_open_input_no_options,
G10_TB_§4_3_16_2,09_key_not_verified,автоматическая перепроверка ключа + ручная проверка расхождений,09_key_not_verified;11_open_input_no_options,
G10_TB_§4_3_16_3,09_key_not_verified,автоматическая перепроверка ключа + ручная проверка расхождений,09_key_not_verified;11_open_input_no_options,
G10_TB_§4_3_18_1,09_key_not_verified,автоматическая перепроверка ключа + ручная проверка расхождений,09_key_not_verified;11_open_input_no_options,
G10_TB_§4_3_18_2,09_key_not_verified,автоматическая перепроверка ключа + ручная проверка расхождений,09_key_not_verified;11_open_input_no_options,
G10_TB_§4_3_18_3,09_key_not_verified,автоматическая перепроверка ключа + ручная проверка расхождений,09_key_not_verified;11_open_input_no_options,
G10_TB_§4_4_1_1,09_key_not_verified,автоматическая перепроверка ключа + ручная проверка расхождений,09_key_not_verified;11_open_input_no_options,
G10_TB_§4_4_1_10,09_key_not_verified,автоматическая перепроверка ключа + ручная проверка расхождений,09_key_not_verified;11_open_input_no_options,
G10_TB_§4_4_1_2,09_key_not_verified,автоматическая перепроверка ключа + ручная проверка расхождений,09_key_not_verified;11_open_input_no_options,
G10_TB_§4_4_1_3,09_key_not_verified,автоматическая перепроверка ключа + ручная проверка расхождений,09_key_not_verified;11_open_input_no_options,
G10_TB_§4_4_1_4,09_key_not_verified,автоматическая перепроверка ключа + ручная проверка расхождений,09_key_not_verified;11_open_input_no_options,
G10_TB_§4_4_1_5,09_key_not_verified,автоматическая перепроверка ключа + ручная проверка расхождений,09_key_not_verified;11_open_input_no_options,
G10_TB_§4_4_1_6,09_key_not_verified,автоматическая перепроверка ключа + ручная проверка расхождений,09_key_not_verified;11_open_input_no_options,
G10_TB_§4_4_1_7,09_key_not_verified,автоматическая перепроверка ключа + ручная проверка расхождений,09_key_not_verified;11_open_input_no_options,
G10_TB_§4_4_1_8,09_key_not_verified,автоматическая перепроверка ключа + ручная проверка расхождений,09_key_not_verified;11_open_input_no_options,
G10_TB_§4_4_1_9,09_key_not_verified,автоматическая перепроверка ключа + ручная проверка расхождений,09_key_not_verified;11_open_input_no_options,
G10_TB_§4_4_2_1,11_open_input_no_options,да/нет показывать двумя вариантами (код),11_open_input_no_options,
G10_TB_§4_4_2_2,09_key_not_verified,автоматическая перепроверка ключа + ручная проверка расхождений,09_key_not_verified;11_open_input_no_options,
G10_TB_§4_4_2_3,09_key_not_verified,автоматическая перепроверка ключа + ручная проверка расхождений,09_key_not_verified;11_open_input_no_options,
G10_TB_§4_4_2_4,11_open_input_no_options,да/нет показывать двумя вариантами (код),11_open_input_no_options,
G10_TB_§4_4_2_5,09_key_not_verified,автоматическая перепроверка ключа + ручная проверка расхождений,09_key_not_verified;11_open_input_no_options,
G10_TB_§4_4_2_6,09_key_not_verified,автоматическая перепроверка ключа + ручная проверка расхождений,09_key_not_verified;11_open_input_no_options,
G10_TB_§4_4_2_7,09_key_not_verified,автоматическая перепроверка ключа + ручная проверка расхождений,09_key_not_verified;11_open_input_no_options,
G10_TB_§4_4_2_8,09_key_not_verified,автоматическая перепроверка ключа + ручная проверка расхождений,09_key_not_verified;11_open_input_no_options,
G10_TB_§4_4_3_2,09_key_not_verified,автоматическая перепроверка ключа + ручная проверка расхождений,09_key_not_verified,
G10_TB_§4_4_3_3,09_key_not_verified,автоматическая перепроверка ключа + ручная проверка расхождений,09_key_not_verified,
G10_TB_§4_4_4_1,11_open_input_no_options,да/нет показывать двумя вариантами (код),11_open_input_no_options,
G10_TB_§4_4_4_2,11_open_input_no_options,да/нет показывать двумя вариантами (код),11_open_input_no_options,
G10_TB_§4_4_4_3,11_open_input_no_options,да/нет показывать двумя вариантами (код),11_open_input_no_options,
G10_TB_§4_4_4_4,11_open_input_no_options,да/нет показывать двумя вариантами (код),11_open_input_no_options,
G10_TB_§4_4_4_5,09_key_not_verified,автоматическая перепроверка ключа + ручная проверка расхождений,09_key_not_verified;11_open_input_no_options,
G10_TB_§4_4_4_6,11_open_input_no_options,да/нет показывать двумя вариантами (код),11_open_input_no_options,
G10_TB_§4_4_4_7,11_open_input_no_options,да/нет показывать двумя вариантами (код),11_open_input_no_options,
G10_TB_§4_4_5_1,11_open_input_no_options,да/нет показывать двумя вариантами (код),11_open_input_no_options,
G10_TB_§4_4_5_2,09_key_not_verified,автоматическая перепроверка ключа + ручная проверка расхождений,09_key_not_verified;11_open_input_no_options,
G10_TB_§4_4_5_3,09_key_not_verified,автоматическая перепроверка ключа + ручная проверка расхождений,09_key_not_verified;10_latex_meaning_differs;11_open_input_no_options,
G10_TB_§4_4_5_4,09_key_not_verified,автоматическая перепроверка ключа + ручная проверка расхождений,09_key_not_verified;11_open_input_no_options,
G10_TB_§4_4_5_5,09_key_not_verified,автоматическая перепроверка ключа + ручная проверка расхождений,09_key_not_verified;11_open_input_no_options,
G10_TB_§4_4_5_6,09_key_not_verified,автоматическая перепроверка ключа + ручная проверка расхождений,09_key_not_verified;11_open_input_no_options,
G10_TB_§4_4_6_1,10_latex_meaning_differs,проверить до переключения показа на question_latex,10_latex_meaning_differs;11_open_input_no_options,
G10_TB_§4_4_6_2,09_key_not_verified,автоматическая перепроверка ключа + ручная проверка расхождений,09_key_not_verified;11_open_input_no_options,
G10_TB_§4_4_6_3,09_key_not_verified,автоматическая перепроверка ключа + ручная проверка расхождений,09_key_not_verified;11_open_input_no_options,
G10_TB_§4_4_6_4,11_open_input_no_options,да/нет показывать двумя вариантами (код),11_open_input_no_options,
G10_TB_§4_4_7_1,09_key_not_verified,автоматическая перепроверка ключа + ручная проверка расхождений,09_key_not_verified,
G10_TB_§4_4_7_2,09_key_not_verified,автоматическая перепроверка ключа + ручная проверка расхождений,09_key_not_verified,
G10_TB_§4_4_7_3,09_key_not_verified,автоматическая перепроверка ключа + ручная проверка расхождений,09_key_not_verified,
G10_TB_§5_4_12_1,09_key_not_verified,автоматическая перепроверка ключа + ручная проверка расхождений,09_key_not_verified,
G10_TB_§5_4_12_2,09_key_not_verified,автоматическая перепроверка ключа + ручная проверка расхождений,09_key_not_verified;10_latex_meaning_differs,
G10_TB_§5_4_12_4,09_key_not_verified,автоматическая перепроверка ключа + ручная проверка расхождений,09_key_not_verified,
G10_TB_§5_4_12_5,09_key_not_verified,автоматическая перепроверка ключа + ручная проверка расхождений,09_key_not_verified,
G10_TB_§5_4_12_6,09_key_not_verified,автоматическая перепроверка ключа + ручная проверка расхождений,09_key_not_verified,
G10_TB_§5_4_12_7,09_key_not_verified,автоматическая перепроверка ключа + ручная проверка расхождений,09_key_not_verified,
G10_TB_§5_4_12_8,09_key_not_verified,автоматическая перепроверка ключа + ручная проверка расхождений,09_key_not_verified,
G10_TB_§5_4_12_9,09_key_not_verified,автоматическая перепроверка ключа + ручная проверка расхождений,09_key_not_verified,
G10_TB_§5_5_10_2,09_key_not_verified,автоматическая перепроверка ключа + ручная проверка расхождений,09_key_not_verified,
G10_TB_§5_5_10_3,09_key_not_verified,автоматическая перепроверка ключа + ручная проверка расхождений,09_key_not_verified;10_latex_meaning_differs,
G10_TB_§5_5_10_4,10_latex_meaning_differs,проверить до переключения показа на question_latex,10_latex_meaning_differs,
G10_TB_§5_5_11_2,09_key_not_verified,автоматическая перепроверка ключа + ручная проверка расхождений,09_key_not_verified;10_latex_meaning_differs,
G10_TB_§5_5_12_1,09_key_not_verified,автоматическая перепроверка ключа + ручная проверка расхождений,09_key_not_verified,
G10_TB_§5_5_12_2,09_key_not_verified,автоматическая перепроверка ключа + ручная проверка расхождений,09_key_not_verified;10_latex_meaning_differs,
G10_TB_§5_5_12_4,10_latex_meaning_differs,проверить до переключения показа на question_latex,10_latex_meaning_differs,
G10_TB_§5_5_12_8,10_latex_meaning_differs,проверить до переключения показа на question_latex,10_latex_meaning_differs,
G10_TB_§5_5_13_1,09_key_not_verified,автоматическая перепроверка ключа + ручная проверка расхождений,09_key_not_verified,
G10_TB_§5_5_13_3,09_key_not_verified,автоматическая перепроверка ключа + ручная проверка расхождений,09_key_not_verified,
G10_TB_§5_5_13_4,09_key_not_verified,автоматическая перепроверка ключа + ручная проверка расхождений,09_key_not_verified,
G10_TB_§5_5_13_5,09_key_not_verified,автоматическая перепроверка ключа + ручная проверка расхождений,09_key_not_verified,
G10_TB_§5_5_13_6,09_key_not_verified,автоматическая перепроверка ключа + ручная проверка расхождений,09_key_not_verified,
G10_TB_§5_5_14_1,09_key_not_verified,автоматическая перепроверка ключа + ручная проверка расхождений,09_key_not_verified,
G10_TB_§5_5_14_3,09_key_not_verified,автоматическая перепроверка ключа + ручная проверка расхождений,09_key_not_verified,
G10_TB_§5_5_15_1,09_key_not_verified,автоматическая перепроверка ключа + ручная проверка расхождений,09_key_not_verified,
G10_TB_§5_5_15_2,09_key_not_verified,автоматическая перепроверка ключа + ручная проверка расхождений,09_key_not_verified,
G10_TB_§5_5_15_3,09_key_not_verified,автоматическая перепроверка ключа + ручная проверка расхождений,09_key_not_verified,
G10_TB_§5_5_15_4,09_key_not_verified,автоматическая перепроверка ключа + ручная проверка расхождений,09_key_not_verified,
G10_TB_§5_5_16_2,09_key_not_verified,автоматическая перепроверка ключа + ручная проверка расхождений,09_key_not_verified;10_latex_meaning_differs,
G10_TB_§5_5_6_1,10_latex_meaning_differs,проверить до переключения показа на question_latex,10_latex_meaning_differs,
G10_TB_§5_5_6_3,09_key_not_verified,автоматическая перепроверка ключа + ручная проверка расхождений,09_key_not_verified;10_latex_meaning_differs,
G10_TB_§5_5_6_4,09_key_not_verified,автоматическая перепроверка ключа + ручная проверка расхождений,09_key_not_verified;10_latex_meaning_differs,
G10_TB_§5_5_8_2,09_key_not_verified,автоматическая перепроверка ключа + ручная проверка расхождений,09_key_not_verified;10_latex_meaning_differs,
G10_TB_§5_5_9_2,10_latex_meaning_differs,проверить до переключения показа на question_latex,10_latex_meaning_differs,
G10_TB_§5_5_9_4,09_key_not_verified,автоматическая перепроверка ключа + ручная проверка расхождений,09_key_not_verified;10_latex_meaning_differs,
G10_TB_§5_5_9_5,09_key_not_verified,автоматическая перепроверка ключа + ручная проверка расхождений,09_key_not_verified,
G10_TB_§5_5_9_6,09_key_not_verified,автоматическая перепроверка ключа + ручная проверка расхождений,09_key_not_verified;10_latex_meaning_differs,
G10_TB_§5_5_9_8,10_latex_meaning_differs,проверить до переключения показа на question_latex,10_latex_meaning_differs,
G10_TB_§6_6_1_1,11_open_input_no_options,да/нет показывать двумя вариантами (код),11_open_input_no_options,
G10_TB_§6_6_1_2,11_open_input_no_options,да/нет показывать двумя вариантами (код),11_open_input_no_options,
G10_TB_§6_6_1_3,11_open_input_no_options,да/нет показывать двумя вариантами (код),11_open_input_no_options,
G10_TB_§6_6_2_1,11_open_input_no_options,да/нет показывать двумя вариантами (код),11_open_input_no_options,
G10_TB_§6_6_2_2,11_open_input_no_options,да/нет показывать двумя вариантами (код),11_open_input_no_options,
G10_TB_§6_6_2_3,11_open_input_no_options,да/нет показывать двумя вариантами (код),11_open_input_no_options,
G10_TB_§6_6_7_3,07_duplicate_question_conflicting_key,"сравнить копии, оставить верную, остальные отключить",07_duplicate_question_conflicting_key,
G10_TB_§7_6_19_2,06_correct_lookalike_graded_wrong,исправляется кодом диагностики (оценка по выбранному варианту),06_correct_lookalike_graded_wrong,
G10_TB_§7_6_20,06_correct_lookalike_graded_wrong,исправляется кодом диагностики (оценка по выбранному варианту),06_correct_lookalike_graded_wrong,
G10_TB_§7_6_21_2,09_key_not_verified,автоматическая перепроверка ключа + ручная проверка расхождений,09_key_not_verified,
G10_TB_§7_6_21_3,09_key_not_verified,автоматическая перепроверка ключа + ручная проверка расхождений,09_key_not_verified,
G10_TB_§7_6_22_2,09_key_not_verified,автоматическая перепроверка ключа + ручная проверка расхождений,09_key_not_verified,
G10_TB_§7_6_22_6,09_key_not_verified,автоматическая перепроверка ключа + ручная проверка расхождений,09_key_not_verified,
G10_TB_§7_6_23_1,09_key_not_verified,автоматическая перепроверка ключа + ручная проверка расхождений,09_key_not_verified,
G10_TB_§7_6_23_3,09_key_not_verified,автоматическая перепроверка ключа + ручная проверка расхождений,09_key_not_verified,
G10_TB_§7_7_1_1,11_open_input_no_options,да/нет показывать двумя вариантами (код),11_open_input_no_options,
G10_TB_§7_7_1_2,11_open_input_no_options,да/нет показывать двумя вариантами (код),11_open_input_no_options,
G10_TB_§7_7_1_3,11_open_input_no_options,да/нет показывать двумя вариантами (код),11_open_input_no_options,
G10_TB_§7_7_1_4,11_open_input_no_options,да/нет показывать двумя вариантами (код),11_open_input_no_options,
G10_TB_§7_7_2_1,11_open_input_no_options,да/нет показывать двумя вариантами (код),11_open_input_no_options,
G10_TB_§7_7_2_2,11_open_input_no_options,да/нет показывать двумя вариантами (код),11_open_input_no_options,
G10_TB_§7_7_2_3,11_open_input_no_options,да/нет показывать двумя вариантами (код),11_open_input_no_options,
G10_TB_§7_7_2_4,11_open_input_no_options,да/нет показывать двумя вариантами (код),11_open_input_no_options,
G10_TB_§7_7_4_2,09_key_not_verified,автоматическая перепроверка ключа + ручная проверка расхождений,09_key_not_verified,
G10_TB_§8_5,10_latex_meaning_differs,проверить до переключения показа на question_latex,10_latex_meaning_differs,
G10_TB_§8_7,10_latex_meaning_differs,проверить до переключения показа на question_latex,10_latex_meaning_differs,
G10_TB_§8_7_20_2,07_duplicate_question_conflicting_key,"сравнить копии, оставить верную, остальные отключить",07_duplicate_question_conflicting_key,
G10_TB_§8_7_21_2,09_key_not_verified,автоматическая перепроверка ключа + ручная проверка расхождений,09_key_not_verified,
G10_TB_§8_7_21_7,09_key_not_verified,автоматическая перепроверка ключа + ручная проверка расхождений,09_key_not_verified,
G10_TB_§8_7_21_8,09_key_not_verified,автоматическая перепроверка ключа + ручная проверка расхождений,09_key_not_verified,
G10_TB_§8_7_22_1,12_extra_copy_of_identical_task,отключить лишнюю копию (оставить одну),12_extra_copy_of_identical_task,
G10_TB_§8_7_22_2,12_extra_copy_of_identical_task,отключить лишнюю копию (оставить одну),12_extra_copy_of_identical_task,
G10_TB_§8_7_22_3,09_key_not_verified,автоматическая перепроверка ключа + ручная проверка расхождений,09_key_not_verified,
G10_TB_§8_7_22_5,12_extra_copy_of_identical_task,отключить лишнюю копию (оставить одну),12_extra_copy_of_identical_task,
G10_TB_§8_7_22_6,12_extra_copy_of_identical_task,отключить лишнюю копию (оставить одну),12_extra_copy_of_identical_task,
G10_TB_§8_8_1_2,09_key_not_verified,автоматическая перепроверка ключа + ручная проверка расхождений,09_key_not_verified;11_open_input_no_options,
G10_TB_§8_8_1_3,09_key_not_verified,автоматическая перепроверка ключа + ручная проверка расхождений,09_key_not_verified;11_open_input_no_options,
G10_TB_§8_8_1_4,09_key_not_verified,автоматическая перепроверка ключа + ручная проверка расхождений,09_key_not_verified;11_open_input_no_options,
G10_TB_§8_8_1_5,09_key_not_verified,автоматическая перепроверка ключа + ручная проверка расхождений,09_key_not_verified;11_open_input_no_options,
G10_TB_§8_8_2_3,10_latex_meaning_differs,проверить до переключения показа на question_latex,10_latex_meaning_differs,
G10_TB_§8_8_4_8,10_latex_meaning_differs,проверить до переключения показа на question_latex,10_latex_meaning_differs,
G10_TB_§8_8_7_6,09_key_not_verified,автоматическая перепроверка ключа + ручная проверка расхождений,09_key_not_verified,
G10_TB_§8_8_8_1,09_key_not_verified,автоматическая перепроверка ключа + ручная проверка расхождений,09_key_not_verified,
G10_TB_§8_8_9_2,09_key_not_verified,автоматическая перепроверка ключа + ручная проверка расхождений,09_key_not_verified,
G10_TB_§9_8_35_4,06_correct_lookalike_graded_wrong,исправляется кодом диагностики (оценка по выбранному варианту),06_correct_lookalike_graded_wrong;09_key_not_verified,
G10_TB_§9_8_38_1,09_key_not_verified,автоматическая перепроверка ключа + ручная проверка расхождений,09_key_not_verified;10_latex_meaning_differs,
G10_TB_§9_9_18_6,09_key_not_verified,автоматическая перепроверка ключа + ручная проверка расхождений,09_key_not_verified,
G10_TB_§9_9_1_4,09_key_not_verified,автоматическая перепроверка ключа + ручная проверка расхождений,09_key_not_verified,
G10_TB_§9_9_20,02_pipeline_flagged_invalid,проверить вручную: исправить или отключить,02_pipeline_flagged_invalid;09_key_not_verified,
G10_TB_§9_9_25_3,09_key_not_verified,автоматическая перепроверка ключа + ручная проверка расхождений,09_key_not_verified,
G10_TB_§9_9_25_8,09_key_not_verified,автоматическая перепроверка ключа + ручная проверка расхождений,09_key_not_verified;10_latex_meaning_differs,
G10_TB_§9_9_26_3,10_latex_meaning_differs,проверить до переключения показа на question_latex,10_latex_meaning_differs,
G10_TB_§9_9_26_4,06_correct_lookalike_graded_wrong,исправляется кодом диагностики (оценка по выбранному варианту),06_correct_lookalike_graded_wrong,
G10_TB_§9_9_26_6,09_key_not_verified,автоматическая перепроверка ключа + ручная проверка расхождений,09_key_not_verified,
G10_TB_§9_9_27_1,09_key_not_verified,автоматическая перепроверка ключа + ручная проверка расхождений,09_key_not_verified,
G10_TB_§9_9_27_2,09_key_not_verified,автоматическая перепроверка ключа + ручная проверка расхождений,09_key_not_verified,
G10_TB_§9_9_27_3,09_key_not_verified,автоматическая перепроверка ключа + ручная проверка расхождений,09_key_not_verified,
G10_TB_§9_9_28_1,09_key_not_verified,автоматическая перепроверка ключа + ручная проверка расхождений,09_key_not_verified,
G10_TB_§9_9_2_4,06_correct_lookalike_graded_wrong,исправляется кодом диагностики (оценка по выбранному варианту),06_correct_lookalike_graded_wrong;09_key_not_verified,
G10_TB_§9_9_3_4,09_key_not_verified,автоматическая перепроверка ключа + ручная проверка расхождений,09_key_not_verified,
G10_TB_§9_9_3_6,09_key_not_verified,автоматическая перепроверка ключа + ручная проверка расхождений,09_key_not_verified,
G10_TB_§9_9_43_1,09_key_not_verified,автоматическая перепроверка ключа + ручная проверка расхождений,09_key_not_verified,
G10_TB_§9_9_44_2,09_key_not_verified,автоматическая перепроверка ключа + ручная проверка расхождений,09_key_not_verified,
G10_TB_§9_9_45_1,09_key_not_verified,автоматическая перепроверка ключа + ручная проверка расхождений,09_key_not_verified,
G10_TB_§9_9_4_3,09_key_not_verified,автоматическая перепроверка ключа + ручная проверка расхождений,09_key_not_verified,
G10_TB_§9_9_4_5,09_key_not_verified,автоматическая перепроверка ключа + ручная проверка расхождений,09_key_not_verified,
G10_TB_§9_9_6_3,06_correct_lookalike_graded_wrong,исправляется кодом диагностики (оценка по выбранному варианту),06_correct_lookalike_graded_wrong,
G10_TB_§9_9_7_5,09_key_not_verified,автоматическая перепроверка ключа + ручная проверка расхождений,09_key_not_verified,
G10_TB_§9_9_8_5,09_key_not_verified,автоматическая перепроверка ключа + ручная проверка расхождений,09_key_not_verified,
G10_TB_§9_9_9_1,09_key_not_verified,автоматическая перепроверка ключа + ручная проверка расхождений,09_key_not_verified,
G10_TB_§9_9_9_2,09_key_not_verified,автоматическая перепроверка ключа + ручная проверка расхождений,09_key_not_verified,
G10_TB_§9_9_9_3,09_key_not_verified,автоматическая перепроверка ключа + ручная проверка расхождений,09_key_not_verified,
G10_TB_§9_9_9_4,09_key_not_verified,автоматическая перепроверка ключа + ручная проверка расхождений,09_key_not_verified,
G10_TB_•_13_6_2,09_key_not_verified,автоматическая перепроверка ключа + ручная проверка расхождений,09_key_not_verified,
G10_TB_•_13_6_5,09_key_not_verified,автоматическая перепроверка ключа + ручная проверка расхождений,09_key_not_verified,
G10_TB_•_13_7_2,09_key_not_verified,автоматическая перепроверка ключа + ручная проверка расхождений,09_key_not_verified,
G10_TB_•_13_8_3,09_key_not_verified,автоматическая перепроверка ключа + ручная проверка расхождений,09_key_not_verified,
G10_TB_•_13_8_4,09_key_not_verified,автоматическая перепроверка ключа + ручная проверка расхождений,09_key_not_verified,
G10_TB_•_13_9_1,09_key_not_verified,автоматическая перепроверка ключа + ручная проверка расхождений,09_key_not_verified,
G10_TB_•_2,09_key_not_verified,автоматическая перепроверка ключа + ручная проверка расхождений,09_key_not_verified,
G10_TB_•_3,09_key_not_verified,автоматическая перепроверка ключа + ручная проверка расхождений,09_key_not_verified,
G10_TB_•_5_23,09_key_not_verified,автоматическая перепроверка ключа + ручная проверка расхождений,09_key_not_verified,
G10_TB_•_5_24,09_key_not_verified,автоматическая перепроверка ключа + ручная проверка расхождений,09_key_not_verified,
G10_TB_•_5_25_3,10_latex_meaning_differs,проверить до переключения показа на question_latex,10_latex_meaning_differs,
G10_TB_•_5_25_5,10_latex_meaning_differs,проверить до переключения показа на question_latex,10_latex_meaning_differs,
G10_TB_•_5_25_8,06_correct_lookalike_graded_wrong,исправляется кодом диагностики (оценка по выбранному варианту),06_correct_lookalike_graded_wrong,
G10_TB_•_8,09_key_not_verified,автоматическая перепроверка ключа + ручная проверка расхождений,09_key_not_verified,
G10_TB_•_9,09_key_not_verified,автоматическая перепроверка ключа + ручная проверка расхождений,09_key_not_verified,
G11_TB_10_1_1,09_key_not_verified,автоматическая перепроверка ключа + ручная проверка расхождений,09_key_not_verified,
G11_TB_10_1_2,09_key_not_verified,автоматическая перепроверка ключа + ручная проверка расхождений,09_key_not_verified,
G11_TB_10_1_4,09_key_not_verified,автоматическая перепроверка ключа + ручная проверка расхождений,09_key_not_verified,
G11_TB_10_1_5,09_key_not_verified,автоматическая перепроверка ключа + ручная проверка расхождений,09_key_not_verified,
G11_TB_10_1_9_70_a,09_key_not_verified,автоматическая перепроверка ключа + ручная проверка расхождений,09_key_not_verified,
G11_TB_10_1_9_70_b,09_key_not_verified,автоматическая перепроверка ключа + ручная проверка расхождений,09_key_not_verified,
G11_TB_10_1_9_72_б,09_key_not_verified,автоматическая перепроверка ключа + ручная проверка расхождений,09_key_not_verified,
G11_TB_10_1_9_72_в,09_key_not_verified,автоматическая перепроверка ключа + ручная проверка расхождений,09_key_not_verified,
G11_TB_10_1_9_73_а,09_key_not_verified,автоматическая перепроверка ключа + ручная проверка расхождений,09_key_not_verified,
G11_TB_10_2_10_2_а,09_key_not_verified,автоматическая перепроверка ключа + ручная проверка расхождений,09_key_not_verified,
G11_TB_10_2_10_2_г,09_key_not_verified,автоматическая перепроверка ключа + ручная проверка расхождений,09_key_not_verified,
G11_TB_10_2_10_3_а,09_key_not_verified,автоматическая перепроверка ключа + ручная проверка расхождений,09_key_not_verified,
G11_TB_10_2_10_3_в,10_latex_meaning_differs,проверить до переключения показа на question_latex,10_latex_meaning_differs,
G11_TB_10_2_10_3_д,10_latex_meaning_differs,проверить до переключения показа на question_latex,10_latex_meaning_differs,
G11_TB_10_2_10_3_е,09_key_not_verified,автоматическая перепроверка ключа + ручная проверка расхождений,09_key_not_verified,
G11_TB_10_2_10_3_ж,09_key_not_verified,автоматическая перепроверка ключа + ручная проверка расхождений,09_key_not_verified,
G11_TB_10_2_10_3_л,09_key_not_verified,автоматическая перепроверка ключа + ручная проверка расхождений,09_key_not_verified,
G11_TB_10_2_10_3_н,09_key_not_verified,автоматическая перепроверка ключа + ручная проверка расхождений,09_key_not_verified,
G11_TB_10_2_10_3_о,09_key_not_verified,автоматическая перепроверка ключа + ручная проверка расхождений,09_key_not_verified,
G11_TB_10_2_10_3_п,09_key_not_verified,автоматическая перепроверка ключа + ручная проверка расхождений,09_key_not_verified;10_latex_meaning_differs,
G11_TB_10_2_6_2,09_key_not_verified,автоматическая перепроверка ключа + ручная проверка расхождений,09_key_not_verified,
G11_TB_10_2_7_1,09_key_not_verified,автоматическая перепроверка ключа + ручная проверка расхождений,09_key_not_verified,
G11_TB_10_2_7_2,09_key_not_verified,автоматическая перепроверка ключа + ручная проверка расхождений,09_key_not_verified,
G11_TB_10_2_8_1,09_key_not_verified,автоматическая перепроверка ключа + ручная проверка расхождений,09_key_not_verified,
G11_TB_10_2_9_1,09_key_not_verified,автоматическая перепроверка ключа + ручная проверка расхождений,09_key_not_verified,
G11_TB_10_2_9_2,09_key_not_verified,автоматическая перепроверка ключа + ручная проверка расхождений,09_key_not_verified,
G11_TB_10_3*_10_10*_а,09_key_not_verified,автоматическая перепроверка ключа + ручная проверка расхождений,09_key_not_verified,
G11_TB_10_3*_10_10*_б,09_key_not_verified,автоматическая перепроверка ключа + ручная проверка расхождений,09_key_not_verified,
G11_TB_10_3*_10_10*_в,09_key_not_verified,автоматическая перепроверка ключа + ручная проверка расхождений,09_key_not_verified,
G11_TB_10_3*_10_10*_г,09_key_not_verified,автоматическая перепроверка ключа + ручная проверка расхождений,09_key_not_verified,
G11_TB_10_3*_10_11_а,09_key_not_verified,автоматическая перепроверка ключа + ручная проверка расхождений,09_key_not_verified,
G11_TB_10_3*_10_11_б,09_key_not_verified,автоматическая перепроверка ключа + ручная проверка расхождений,09_key_not_verified,
G11_TB_10_3*_10_4*,07_duplicate_question_conflicting_key,"сравнить копии, оставить верную, остальные отключить",07_duplicate_question_conflicting_key,
G11_TB_10_3*_10_6_а,09_key_not_verified,автоматическая перепроверка ключа + ручная проверка расхождений,09_key_not_verified,
G11_TB_10_3*_10_6_г,09_key_not_verified,автоматическая перепроверка ключа + ручная проверка расхождений,09_key_not_verified,
G11_TB_10_3*_10_7_в,09_key_not_verified,автоматическая перепроверка ключа + ручная проверка расхождений,09_key_not_verified,
G11_TB_10_3*_10_7_г,09_key_not_verified,автоматическая перепроверка ключа + ручная проверка расхождений,09_key_not_verified;12_extra_copy_of_identical_task,
G11_TB_10_3*_10_8_а,09_key_not_verified,автоматическая перепроверка ключа + ручная проверка расхождений,09_key_not_verified,
G11_TB_10_3*_10_8_б,09_key_not_verified,автоматическая перепроверка ключа + ручная проверка расхождений,09_key_not_verified,
G11_TB_10_3*_10_8_в,09_key_not_verified,автоматическая перепроверка ключа + ручная проверка расхождений,09_key_not_verified,
G11_TB_10_3*_10_8_г,09_key_not_verified,автоматическая перепроверка ключа + ручная проверка расхождений,09_key_not_verified,
G11_TB_10_3*_10_9*_а,09_key_not_verified,автоматическая перепроверка ключа + ручная проверка расхождений,09_key_not_verified,
G11_TB_10_3*_10_9*_б,09_key_not_verified,автоматическая перепроверка ключа + ручная проверка расхождений,09_key_not_verified,
G11_TB_10_4*_14_a,09_key_not_verified,автоматическая перепроверка ключа + ручная проверка расхождений,09_key_not_verified,
G11_TB_10_4*_14_b,09_key_not_verified,автоматическая перепроверка ключа + ручная проверка расхождений,09_key_not_verified,
G11_TB_10_4*_15_a,09_key_not_verified,автоматическая перепроверка ключа + ручная проверка расхождений,09_key_not_verified,
G11_TB_10_4*_15_б,09_key_not_verified,автоматическая перепроверка ключа + ручная проверка расхождений,09_key_not_verified,
G11_TB_10_4*_16_a,09_key_not_verified,автоматическая перепроверка ключа + ручная проверка расхождений,09_key_not_verified,
G11_TB_10_4*_16_б,09_key_not_verified,автоматическая перепроверка ключа + ручная проверка расхождений,09_key_not_verified,
G11_TB_10_4*_17_a,09_key_not_verified,автоматическая перепроверка ключа + ручная проверка расхождений,09_key_not_verified,
G11_TB_10_4*_17_б,09_key_not_verified,автоматическая перепроверка ключа + ручная проверка расхождений,09_key_not_verified,
G11_TB_10_4*_18_a,09_key_not_verified,автоматическая перепроверка ключа + ручная проверка расхождений,09_key_not_verified,
G11_TB_10_4*_18_б,09_key_not_verified,автоматическая перепроверка ключа + ручная проверка расхождений,09_key_not_verified,
G11_TB_10_4*_18_в,09_key_not_verified,автоматическая перепроверка ключа + ручная проверка расхождений,09_key_not_verified,
G11_TB_10_4*_18_г,09_key_not_verified,автоматическая перепроверка ключа + ручная проверка расхождений,09_key_not_verified,
G11_TB_10_4*_19_a,09_key_not_verified,автоматическая перепроверка ключа + ручная проверка расхождений,09_key_not_verified,
G11_TB_10_4*_19_б,09_key_not_verified,автоматическая перепроверка ключа + ручная проверка расхождений,09_key_not_verified,
G11_TB_10_4*_19_в,09_key_not_verified,автоматическая перепроверка ключа + ручная проверка расхождений,09_key_not_verified,
G11_TB_10_4*_19_г,09_key_not_verified,автоматическая перепроверка ключа + ручная проверка расхождений,09_key_not_verified,
G11_TB_10_4*_20_в,09_key_not_verified,автоматическая перепроверка ключа + ручная проверка расхождений,09_key_not_verified,
G11_TB_10_4*_21_a,09_key_not_verified,автоматическая перепроверка ключа + ручная проверка расхождений,09_key_not_verified,
G11_TB_10_4*_21_в,09_key_not_verified,автоматическая перепроверка ключа + ручная проверка расхождений,09_key_not_verified,
G11_TB_10_4*_21_г,09_key_not_verified,автоматическая перепроверка ключа + ручная проверка расхождений,09_key_not_verified,
G11_TB_10_4*_22_a,09_key_not_verified,автоматическая перепроверка ключа + ручная проверка расхождений,09_key_not_verified,
G11_TB_10_4*_22_б,09_key_not_verified,автоматическая перепроверка ключа + ручная проверка расхождений,09_key_not_verified,
G11_TB_10_4*_22_в,09_key_not_verified,автоматическая перепроверка ключа + ручная проверка расхождений,09_key_not_verified,
G11_TB_10_4*_22_г,09_key_not_verified,автоматическая перепроверка ключа + ручная проверка расхождений,09_key_not_verified,
G11_TB_10_5*_10_24_б,09_key_not_verified,автоматическая перепроверка ключа + ручная проверка расхождений,09_key_not_verified,
G11_TB_10_5*_10_24_г,09_key_not_verified,автоматическая перепроверка ключа + ручная проверка расхождений,09_key_not_verified,
G11_TB_10_5*_10_25_е,09_key_not_verified,автоматическая перепроверка ключа + ручная проверка расхождений,09_key_not_verified,
G11_TB_10_5*_10_26*_б,09_key_not_verified,автоматическая перепроверка ключа + ручная проверка расхождений,09_key_not_verified,
G11_TB_10_5*_10_26*_в,09_key_not_verified,автоматическая перепроверка ключа + ручная проверка расхождений,09_key_not_verified,
G11_TB_10_5*_10_27_в,09_key_not_verified,автоматическая перепроверка ключа + ручная проверка расхождений,09_key_not_verified,
G11_TB_10_5*_10_28_а,09_key_not_verified,автоматическая перепроверка ключа + ручная проверка расхождений,09_key_not_verified,
G11_TB_10_5*_10_28_б,09_key_not_verified,автоматическая перепроверка ключа + ручная проверка расхождений,09_key_not_verified,
G11_TB_10_5*_10_28_в,09_key_not_verified,автоматическая перепроверка ключа + ручная проверка расхождений,09_key_not_verified,
G11_TB_10_5*_10_29_а,09_key_not_verified,автоматическая перепроверка ключа + ручная проверка расхождений,09_key_not_verified,
G11_TB_10_5*_10_29_б,09_key_not_verified,автоматическая перепроверка ключа + ручная проверка расхождений,09_key_not_verified,
G11_TB_10_5*_10_29_г,09_key_not_verified,автоматическая перепроверка ключа + ручная проверка расхождений,09_key_not_verified,
G11_TB_10_5*_10_30*_а,09_key_not_verified,автоматическая перепроверка ключа + ручная проверка расхождений,09_key_not_verified,
G11_TB_10_5*_10_30*_б,09_key_not_verified,автоматическая перепроверка ключа + ручная проверка расхождений,09_key_not_verified,
G11_TB_10_5*_10_30*_в,09_key_not_verified,автоматическая перепроверка ключа + ручная проверка расхождений,09_key_not_verified,
G11_TB_10_5*_10_30*_г,09_key_not_verified,автоматическая перепроверка ключа + ручная проверка расхождений,09_key_not_verified,
G11_TB_10_5*_4,09_key_not_verified,автоматическая перепроверка ключа + ручная проверка расхождений,09_key_not_verified,
G11_TB_10_5*_5,09_key_not_verified,автоматическая перепроверка ключа + ручная проверка расхождений,09_key_not_verified,
G11_TB_10_6*_10_31_1,09_key_not_verified,автоматическая перепроверка ключа + ручная проверка расхождений,09_key_not_verified;10_latex_meaning_differs,
G11_TB_10_6*_10_31_2,09_key_not_verified,автоматическая перепроверка ключа + ручная проверка расхождений,09_key_not_verified,
G11_TB_10_6*_10_32_1,09_key_not_verified,автоматическая перепроверка ключа + ручная проверка расхождений,09_key_not_verified,
G11_TB_10_6*_10_32_2,09_key_not_verified,автоматическая перепроверка ключа + ручная проверка расхождений,09_key_not_verified,
G11_TB_10_6*_10_32_3,09_key_not_verified,автоматическая перепроверка ключа + ручная проверка расхождений,09_key_not_verified,
G11_TB_10_6*_10_33_1,09_key_not_verified,автоматическая перепроверка ключа + ручная проверка расхождений,09_key_not_verified,
G11_TB_10_6*_10_33_2,09_key_not_verified,автоматическая перепроверка ключа + ручная проверка расхождений,09_key_not_verified,
G11_TB_10_6*_10_35_2,09_key_not_verified,автоматическая перепроверка ключа + ручная проверка расхождений,09_key_not_verified,
G11_TB_10_6*_10_35_3,09_key_not_verified,автоматическая перепроверка ключа + ручная проверка расхождений,09_key_not_verified,
G11_TB_10_6*_10_35_4,09_key_not_verified,автоматическая перепроверка ключа + ручная проверка расхождений,09_key_not_verified,
G11_TB_10_6*_10_37_1,09_key_not_verified,автоматическая перепроверка ключа + ручная проверка расхождений,09_key_not_verified,
G11_TB_10_6*_10_37_2,09_key_not_verified,автоматическая перепроверка ключа + ручная проверка расхождений,09_key_not_verified,
G11_TB_10_6*_10_38_1,09_key_not_verified,автоматическая перепроверка ключа + ручная проверка расхождений,09_key_not_verified,
G11_TB_10_6*_10_38_2,09_key_not_verified,автоматическая перепроверка ключа + ручная проверка расхождений,09_key_not_verified,
G11_TB_10_6*_10_38_3,09_key_not_verified,автоматическая перепроверка ключа + ручная проверка расхождений,09_key_not_verified,
G11_TB_10_6*_10_40_2,09_key_not_verified,автоматическая перепроверка ключа + ручная проверка расхождений,09_key_not_verified,
G11_TB_10_6*_10_41_1,09_key_not_verified,автоматическая перепроверка ключа + ручная проверка расхождений,09_key_not_verified,
G11_TB_10_6*_10_41_2,09_key_not_verified,автоматическая перепроверка ключа + ручная проверка расхождений,09_key_not_verified,
G11_TB_10_6*_10_42_1,09_key_not_verified,автоматическая перепроверка ключа + ручная проверка расхождений,09_key_not_verified,
G11_TB_10_6*_10_42_2,09_key_not_verified,автоматическая перепроверка ключа + ручная проверка расхождений,09_key_not_verified,
G11_TB_10_6*_10_43_1,09_key_not_verified,автоматическая перепроверка ключа + ручная проверка расхождений,09_key_not_verified,
G11_TB_10_6*_10_43_2,09_key_not_verified,автоматическая перепроверка ключа + ручная проверка расхождений,09_key_not_verified,
G11_TB_10_6*_10_44_1,09_key_not_verified,автоматическая перепроверка ключа + ручная проверка расхождений,09_key_not_verified,
G11_TB_10_6*_10_44_2,09_key_not_verified,автоматическая перепроверка ключа + ручная проверка расхождений,09_key_not_verified,
G11_TB_10_6*_10_45_1,09_key_not_verified,автоматическая перепроверка ключа + ручная проверка расхождений,09_key_not_verified,
G11_TB_10_6*_10_45_2,09_key_not_verified,автоматическая перепроверка ключа + ручная проверка расхождений,09_key_not_verified,
G11_TB_10_6*_10_45_3,09_key_not_verified,автоматическая перепроверка ключа + ручная проверка расхождений,09_key_not_verified,
G11_TB_10_6*_10_45_4,09_key_not_verified,автоматическая перепроверка ключа + ручная проверка расхождений,09_key_not_verified,
G11_TB_10_6*_10_46_2,09_key_not_verified,автоматическая перепроверка ключа + ручная проверка расхождений,09_key_not_verified,
G11_TB_11_1_10_48_a,09_key_not_verified,автоматическая перепроверка ключа + ручная проверка расхождений,09_key_not_verified,
G11_TB_11_1_10_48_b,09_key_not_verified,автоматическая перепроверка ключа + ручная проверка расхождений,09_key_not_verified,
G11_TB_11_1_10_49_b,09_key_not_verified,автоматическая перепроверка ключа + ручная проверка расхождений,09_key_not_verified,
G11_TB_11_1_10_50_b,09_key_not_verified,автоматическая перепроверка ключа + ручная проверка расхождений,09_key_not_verified,
G11_TB_11_1_10_52_a,09_key_not_verified,автоматическая перепроверка ключа + ручная проверка расхождений,09_key_not_verified;10_latex_meaning_differs,
G11_TB_11_1_10_52_b,09_key_not_verified,автоматическая перепроверка ключа + ручная проверка расхождений,09_key_not_verified;10_latex_meaning_differs,
G11_TB_11_1_10_53_a,09_key_not_verified,автоматическая перепроверка ключа + ручная проверка расхождений,09_key_not_verified,
G11_TB_11_1_10_53_b,09_key_not_verified,автоматическая перепроверка ключа + ручная проверка расхождений,09_key_not_verified,
G11_TB_11_3*_11_10_б,09_key_not_verified,автоматическая перепроверка ключа + ручная проверка расхождений,09_key_not_verified,
G11_TB_11_3*_11_10_г,09_key_not_verified,автоматическая перепроверка ключа + ручная проверка расхождений,09_key_not_verified,
G11_TB_11_3*_11_11_а,09_key_not_verified,автоматическая перепроверка ключа + ручная проверка расхождений,09_key_not_verified,
G11_TB_11_3*_11_11_б,09_key_not_verified,автоматическая перепроверка ключа + ручная проверка расхождений,09_key_not_verified,
G11_TB_11_3*_11_11_в,09_key_not_verified,автоматическая перепроверка ключа + ручная проверка расхождений,09_key_not_verified,
G11_TB_11_3*_11_11_г,09_key_not_verified,автоматическая перепроверка ключа + ручная проверка расхождений,09_key_not_verified,
G11_TB_11_3*_11_12_а,09_key_not_verified,автоматическая перепроверка ключа + ручная проверка расхождений,09_key_not_verified,
G11_TB_11_3*_11_12_б,09_key_not_verified,автоматическая перепроверка ключа + ручная проверка расхождений,09_key_not_verified,
G11_TB_11_3*_11_12_в,09_key_not_verified,автоматическая перепроверка ключа + ручная проверка расхождений,09_key_not_verified,
G11_TB_11_3*_11_13_б,09_key_not_verified,автоматическая перепроверка ключа + ручная проверка расхождений,09_key_not_verified,
G11_TB_11_3*_11_13_в,09_key_not_verified,автоматическая перепроверка ключа + ручная проверка расхождений,09_key_not_verified,
G11_TB_11_3*_11_14_а,09_key_not_verified,автоматическая перепроверка ключа + ручная проверка расхождений,09_key_not_verified,
G11_TB_11_3*_11_14_б,09_key_not_verified,автоматическая перепроверка ключа + ручная проверка расхождений,09_key_not_verified,
G11_TB_11_3*_11_14_в,09_key_not_verified,автоматическая перепроверка ключа + ручная проверка расхождений,09_key_not_verified,
G11_TB_11_3*_11_14_г,09_key_not_verified,автоматическая перепроверка ключа + ручная проверка расхождений,09_key_not_verified,
G11_TB_11_3*_11_15_а,09_key_not_verified,автоматическая перепроверка ключа + ручная проверка расхождений,09_key_not_verified,
G11_TB_11_3*_11_15_б,09_key_not_verified,автоматическая перепроверка ключа + ручная проверка расхождений,09_key_not_verified,
G11_TB_11_3*_11_15_в,01_confirmed_wrong_key,исправить ключ или отключить (см. decision_note),01_confirmed_wrong_key;04_duplicate_correct_option;09_key_not_verified,"deactivate: key wrong, statement likely mis-digitised"
G11_TB_11_3*_11_15_г,09_key_not_verified,автоматическая перепроверка ключа + ручная проверка расхождений,09_key_not_verified,
G11_TB_11_3*_11_16_а,09_key_not_verified,автоматическая перепроверка ключа + ручная проверка расхождений,09_key_not_verified,
G11_TB_11_3*_11_16_б,09_key_not_verified,автоматическая перепроверка ключа + ручная проверка расхождений,09_key_not_verified,
G11_TB_11_3*_11_16_в,09_key_not_verified,автоматическая перепроверка ключа + ручная проверка расхождений,09_key_not_verified,
G11_TB_11_3*_11_16_г,09_key_not_verified,автоматическая перепроверка ключа + ручная проверка расхождений,09_key_not_verified,
G11_TB_11_3*_11_6_а,09_key_not_verified,автоматическая перепроверка ключа + ручная проверка расхождений,09_key_not_verified,
G11_TB_11_3*_11_6_б,09_key_not_verified,автоматическая перепроверка ключа + ручная проверка расхождений,09_key_not_verified,
G11_TB_11_3*_11_6_в,09_key_not_verified,автоматическая перепроверка ключа + ручная проверка расхождений,09_key_not_verified,
G11_TB_11_3*_11_6_г,09_key_not_verified,автоматическая перепроверка ключа + ручная проверка расхождений,09_key_not_verified,
G11_TB_11_3*_11_7_а,09_key_not_verified,автоматическая перепроверка ключа + ручная проверка расхождений,09_key_not_verified,
G11_TB_11_3*_11_7_б,09_key_not_verified,автоматическая перепроверка ключа + ручная проверка расхождений,09_key_not_verified,
G11_TB_11_3*_11_7_в,09_key_not_verified,автоматическая перепроверка ключа + ручная проверка расхождений,09_key_not_verified,
G11_TB_11_3*_11_7_г,09_key_not_verified,автоматическая перепроверка ключа + ручная проверка расхождений,09_key_not_verified,
G11_TB_11_3*_11_8_г,09_key_not_verified,автоматическая перепроверка ключа + ручная проверка расхождений,09_key_not_verified,
G11_TB_11_3*_11_9_б,07_duplicate_question_conflicting_key,"сравнить копии, оставить верную, остальные отключить",07_duplicate_question_conflicting_key,
G11_TB_11_3*_11_9_г,09_key_not_verified,автоматическая перепроверка ключа + ручная проверка расхождений,09_key_not_verified,
G11_TB_11_4*_11_18_a,09_key_not_verified,автоматическая перепроверка ключа + ручная проверка расхождений,09_key_not_verified,
G11_TB_11_4*_11_18_г,09_key_not_verified,автоматическая перепроверка ключа + ручная проверка расхождений,09_key_not_verified,
G11_TB_11_4*_11_20_a,09_key_not_verified,автоматическая перепроверка ключа + ручная проверка расхождений,09_key_not_verified,
G11_TB_11_4*_11_20_b,09_key_not_verified,автоматическая перепроверка ключа + ручная проверка расхождений,09_key_not_verified,
G11_TB_11_4*_11_20_г,09_key_not_verified,автоматическая перепроверка ключа + ручная проверка расхождений,09_key_not_verified,
G11_TB_11_4*_11_21_a,09_key_not_verified,автоматическая перепроверка ключа + ручная проверка расхождений,09_key_not_verified,
G11_TB_11_4*_11_21_b,09_key_not_verified,автоматическая перепроверка ключа + ручная проверка расхождений,09_key_not_verified,
G11_TB_11_4*_11_21_в,09_key_not_verified,автоматическая перепроверка ключа + ручная проверка расхождений,09_key_not_verified,
G11_TB_11_4*_11_21_г,09_key_not_verified,автоматическая перепроверка ключа + ручная проверка расхождений,09_key_not_verified,
G11_TB_11_4*_11_22_a,09_key_not_verified,автоматическая перепроверка ключа + ручная проверка расхождений,09_key_not_verified,
G11_TB_11_4*_11_22_б,09_key_not_verified,автоматическая перепроверка ключа + ручная проверка расхождений,09_key_not_verified,
G11_TB_11_4*_11_4*,09_key_not_verified,автоматическая перепроверка ключа + ручная проверка расхождений,09_key_not_verified,
G11_TB_11_5*_11_24_а,09_key_not_verified,автоматическая перепроверка ключа + ручная проверка расхождений,09_key_not_verified,
G11_TB_11_5*_11_24_б,09_key_not_verified,автоматическая перепроверка ключа + ручная проверка расхождений,09_key_not_verified,
G11_TB_11_5*_11_24_в,09_key_not_verified,автоматическая перепроверка ключа + ручная проверка расхождений,09_key_not_verified,
G11_TB_11_5*_11_24_г,09_key_not_verified,автоматическая перепроверка ключа + ручная проверка расхождений,09_key_not_verified,
G11_TB_11_5*_11_25_а,09_key_not_verified,автоматическая перепроверка ключа + ручная проверка расхождений,09_key_not_verified,
G11_TB_11_5*_11_25_в,09_key_not_verified,автоматическая перепроверка ключа + ручная проверка расхождений,09_key_not_verified,
G11_TB_11_5*_11_25_г,09_key_not_verified,автоматическая перепроверка ключа + ручная проверка расхождений,09_key_not_verified,
G11_TB_11_5*_11_26_в,09_key_not_verified,автоматическая перепроверка ключа + ручная проверка расхождений,09_key_not_verified,
G11_TB_11_5*_11_27_а,09_key_not_verified,автоматическая перепроверка ключа + ручная проверка расхождений,09_key_not_verified,
G11_TB_11_5*_11_27_б,09_key_not_verified,автоматическая перепроверка ключа + ручная проверка расхождений,09_key_not_verified,
G11_TB_11_5*_11_28_б,09_key_not_verified,автоматическая перепроверка ключа + ручная проверка расхождений,09_key_not_verified,
G11_TB_11_5*_11_28_в,09_key_not_verified,автоматическая перепроверка ключа + ручная проверка расхождений,09_key_not_verified,
G11_TB_11_5*_11_28_г,09_key_not_verified,автоматическая перепроверка ключа + ручная проверка расхождений,09_key_not_verified,
G11_TB_11_5*_11_30_б,09_key_not_verified,автоматическая перепроверка ключа + ручная проверка расхождений,09_key_not_verified,
G11_TB_11_5*_11_30_г,09_key_not_verified,автоматическая перепроверка ключа + ручная проверка расхождений,09_key_not_verified,
G11_TB_11_5*_11_31*_а,09_key_not_verified,автоматическая перепроверка ключа + ручная проверка расхождений,09_key_not_verified,
G11_TB_11_5*_11_31*_б,09_key_not_verified,автоматическая перепроверка ключа + ручная проверка расхождений,09_key_not_verified,
G11_TB_11_5*_11_31*_г,09_key_not_verified,автоматическая перепроверка ключа + ручная проверка расхождений,09_key_not_verified,
G11_TB_11_5*_11_32*_а,09_key_not_verified,автоматическая перепроверка ключа + ручная проверка расхождений,09_key_not_verified,
G11_TB_11_5*_11_33*_а,09_key_not_verified,автоматическая перепроверка ключа + ручная проверка расхождений,09_key_not_verified,
G11_TB_11_5*_11_33*_б,09_key_not_verified,автоматическая перепроверка ключа + ручная проверка расхождений,09_key_not_verified,
G11_TB_11_6*_11_35_a,09_key_not_verified,автоматическая перепроверка ключа + ручная проверка расхождений,09_key_not_verified,
G11_TB_11_6*_11_35_б,09_key_not_verified,автоматическая перепроверка ключа + ручная проверка расхождений,09_key_not_verified,
G11_TB_11_6*_11_36_a,09_key_not_verified,автоматическая перепроверка ключа + ручная проверка расхождений,09_key_not_verified,
G11_TB_11_6*_11_36_б,09_key_not_verified,автоматическая перепроверка ключа + ручная проверка расхождений,09_key_not_verified,
G11_TB_11_6*_11_38_a,09_key_not_verified,автоматическая перепроверка ключа + ручная проверка расхождений,09_key_not_verified,
G11_TB_11_6*_11_38_б,09_key_not_verified,автоматическая перепроверка ключа + ручная проверка расхождений,09_key_not_verified,
G11_TB_11_6*_11_39_a,09_key_not_verified,автоматическая перепроверка ключа + ручная проверка расхождений,09_key_not_verified,
G11_TB_11_6*_11_39_б,09_key_not_verified,автоматическая перепроверка ключа + ручная проверка расхождений,09_key_not_verified,
G11_TB_11_6*_11_39_в,09_key_not_verified,автоматическая перепроверка ключа + ручная проверка расхождений,09_key_not_verified,
G11_TB_11_6*_11_40_б,09_key_not_verified,автоматическая перепроверка ключа + ручная проверка расхождений,09_key_not_verified,
G11_TB_11_6*_11_41_a,09_key_not_verified,автоматическая перепроверка ключа + ручная проверка расхождений,09_key_not_verified,
G11_TB_11_6*_11_41_г,09_key_not_verified,автоматическая перепроверка ключа + ручная проверка расхождений,09_key_not_verified,
G11_TB_11_6*_11_42*_a,09_key_not_verified,автоматическая перепроверка ключа + ручная проверка расхождений,09_key_not_verified,
G11_TB_11_6*_11_43*_б,09_key_not_verified,автоматическая перепроверка ключа + ручная проверка расхождений,09_key_not_verified,
G11_TB_11_6*_11_44_a,09_key_not_verified,автоматическая перепроверка ключа + ручная проверка расхождений,09_key_not_verified,
G11_TB_11_6*_11_44_в,09_key_not_verified,автоматическая перепроверка ключа + ручная проверка расхождений,09_key_not_verified,
G11_TB_11_6*_11_44_г,09_key_not_verified,автоматическая перепроверка ключа + ручная проверка расхождений,09_key_not_verified,
G11_TB_11_6*_11_45*_a,09_key_not_verified,автоматическая перепроверка ключа + ручная проверка расхождений,09_key_not_verified,
G11_TB_11_6*_11_45*_б,02_pipeline_flagged_invalid,проверить вручную: исправить или отключить,02_pipeline_flagged_invalid;09_key_not_verified,
G11_TB_11_6*_11_46*_a,09_key_not_verified,автоматическая перепроверка ключа + ручная проверка расхождений,09_key_not_verified,
G11_TB_11_6*_11_47,09_key_not_verified,автоматическая перепроверка ключа + ручная проверка расхождений,09_key_not_verified,
G11_TB_11_7*_11_48_1,09_key_not_verified,автоматическая перепроверка ключа + ручная проверка расхождений,09_key_not_verified,
G11_TB_11_7*_11_49_1,09_key_not_verified,автоматическая перепроверка ключа + ручная проверка расхождений,09_key_not_verified;10_latex_meaning_differs,
G11_TB_11_7*_11_49_2,09_key_not_verified,автоматическая перепроверка ключа + ручная проверка расхождений,09_key_not_verified;10_latex_meaning_differs,
G11_TB_11_7*_11_50_2,09_key_not_verified,автоматическая перепроверка ключа + ручная проверка расхождений,09_key_not_verified,
G11_TB_11_7*_11_51_1,09_key_not_verified,автоматическая перепроверка ключа + ручная проверка расхождений,09_key_not_verified,
G11_TB_11_7*_11_51_2,09_key_not_verified,автоматическая перепроверка ключа + ручная проверка расхождений,09_key_not_verified,
G11_TB_11_7*_11_52_1,09_key_not_verified,автоматическая перепроверка ключа + ручная проверка расхождений,09_key_not_verified,
G11_TB_11_7*_11_52_2,09_key_not_verified,автоматическая перепроверка ключа + ручная проверка расхождений,09_key_not_verified,
G11_TB_11_7*_11_53_1,09_key_not_verified,автоматическая перепроверка ключа + ручная проверка расхождений,09_key_not_verified;10_latex_meaning_differs,
G11_TB_11_7*_11_53_2,09_key_not_verified,автоматическая перепроверка ключа + ручная проверка расхождений,09_key_not_verified,
G11_TB_11_7*_11_54_1,09_key_not_verified,автоматическая перепроверка ключа + ручная проверка расхождений,09_key_not_verified;10_latex_meaning_differs,
G11_TB_11_7*_11_54_2,09_key_not_verified,автоматическая перепроверка ключа + ручная проверка расхождений,09_key_not_verified;10_latex_meaning_differs,
G11_TB_12_1_11_55_g,09_key_not_verified,автоматическая перепроверка ключа + ручная проверка расхождений,09_key_not_verified,
G11_TB_12_1_11_55_v,09_key_not_verified,автоматическая перепроверка ключа + ручная проверка расхождений,09_key_not_verified,
G11_TB_12_1_11_56_a,09_key_not_verified,автоматическая перепроверка ключа + ручная проверка расхождений,09_key_not_verified,
G11_TB_12_1_11_56_b,09_key_not_verified,автоматическая перепроверка ключа + ручная проверка расхождений,09_key_not_verified,
G11_TB_12_1_11_56_g,09_key_not_verified,автоматическая перепроверка ключа + ручная проверка расхождений,09_key_not_verified,
G11_TB_12_1_11_56_v,09_key_not_verified,автоматическая перепроверка ключа + ручная проверка расхождений,09_key_not_verified,
G11_TB_12_1_11_57_b,09_key_not_verified,автоматическая перепроверка ключа + ручная проверка расхождений,09_key_not_verified,
G11_TB_12_1_11_57_g,09_key_not_verified,автоматическая перепроверка ключа + ручная проверка расхождений,09_key_not_verified,
G11_TB_12_1_11_58_a,09_key_not_verified,автоматическая перепроверка ключа + ручная проверка расхождений,09_key_not_verified,
G11_TB_12_1_11_58_b,09_key_not_verified,автоматическая перепроверка ключа + ручная проверка расхождений,09_key_not_verified,
G11_TB_12_1_11_58_g,09_key_not_verified,автоматическая перепроверка ключа + ручная проверка расхождений,09_key_not_verified,
G11_TB_12_1_11_58_v,09_key_not_verified,автоматическая перепроверка ключа + ручная проверка расхождений,09_key_not_verified,
G11_TB_12_1_11_59_a,09_key_not_verified,автоматическая перепроверка ключа + ручная проверка расхождений,09_key_not_verified,
G11_TB_12_1_11_59_v,09_key_not_verified,автоматическая перепроверка ключа + ручная проверка расхождений,09_key_not_verified,
G11_TB_12_1_11_60_a,09_key_not_verified,автоматическая перепроверка ключа + ручная проверка расхождений,09_key_not_verified,
G11_TB_12_1_11_60_b,09_key_not_verified,автоматическая перепроверка ключа + ручная проверка расхождений,09_key_not_verified,
G11_TB_12_1_11_60_g,09_key_not_verified,автоматическая перепроверка ключа + ручная проверка расхождений,09_key_not_verified,
G11_TB_12_1_11_60_v,09_key_not_verified,автоматическая перепроверка ключа + ручная проверка расхождений,09_key_not_verified,
G11_TB_12_1_11_61_g,09_key_not_verified,автоматическая перепроверка ключа + ручная проверка расхождений,09_key_not_verified,
G11_TB_12_1_11_61_v,09_key_not_verified,автоматическая перепроверка ключа + ручная проверка расхождений,09_key_not_verified,
G11_TB_12_1_11_62_a,09_key_not_verified,автоматическая перепроверка ключа + ручная проверка расхождений,09_key_not_verified;10_latex_meaning_differs,
G11_TB_12_1_11_62_b,10_latex_meaning_differs,проверить до переключения показа на question_latex,10_latex_meaning_differs,
G11_TB_12_1_11_62_g,09_key_not_verified,автоматическая перепроверка ключа + ручная проверка расхождений,09_key_not_verified;10_latex_meaning_differs,
G11_TB_12_1_11_62_v,09_key_not_verified,автоматическая перепроверка ключа + ручная проверка расхождений,09_key_not_verified;10_latex_meaning_differs,
G11_TB_12_1_11_63_a,09_key_not_verified,автоматическая перепроверка ключа + ручная проверка расхождений,09_key_not_verified,
G11_TB_12_1_11_63_b,09_key_not_verified,автоматическая перепроверка ключа + ручная проверка расхождений,09_key_not_verified,
G11_TB_12_1_11_63_g,09_key_not_verified,автоматическая перепроверка ключа + ручная проверка расхождений,09_key_not_verified,
G11_TB_12_1_11_63_v,09_key_not_verified,автоматическая перепроверка ключа + ручная проверка расхождений,09_key_not_verified,
G11_TB_12_1_11_64_a,09_key_not_verified,автоматическая перепроверка ключа + ручная проверка расхождений,09_key_not_verified,
G11_TB_12_1_11_64_b,09_key_not_verified,автоматическая перепроверка ключа + ручная проверка расхождений,09_key_not_verified,
G11_TB_12_1_11_64_g,09_key_not_verified,автоматическая перепроверка ключа + ручная проверка расхождений,09_key_not_verified,
G11_TB_12_1_11_64_v,09_key_not_verified,автоматическая перепроверка ключа + ручная проверка расхождений,09_key_not_verified,
G11_TB_12_1_305_3,09_key_not_verified,автоматическая перепроверка ключа + ручная проверка расхождений,09_key_not_verified,
G11_TB_12_2_12_1_е,09_key_not_verified,автоматическая перепроверка ключа + ручная проверка расхождений,09_key_not_verified,
G11_TB_12_2_12_2_б,09_key_not_verified,автоматическая перепроверка ключа + ручная проверка расхождений,09_key_not_verified,
G11_TB_12_2_12_2_в,09_key_not_verified,автоматическая перепроверка ключа + ручная проверка расхождений,09_key_not_verified,
G11_TB_12_2_12_3_а,09_key_not_verified,автоматическая перепроверка ключа + ручная проверка расхождений,09_key_not_verified,
G11_TB_12_2_12_3_г,09_key_not_verified,автоматическая перепроверка ключа + ручная проверка расхождений,09_key_not_verified,
G11_TB_12_2_12_4_а,09_key_not_verified,автоматическая перепроверка ключа + ручная проверка расхождений,09_key_not_verified,
G11_TB_12_2_12_4_в,09_key_not_verified,автоматическая перепроверка ключа + ручная проверка расхождений,09_key_not_verified,
G11_TB_12_2_12_4_г,09_key_not_verified,автоматическая перепроверка ключа + ручная проверка расхождений,09_key_not_verified,
G11_TB_12_2_12_5_а,09_key_not_verified,автоматическая перепроверка ключа + ручная проверка расхождений,09_key_not_verified,
G11_TB_12_2_12_5_б,09_key_not_verified,автоматическая перепроверка ключа + ручная проверка расхождений,09_key_not_verified,
G11_TB_12_2_12_5_в,09_key_not_verified,автоматическая перепроверка ключа + ручная проверка расхождений,09_key_not_verified,
G11_TB_12_2_12_5_г,09_key_not_verified,автоматическая перепроверка ключа + ручная проверка расхождений,09_key_not_verified,
G11_TB_12_2_12_6_в,09_key_not_verified,автоматическая перепроверка ключа + ручная проверка расхождений,09_key_not_verified,
G11_TB_12_2_12_6_г,09_key_not_verified,автоматическая перепроверка ключа + ручная проверка расхождений,09_key_not_verified,
G11_TB_12_2_12_7_а,09_key_not_verified,автоматическая перепроверка ключа + ручная проверка расхождений,09_key_not_verified,
G11_TB_12_2_12_8*,03_proof_task,отключить в диагностике/экзаменах (автоматически не проверяется),03_proof_task,
G11_TB_12_2_12_9*_а,09_key_not_verified,автоматическая перепроверка ключа + ручная проверка расхождений,09_key_not_verified,
G11_TB_12_2_12_9*_б,09_key_not_verified,автоматическая перепроверка ключа + ручная проверка расхождений,09_key_not_verified,
G11_TB_12_2_12_9*_в,09_key_not_verified,автоматическая перепроверка ключа + ручная проверка расхождений,09_key_not_verified,
G11_TB_12_2_12_9*_г,09_key_not_verified,автоматическая перепроверка ключа + ручная проверка расхождений,09_key_not_verified,
G11_TB_12_3_12_10_a,09_key_not_verified,автоматическая перепроверка ключа + ручная проверка расхождений,09_key_not_verified,
G11_TB_12_3_12_10_b,09_key_not_verified,автоматическая перепроверка ключа + ручная проверка расхождений,09_key_not_verified,
G11_TB_12_3_12_10_c,09_key_not_verified,автоматическая перепроверка ключа + ручная проверка расхождений,09_key_not_verified,
G11_TB_12_3_12_11_a,09_key_not_verified,автоматическая перепроверка ключа + ручная проверка расхождений,09_key_not_verified,
G11_TB_12_3_12_11_b,09_key_not_verified,автоматическая перепроверка ключа + ручная проверка расхождений,09_key_not_verified,
G11_TB_12_3_12_11_c,04_duplicate_correct_option,убрать дубль варианта,04_duplicate_correct_option;09_key_not_verified,
G11_TB_12_3_12_11_d,09_key_not_verified,автоматическая перепроверка ключа + ручная проверка расхождений,09_key_not_verified,
G11_TB_12_3_12_12_c,09_key_not_verified,автоматическая перепроверка ключа + ручная проверка расхождений,09_key_not_verified,
G11_TB_12_3_12_12_d,09_key_not_verified,автоматическая перепроверка ключа + ручная проверка расхождений,09_key_not_verified,
G11_TB_12_3_12_13_a,09_key_not_verified,автоматическая перепроверка ключа + ручная проверка расхождений,09_key_not_verified,
G11_TB_12_3_12_13_b,09_key_not_verified,автоматическая перепроверка ключа + ручная проверка расхождений,09_key_not_verified,
G11_TB_12_3_12_13_c,09_key_not_verified,автоматическая перепроверка ключа + ручная проверка расхождений,09_key_not_verified,
G11_TB_12_3_12_13_d,09_key_not_verified,автоматическая перепроверка ключа + ручная проверка расхождений,09_key_not_verified,
G11_TB_12_3_12_14_a,09_key_not_verified,автоматическая перепроверка ключа + ручная проверка расхождений,09_key_not_verified,
G11_TB_12_3_12_14_b,09_key_not_verified,автоматическая перепроверка ключа + ручная проверка расхождений,09_key_not_verified,
G11_TB_12_3_12_14_c,09_key_not_verified,автоматическая перепроверка ключа + ручная проверка расхождений,09_key_not_verified,
G11_TB_12_3_12_14_d,09_key_not_verified,автоматическая перепроверка ключа + ручная проверка расхождений,09_key_not_verified,
G11_TB_12_3_12_15_a,09_key_not_verified,автоматическая перепроверка ключа + ручная проверка расхождений,09_key_not_verified,
G11_TB_12_3_12_15_b,09_key_not_verified,автоматическая перепроверка ключа + ручная проверка расхождений,09_key_not_verified,
G11_TB_12_3_12_15_c,09_key_not_verified,автоматическая перепроверка ключа + ручная проверка расхождений,09_key_not_verified,
G11_TB_12_3_12_15_d,09_key_not_verified,автоматическая перепроверка ключа + ручная проверка расхождений,09_key_not_verified,
G11_TB_12_3_12_16_a,09_key_not_verified,автоматическая перепроверка ключа + ручная проверка расхождений,09_key_not_verified,
G11_TB_12_3_12_16_b,09_key_not_verified,автоматическая перепроверка ключа + ручная проверка расхождений,09_key_not_verified,
G11_TB_13_1*_12_18_a,09_key_not_verified,автоматическая перепроверка ключа + ручная проверка расхождений,09_key_not_verified,
G11_TB_13_1*_12_18_b,09_key_not_verified,автоматическая перепроверка ключа + ручная проверка расхождений,09_key_not_verified,
G11_TB_13_1*_12_18_в,09_key_not_verified,автоматическая перепроверка ключа + ручная проверка расхождений,09_key_not_verified,
G11_TB_13_1*_12_18_г,09_key_not_verified,автоматическая перепроверка ключа + ручная проверка расхождений,09_key_not_verified,
G11_TB_13_1*_12_19_a,09_key_not_verified,автоматическая перепроверка ключа + ручная проверка расхождений,09_key_not_verified,
G11_TB_13_1*_12_19_b,09_key_not_verified,автоматическая перепроверка ключа + ручная проверка расхождений,09_key_not_verified,
G11_TB_13_1*_12_19_г,09_key_not_verified,автоматическая перепроверка ключа + ручная проверка расхождений,09_key_not_verified,
G11_TB_13_1*_12_20_a,10_latex_meaning_differs,проверить до переключения показа на question_latex,10_latex_meaning_differs,
G11_TB_13_1*_12_20_b,09_key_not_verified,автоматическая перепроверка ключа + ручная проверка расхождений,09_key_not_verified;10_latex_meaning_differs,
G11_TB_13_1*_12_20_в,09_key_not_verified,автоматическая перепроверка ключа + ручная проверка расхождений,09_key_not_verified;10_latex_meaning_differs,
G11_TB_13_1*_12_20_г,09_key_not_verified,автоматическая перепроверка ключа + ручная проверка расхождений,09_key_not_verified;10_latex_meaning_differs,
G11_TB_13_1*_12_21_a,09_key_not_verified,автоматическая перепроверка ключа + ручная проверка расхождений,09_key_not_verified;10_latex_meaning_differs,
G11_TB_13_1*_12_21_b,09_key_not_verified,автоматическая перепроверка ключа + ручная проверка расхождений,09_key_not_verified;10_latex_meaning_differs,
G11_TB_13_1*_12_21_c,09_key_not_verified,автоматическая перепроверка ключа + ручная проверка расхождений,09_key_not_verified,
G11_TB_13_1*_12_21_d,09_key_not_verified,автоматическая перепроверка ключа + ручная проверка расхождений,09_key_not_verified,
G11_TB_13_1*_12_22_a,09_key_not_verified,автоматическая перепроверка ключа + ручная проверка расхождений,09_key_not_verified,
G11_TB_13_1*_12_22_б,09_key_not_verified,автоматическая перепроверка ключа + ручная проверка расхождений,09_key_not_verified;10_latex_meaning_differs,
G11_TB_13_1*_12_23_a,09_key_not_verified,автоматическая перепроверка ключа + ручная проверка расхождений,09_key_not_verified,
G11_TB_13_1*_12_23_б,09_key_not_verified,автоматическая перепроверка ключа + ручная проверка расхождений,09_key_not_verified,
G11_TB_13_2*_13_1_а,09_key_not_verified,автоматическая перепроверка ключа + ручная проверка расхождений,09_key_not_verified,
G11_TB_13_2*_13_1_б,09_key_not_verified,автоматическая перепроверка ключа + ручная проверка расхождений,09_key_not_verified,
G11_TB_13_2*_13_1_г,09_key_not_verified,автоматическая перепроверка ключа + ручная проверка расхождений,09_key_not_verified,
G11_TB_13_2*_13_3_б,09_key_not_verified,автоматическая перепроверка ключа + ручная проверка расхождений,09_key_not_verified,
G11_TB_13_2*_13_3_в,09_key_not_verified,автоматическая перепроверка ключа + ручная проверка расхождений,09_key_not_verified,
G11_TB_13_2*_13_4_а,09_key_not_verified,автоматическая перепроверка ключа + ручная проверка расхождений,09_key_not_verified,
G11_TB_13_2*_13_4_б,09_key_not_verified,автоматическая перепроверка ключа + ручная проверка расхождений,09_key_not_verified,
G11_TB_13_2*_13_5_а,09_key_not_verified,автоматическая перепроверка ключа + ручная проверка расхождений,09_key_not_verified,
G11_TB_13_2*_13_5_б,09_key_not_verified,автоматическая перепроверка ключа + ручная проверка расхождений,09_key_not_verified,
G11_TB_13_3*_13_11_a,09_key_not_verified,автоматическая перепроверка ключа + ручная проверка расхождений,09_key_not_verified,
G11_TB_13_3*_13_11_b,09_key_not_verified,автоматическая перепроверка ключа + ручная проверка расхождений,09_key_not_verified,
G11_TB_13_3*_13_14_c,09_key_not_verified,автоматическая перепроверка ключа + ручная проверка расхождений,09_key_not_verified,
G11_TB_13_3*_13_14_d,09_key_not_verified,автоматическая перепроверка ключа + ручная проверка расхождений,09_key_not_verified,
G11_TB_13_3*_13_7_b,09_key_not_verified,автоматическая перепроверка ключа + ручная проверка расхождений,09_key_not_verified,
G11_TB_13_3*_13_9_d,09_key_not_verified,автоматическая перепроверка ключа + ручная проверка расхождений,09_key_not_verified,
G11_TB_13_4*_13_19_г,09_key_not_verified,автоматическая перепроверка ключа + ручная проверка расхождений,09_key_not_verified,
G11_TB_13_4*_13_20_a,09_key_not_verified,автоматическая перепроверка ключа + ручная проверка расхождений,09_key_not_verified,
G11_TB_13_4*_13_22_б,09_key_not_verified,автоматическая перепроверка ключа + ручная проверка расхождений,09_key_not_verified,
G11_TB_13_4*_13_22_в,10_latex_meaning_differs,проверить до переключения показа на question_latex,10_latex_meaning_differs,
G11_TB_13_4*_13_23_б,09_key_not_verified,автоматическая перепроверка ключа + ручная проверка расхождений,09_key_not_verified,
G11_TB_13_4*_13_24_a,09_key_not_verified,автоматическая перепроверка ключа + ручная проверка расхождений,09_key_not_verified,
G11_TB_13_4*_13_24_б,09_key_not_verified,автоматическая перепроверка ключа + ручная проверка расхождений,09_key_not_verified,
G11_TB_13_4*_13_25_a,09_key_not_verified,автоматическая перепроверка ключа + ручная проверка расхождений,09_key_not_verified;10_latex_meaning_differs,
G11_TB_13_4*_13_25_б,10_latex_meaning_differs,проверить до переключения показа на question_latex,10_latex_meaning_differs,
G11_TB_13_4*_13_26_г,09_key_not_verified,автоматическая перепроверка ключа + ручная проверка расхождений,09_key_not_verified,
G11_TB_13_5*_13_28_а,09_key_not_verified,автоматическая перепроверка ключа + ручная проверка расхождений,09_key_not_verified,
G11_TB_14_1_13_35_a,09_key_not_verified,автоматическая перепроверка ключа + ручная проверка расхождений,09_key_not_verified,
G11_TB_14_1_13_35_b,09_key_not_verified,автоматическая перепроверка ключа + ручная проверка расхождений,09_key_not_verified,
G11_TB_14_1_13_35_v,09_key_not_verified,автоматическая перепроверка ключа + ручная проверка расхождений,09_key_not_verified,
G11_TB_14_1_13_36_a,09_key_not_verified,автоматическая перепроверка ключа + ручная проверка расхождений,09_key_not_verified,
G11_TB_14_1_13_36_b,09_key_not_verified,автоматическая перепроверка ключа + ручная проверка расхождений,09_key_not_verified,
G11_TB_14_1_13_36_g,09_key_not_verified,автоматическая перепроверка ключа + ручная проверка расхождений,09_key_not_verified,
G11_TB_14_1_13_36_v,09_key_not_verified,автоматическая перепроверка ключа + ручная проверка расхождений,09_key_not_verified,
G11_TB_14_1_13_37_g,09_key_not_verified,автоматическая перепроверка ключа + ручная проверка расхождений,09_key_not_verified,
G11_TB_14_1_14_2,09_key_not_verified,автоматическая перепроверка ключа + ручная проверка расхождений,09_key_not_verified,
G11_TB_14_1_14_3,09_key_not_verified,автоматическая перепроверка ключа + ручная проверка расхождений,09_key_not_verified,
G11_TB_14_1_1_5,09_key_not_verified,автоматическая перепроверка ключа + ручная проверка расхождений,09_key_not_verified,
G11_TB_14_1_1_6,09_key_not_verified,автоматическая перепроверка ключа + ручная проверка расхождений,09_key_not_verified,
G11_TB_14_1_1_7,09_key_not_verified,автоматическая перепроверка ключа + ручная проверка расхождений,09_key_not_verified,
G11_TB_14_1_2_1,09_key_not_verified,автоматическая перепроверка ключа + ручная проверка расхождений,09_key_not_verified,
G11_TB_14_2_14_1,09_key_not_verified,автоматическая перепроверка ключа + ручная проверка расхождений,09_key_not_verified,
G11_TB_14_2_14_12,09_key_not_verified,автоматическая перепроверка ключа + ручная проверка расхождений,09_key_not_verified;10_latex_meaning_differs,
G11_TB_14_2_14_13,10_latex_meaning_differs,проверить до переключения показа на question_latex,10_latex_meaning_differs,
G11_TB_14_2_14_14,09_key_not_verified,автоматическая перепроверка ключа + ручная проверка расхождений,09_key_not_verified;10_latex_meaning_differs,
G11_TB_14_2_14_16,09_key_not_verified,автоматическая перепроверка ключа + ручная проверка расхождений,09_key_not_verified,
G11_TB_14_2_14_19_b,09_key_not_verified,автоматическая перепроверка ключа + ручная проверка расхождений,09_key_not_verified;11_open_input_no_options,
G11_TB_14_2_14_19_e,09_key_not_verified,автоматическая перепроверка ключа + ручная проверка расхождений,09_key_not_verified;11_open_input_no_options,
G11_TB_14_2_14_2_5,09_key_not_verified,автоматическая перепроверка ключа + ручная проверка расхождений,09_key_not_verified,
G11_TB_14_2_14_3,09_key_not_verified,автоматическая перепроверка ключа + ручная проверка расхождений,09_key_not_verified,
G11_TB_14_2_14_4,03_proof_task,отключить в диагностике/экзаменах (автоматически не проверяется),03_proof_task,
G11_TB_14_2_14_5,03_proof_task,отключить в диагностике/экзаменах (автоматически не проверяется),03_proof_task,
G11_TB_14_2_14_6,09_key_not_verified,автоматическая перепроверка ключа + ручная проверка расхождений,09_key_not_verified,
G11_TB_14_2_14_8,10_latex_meaning_differs,проверить до переключения показа на question_latex,10_latex_meaning_differs,
G11_TB_14_2_14_9,09_key_not_verified,автоматическая перепроверка ключа + ручная проверка расхождений,09_key_not_verified;10_latex_meaning_differs,
G11_TB_14_2_2_3,06_correct_lookalike_graded_wrong,исправляется кодом диагностики (оценка по выбранному варианту),06_correct_lookalike_graded_wrong,
G11_TB_14_2_2_4,06_correct_lookalike_graded_wrong,исправляется кодом диагностики (оценка по выбранному варианту),06_correct_lookalike_graded_wrong,
G11_TB_14_2_2_6,09_key_not_verified,автоматическая перепроверка ключа + ручная проверка расхождений,09_key_not_verified,
G11_TB_14_2_2_7,06_correct_lookalike_graded_wrong,исправляется кодом диагностики (оценка по выбранному варианту),06_correct_lookalike_graded_wrong,
G11_TB_14_2_2_8,06_correct_lookalike_graded_wrong,исправляется кодом диагностики (оценка по выбранному варианту),06_correct_lookalike_graded_wrong;09_key_not_verified,
G11_TB_14_2_3_3,09_key_not_verified,автоматическая перепроверка ключа + ручная проверка расхождений,09_key_not_verified,
G11_TB_14_2_4_1,09_key_not_verified,автоматическая перепроверка ключа + ручная проверка расхождений,09_key_not_verified,
G11_TB_14_2_4_4,06_correct_lookalike_graded_wrong,исправляется кодом диагностики (оценка по выбранному варианту),06_correct_lookalike_graded_wrong,
G11_TB_14_2_4_5,06_correct_lookalike_graded_wrong,исправляется кодом диагностики (оценка по выбранному варианту),06_correct_lookalike_graded_wrong,
G11_TB_14_3_1,09_key_not_verified,автоматическая перепроверка ключа + ручная проверка расхождений,09_key_not_verified,
G11_TB_14_3_14_20_в,09_key_not_verified,автоматическая перепроверка ключа + ручная проверка расхождений,09_key_not_verified,
G11_TB_14_3_14_21_a,09_key_not_verified,автоматическая перепроверка ключа + ручная проверка расхождений,09_key_not_verified,
G11_TB_14_3_14_21_в,09_key_not_verified,автоматическая перепроверка ключа + ручная проверка расхождений,09_key_not_verified,
G11_TB_14_3_14_21_г,09_key_not_verified,автоматическая перепроверка ключа + ручная проверка расхождений,09_key_not_verified,
G11_TB_14_3_14_23_a,09_key_not_verified,автоматическая перепроверка ключа + ручная проверка расхождений,09_key_not_verified,
G11_TB_14_3_14_23_б,09_key_not_verified,автоматическая перепроверка ключа + ручная проверка расхождений,09_key_not_verified,
G11_TB_14_3_14_23_в,09_key_not_verified,автоматическая перепроверка ключа + ручная проверка расхождений,09_key_not_verified,
G11_TB_14_3_14_24_г,09_key_not_verified,автоматическая перепроверка ключа + ручная проверка расхождений,09_key_not_verified,
G11_TB_14_3_14_25_a,09_key_not_verified,автоматическая перепроверка ключа + ручная проверка расхождений,09_key_not_verified,
G11_TB_14_3_14_25_б,09_key_not_verified,автоматическая перепроверка ключа + ручная проверка расхождений,09_key_not_verified,
G11_TB_14_3_14_26_a,06_correct_lookalike_graded_wrong,исправляется кодом диагностики (оценка по выбранному варианту),06_correct_lookalike_graded_wrong;09_key_not_verified,
G11_TB_14_3_14_26_б,09_key_not_verified,автоматическая перепроверка ключа + ручная проверка расхождений,09_key_not_verified,
G11_TB_14_3_14_3_1,09_key_not_verified,автоматическая перепроверка ключа + ручная проверка расхождений,09_key_not_verified,
G11_TB_14_3_14_3_2,09_key_not_verified,автоматическая перепроверка ключа + ручная проверка расхождений,09_key_not_verified,
G11_TB_14_3_14_3_3,09_key_not_verified,автоматическая перепроверка ключа + ручная проверка расхождений,09_key_not_verified,
G11_TB_14_3_14_3_4,09_key_not_verified,автоматическая перепроверка ключа + ручная проверка расхождений,09_key_not_verified,
G11_TB_14_3_1_10,09_key_not_verified,автоматическая перепроверка ключа + ручная проверка расхождений,09_key_not_verified,
G11_TB_14_3_1_5,06_correct_lookalike_graded_wrong,исправляется кодом диагностики (оценка по выбранному варианту),06_correct_lookalike_graded_wrong,
G11_TB_14_3_1_6,09_key_not_verified,автоматическая перепроверка ключа + ручная проверка расхождений,09_key_not_verified,
G11_TB_14_3_1_7,06_correct_lookalike_graded_wrong,исправляется кодом диагностики (оценка по выбранному варианту),06_correct_lookalike_graded_wrong;09_key_not_verified,
G11_TB_14_3_1_9,09_key_not_verified,автоматическая перепроверка ключа + ручная проверка расхождений,09_key_not_verified,
G11_TB_14_3_2,09_key_not_verified,автоматическая перепроверка ключа + ручная проверка расхождений,09_key_not_verified,
G11_TB_14_3_2_3,06_correct_lookalike_graded_wrong,исправляется кодом диагностики (оценка по выбранному варианту),06_correct_lookalike_graded_wrong;09_key_not_verified,
G11_TB_14_3_2_4,06_correct_lookalike_graded_wrong,исправляется кодом диагностики (оценка по выбранному варианту),06_correct_lookalike_graded_wrong;09_key_not_verified,
G11_TB_14_3_3,09_key_not_verified,автоматическая перепроверка ключа + ручная проверка расхождений,09_key_not_verified,
G11_TB_14_3_3_2,06_correct_lookalike_graded_wrong,исправляется кодом диагностики (оценка по выбранному варианту),06_correct_lookalike_graded_wrong,
G11_TB_14_3_4,09_key_not_verified,автоматическая перепроверка ключа + ручная проверка расхождений,09_key_not_verified,
G11_TB_14_3_4_1,09_key_not_verified,автоматическая перепроверка ключа + ручная проверка расхождений,09_key_not_verified,
G11_TB_14_3_4_2,09_key_not_verified,автоматическая перепроверка ключа + ручная проверка расхождений,09_key_not_verified,
G11_TB_14_3_4_3,09_key_not_verified,автоматическая перепроверка ключа + ручная проверка расхождений,09_key_not_verified,
G11_TB_14_3_4_4,09_key_not_verified,автоматическая перепроверка ключа + ручная проверка расхождений,09_key_not_verified,
G11_TB_14_4*_14_27_1,09_key_not_verified,автоматическая перепроверка ключа + ручная проверка расхождений,09_key_not_verified;10_latex_meaning_differs,
G11_TB_14_4*_14_27_2,09_key_not_verified,автоматическая перепроверка ключа + ручная проверка расхождений,09_key_not_verified;10_latex_meaning_differs,
G11_TB_14_4*_14_28_1,09_key_not_verified,автоматическая перепроверка ключа + ручная проверка расхождений,09_key_not_verified;10_latex_meaning_differs,
G11_TB_14_4*_14_28_2,09_key_not_verified,автоматическая перепроверка ключа + ручная проверка расхождений,09_key_not_verified,
G11_TB_14_4*_14_28_3,10_latex_meaning_differs,проверить до переключения показа на question_latex,10_latex_meaning_differs,
G11_TB_14_4*_14_28_4,10_latex_meaning_differs,проверить до переключения показа на question_latex,10_latex_meaning_differs,
G11_TB_14_4*_14_29_1,09_key_not_verified,автоматическая перепроверка ключа + ручная проверка расхождений,09_key_not_verified;10_latex_meaning_differs,
G11_TB_14_4*_14_29_2,10_latex_meaning_differs,проверить до переключения показа на question_latex,10_latex_meaning_differs,
G11_TB_14_4*_14_3,09_key_not_verified,автоматическая перепроверка ключа + ручная проверка расхождений,09_key_not_verified,
G11_TB_14_4*_14_30_1,10_latex_meaning_differs,проверить до переключения показа на question_latex,10_latex_meaning_differs,
G11_TB_14_4*_14_30_2,10_latex_meaning_differs,проверить до переключения показа на question_latex,10_latex_meaning_differs,
G11_TB_14_4*_14_31_1,10_latex_meaning_differs,проверить до переключения показа на question_latex,10_latex_meaning_differs,
G11_TB_14_4*_14_31_2,09_key_not_verified,автоматическая перепроверка ключа + ручная проверка расхождений,09_key_not_verified;10_latex_meaning_differs,
G11_TB_14_4*_14_32_1,09_key_not_verified,автоматическая перепроверка ключа + ручная проверка расхождений,09_key_not_verified;10_latex_meaning_differs,
G11_TB_14_4*_14_32_2,09_key_not_verified,автоматическая перепроверка ключа + ручная проверка расхождений,09_key_not_verified;10_latex_meaning_differs,
G11_TB_14_4*_14_32_3,09_key_not_verified,автоматическая перепроверка ключа + ручная проверка расхождений,09_key_not_verified;10_latex_meaning_differs,
G11_TB_14_4*_14_33_1,10_latex_meaning_differs,проверить до переключения показа на question_latex,10_latex_meaning_differs,
G11_TB_14_4*_14_33_2,09_key_not_verified,автоматическая перепроверка ключа + ручная проверка расхождений,09_key_not_verified;10_latex_meaning_differs,
G11_TB_14_4*_14_34_1,09_key_not_verified,автоматическая перепроверка ключа + ручная проверка расхождений,09_key_not_verified;10_latex_meaning_differs,
G11_TB_14_4*_14_34_2,09_key_not_verified,автоматическая перепроверка ключа + ручная проверка расхождений,09_key_not_verified;10_latex_meaning_differs,
G11_TB_14_4*_14_35_1,09_key_not_verified,автоматическая перепроверка ключа + ручная проверка расхождений,09_key_not_verified;10_latex_meaning_differs,
G11_TB_14_4*_14_35_2,09_key_not_verified,автоматическая перепроверка ключа + ручная проверка расхождений,09_key_not_verified;10_latex_meaning_differs,
G11_TB_14_4*_14_36_1,09_key_not_verified,автоматическая перепроверка ключа + ручная проверка расхождений,09_key_not_verified;10_latex_meaning_differs,
G11_TB_14_4*_14_36_2,09_key_not_verified,автоматическая перепроверка ключа + ручная проверка расхождений,09_key_not_verified;10_latex_meaning_differs,
G11_TB_14_4*_14_37,09_key_not_verified,автоматическая перепроверка ключа + ручная проверка расхождений,09_key_not_verified,
G11_TB_14_4*_14_4,09_key_not_verified,автоматическая перепроверка ключа + ручная проверка расхождений,09_key_not_verified,
G11_TB_15_1*_14_38_a,09_key_not_verified,автоматическая перепроверка ключа + ручная проверка расхождений,09_key_not_verified,
G11_TB_15_1*_14_38_b,09_key_not_verified,автоматическая перепроверка ключа + ручная проверка расхождений,09_key_not_verified,
G11_TB_15_1*_14_39_a,09_key_not_verified,автоматическая перепроверка ключа + ручная проверка расхождений,09_key_not_verified,
G11_TB_15_1*_14_39_b,02_pipeline_flagged_invalid,проверить вручную: исправить или отключить,02_pipeline_flagged_invalid;06_correct_lookalike_graded_wrong;09_key_not_verified,
G11_TB_15_1*_14_40_a,09_key_not_verified,автоматическая перепроверка ключа + ручная проверка расхождений,09_key_not_verified,
G11_TB_15_1*_14_40_b,09_key_not_verified,автоматическая перепроверка ключа + ручная проверка расхождений,09_key_not_verified,
G11_TB_15_1*_14_40_c,09_key_not_verified,автоматическая перепроверка ключа + ручная проверка расхождений,09_key_not_verified,
G11_TB_15_1*_14_40_d,09_key_not_verified,автоматическая перепроверка ключа + ручная проверка расхождений,09_key_not_verified,
G11_TB_15_1*_14_41,09_key_not_verified,автоматическая перепроверка ключа + ручная проверка расхождений,09_key_not_verified,
G11_TB_15_1*_14_42_a,09_key_not_verified,автоматическая перепроверка ключа + ручная проверка расхождений,09_key_not_verified,
G11_TB_15_1*_14_42_b,09_key_not_verified,автоматическая перепроверка ключа + ручная проверка расхождений,09_key_not_verified,
G11_TB_15_1*_14_42_c,09_key_not_verified,автоматическая перепроверка ключа + ручная проверка расхождений,09_key_not_verified,
G11_TB_15_1*_14_45,09_key_not_verified,автоматическая перепроверка ключа + ручная проверка расхождений,09_key_not_verified,
G11_TB_15_2*_15_4,10_latex_meaning_differs,проверить до переключения показа на question_latex,10_latex_meaning_differs,
G11_TB_15_3*_15_10_4,09_key_not_verified,автоматическая перепроверка ключа + ручная проверка расхождений,09_key_not_verified,
G11_TB_15_3*_15_11_1,09_key_not_verified,автоматическая перепроверка ключа + ручная проверка расхождений,09_key_not_verified,
G11_TB_15_3*_15_11_2,09_key_not_verified,автоматическая перепроверка ключа + ручная проверка расхождений,09_key_not_verified,
G11_TB_15_3*_15_11_4,06_correct_lookalike_graded_wrong,исправляется кодом диагностики (оценка по выбранному варианту),06_correct_lookalike_graded_wrong;09_key_not_verified,
G11_TB_15_3*_15_12_2,09_key_not_verified,автоматическая перепроверка ключа + ручная проверка расхождений,09_key_not_verified,
G11_TB_15_3*_15_12_3,09_key_not_verified,автоматическая перепроверка ключа + ручная проверка расхождений,09_key_not_verified,
G11_TB_15_3*_15_12_4,09_key_not_verified,автоматическая перепроверка ключа + ручная проверка расхождений,09_key_not_verified,
G11_TB_15_3*_15_13_1,09_key_not_verified,автоматическая перепроверка ключа + ручная проверка расхождений,09_key_not_verified,
G11_TB_15_3*_15_13_2,09_key_not_verified,автоматическая перепроверка ключа + ручная проверка расхождений,09_key_not_verified,
G11_TB_15_3*_15_13_3,09_key_not_verified,автоматическая перепроверка ключа + ручная проверка расхождений,09_key_not_verified,
G11_TB_15_3*_15_14_1,06_correct_lookalike_graded_wrong,исправляется кодом диагностики (оценка по выбранному варианту),06_correct_lookalike_graded_wrong;09_key_not_verified,
G11_TB_15_3*_15_14_2,09_key_not_verified,автоматическая перепроверка ключа + ручная проверка расхождений,09_key_not_verified,
G11_TB_15_3*_15_14_3,09_key_not_verified,автоматическая перепроверка ключа + ручная проверка расхождений,09_key_not_verified,
G11_TB_15_3*_15_15_1,09_key_not_verified,автоматическая перепроверка ключа + ручная проверка расхождений,09_key_not_verified,
G11_TB_15_3*_15_15_2,09_key_not_verified,автоматическая перепроверка ключа + ручная проверка расхождений,09_key_not_verified,
G11_TB_15_3*_15_15_3,09_key_not_verified,автоматическая перепроверка ключа + ручная проверка расхождений,09_key_not_verified,
G11_TB_15_3*_15_15_4,09_key_not_verified,автоматическая перепроверка ключа + ручная проверка расхождений,09_key_not_verified,
G11_TB_15_3*_15_16_1,09_key_not_verified,автоматическая перепроверка ключа + ручная проверка расхождений,09_key_not_verified,
G11_TB_15_3*_15_16_4,06_correct_lookalike_graded_wrong,исправляется кодом диагностики (оценка по выбранному варианту),06_correct_lookalike_graded_wrong;09_key_not_verified,
G11_TB_15_3*_15_17_1,09_key_not_verified,автоматическая перепроверка ключа + ручная проверка расхождений,09_key_not_verified,
G11_TB_15_3*_15_17_2,09_key_not_verified,автоматическая перепроверка ключа + ручная проверка расхождений,09_key_not_verified,
G11_TB_15_3*_15_17_3,09_key_not_verified,автоматическая перепроверка ключа + ручная проверка расхождений,09_key_not_verified,
G11_TB_15_3*_15_17_4,09_key_not_verified,автоматическая перепроверка ключа + ручная проверка расхождений,09_key_not_verified,
G11_TB_15_3*_15_18_3,09_key_not_verified,автоматическая перепроверка ключа + ручная проверка расхождений,09_key_not_verified,
G11_TB_15_3*_15_18_4,09_key_not_verified,автоматическая перепроверка ключа + ручная проверка расхождений,09_key_not_verified,
G11_TB_15_3*_15_19_2,09_key_not_verified,автоматическая перепроверка ключа + ручная проверка расхождений,09_key_not_verified,
G11_TB_15_3*_15_19_3,09_key_not_verified,автоматическая перепроверка ключа + ручная проверка расхождений,09_key_not_verified,
G11_TB_15_3*_15_19_4,09_key_not_verified,автоматическая перепроверка ключа + ручная проверка расхождений,09_key_not_verified,
G11_TB_15_3*_15_20_1,10_latex_meaning_differs,проверить до переключения показа на question_latex,10_latex_meaning_differs,
G11_TB_15_3*_15_20_2,09_key_not_verified,автоматическая перепроверка ключа + ручная проверка расхождений,09_key_not_verified;10_latex_meaning_differs,
G11_TB_15_3*_15_20_3,10_latex_meaning_differs,проверить до переключения показа на question_latex,10_latex_meaning_differs,
G11_TB_15_3*_15_20_4,10_latex_meaning_differs,проверить до переключения показа на question_latex,10_latex_meaning_differs,
G11_TB_15_3*_15_21_2,09_key_not_verified,автоматическая перепроверка ключа + ручная проверка расхождений,09_key_not_verified,
G11_TB_15_3*_15_21_4,09_key_not_verified,автоматическая перепроверка ключа + ручная проверка расхождений,09_key_not_verified,
G11_TB_15_4*_15_24_a,09_key_not_verified,автоматическая перепроверка ключа + ручная проверка расхождений,09_key_not_verified,
G11_TB_15_4*_15_24_b,09_key_not_verified,автоматическая перепроверка ключа + ручная проверка расхождений,09_key_not_verified,
G11_TB_15_4*_15_24_c,09_key_not_verified,автоматическая перепроверка ключа + ручная проверка расхождений,09_key_not_verified,
G11_TB_15_4*_15_24_d,09_key_not_verified,автоматическая перепроверка ключа + ручная проверка расхождений,09_key_not_verified,
G11_TB_15_4*_15_25_a,09_key_not_verified,автоматическая перепроверка ключа + ручная проверка расхождений,09_key_not_verified,
G11_TB_15_4*_15_25_b,09_key_not_verified,автоматическая перепроверка ключа + ручная проверка расхождений,09_key_not_verified,
G11_TB_15_4*_15_25_c,09_key_not_verified,автоматическая перепроверка ключа + ручная проверка расхождений,09_key_not_verified,
G11_TB_15_4*_15_25_d,09_key_not_verified,автоматическая перепроверка ключа + ручная проверка расхождений,09_key_not_verified,
G11_TB_15_4*_15_26_a,09_key_not_verified,автоматическая перепроверка ключа + ручная проверка расхождений,09_key_not_verified,
G11_TB_15_4*_15_26_b,09_key_not_verified,автоматическая перепроверка ключа + ручная проверка расхождений,09_key_not_verified,
G11_TB_15_4*_15_27_b,09_key_not_verified,автоматическая перепроверка ключа + ручная проверка расхождений,09_key_not_verified,
G11_TB_15_4*_15_28_a,09_key_not_verified,автоматическая перепроверка ключа + ручная проверка расхождений,09_key_not_verified,
G11_TB_15_4*_15_28_b,09_key_not_verified,автоматическая перепроверка ключа + ручная проверка расхождений,09_key_not_verified,
G11_TB_15_4*_15_29_a,09_key_not_verified,автоматическая перепроверка ключа + ручная проверка расхождений,09_key_not_verified,
G11_TB_15_4*_15_30_b,09_key_not_verified,автоматическая перепроверка ключа + ручная проверка расхождений,09_key_not_verified,
G11_TB_15_4*_15_31_a,09_key_not_verified,автоматическая перепроверка ключа + ручная проверка расхождений,09_key_not_verified,
G11_TB_15_4*_15_31_b,09_key_not_verified,автоматическая перепроверка ключа + ручная проверка расхождений,09_key_not_verified,
G11_TB_15_4*_15_33_b,09_key_not_verified,автоматическая перепроверка ключа + ручная проверка расхождений,09_key_not_verified,
G11_TB_15_4*_15_34_a,09_key_not_verified,автоматическая перепроверка ключа + ручная проверка расхождений,09_key_not_verified,
G11_TB_15_4*_15_34_b,09_key_not_verified,автоматическая перепроверка ключа + ручная проверка расхождений,09_key_not_verified,
G11_TB_15_4*_15_35_a,09_key_not_verified,автоматическая перепроверка ключа + ручная проверка расхождений,09_key_not_verified,
G11_TB_15_4*_15_35_b,09_key_not_verified,автоматическая перепроверка ключа + ручная проверка расхождений,09_key_not_verified,
G11_TB_15_4*_15_36_a,09_key_not_verified,автоматическая перепроверка ключа + ручная проверка расхождений,09_key_not_verified,
G11_TB_15_4*_15_36_b,09_key_not_verified,автоматическая перепроверка ключа + ручная проверка расхождений,09_key_not_verified,
G11_TB_15_4*_15_37_a,09_key_not_verified,автоматическая перепроверка ключа + ручная проверка расхождений,09_key_not_verified,
G11_TB_15_4*_15_38_a,09_key_not_verified,автоматическая перепроверка ключа + ручная проверка расхождений,09_key_not_verified,
G11_TB_15_4*_15_38_b,09_key_not_verified,автоматическая перепроверка ключа + ручная проверка расхождений,09_key_not_verified,
G11_TB_15_4*_15_39_b,09_key_not_verified,автоматическая перепроверка ключа + ручная проверка расхождений,09_key_not_verified,
G11_TB_15_4*_15_40_a,09_key_not_verified,автоматическая перепроверка ключа + ручная проверка расхождений,09_key_not_verified,
G11_TB_15_4*_15_40_b,09_key_not_verified,автоматическая перепроверка ключа + ручная проверка расхождений,09_key_not_verified,
G11_TB_15_4*_15_41,09_key_not_verified,автоматическая перепроверка ключа + ручная проверка расхождений,09_key_not_verified,
G11_TB_15_4*_15_42,06_correct_lookalike_graded_wrong,исправляется кодом диагностики (оценка по выбранному варианту),06_correct_lookalike_graded_wrong;09_key_not_verified,
G11_TB_15_4*_15_44_b,09_key_not_verified,автоматическая перепроверка ключа + ручная проверка расхождений,09_key_not_verified,
G11_TB_15_4*_15_44_c,06_correct_lookalike_graded_wrong,исправляется кодом диагностики (оценка по выбранному варианту),06_correct_lookalike_graded_wrong;09_key_not_verified,
G11_TB_15_4*_15_44_d,09_key_not_verified,автоматическая перепроверка ключа + ручная проверка расхождений,09_key_not_verified,
G11_TB_15_4*_15_45_a,09_key_not_verified,автоматическая перепроверка ключа + ручная проверка расхождений,09_key_not_verified,
G11_TB_15_4*_15_45_b,09_key_not_verified,автоматическая перепроверка ключа + ручная проверка расхождений,09_key_not_verified,
G11_TB_15_4*_4,09_key_not_verified,автоматическая перепроверка ключа + ручная проверка расхождений,09_key_not_verified;10_latex_meaning_differs,
G11_TB_15_4*_6,09_key_not_verified,автоматическая перепроверка ключа + ручная проверка расхождений,09_key_not_verified,
G11_TB_16_2*_16_12,03_proof_task,отключить в диагностике/экзаменах (автоматически не проверяется),03_proof_task,
G11_TB_16_2*_16_15_5,09_key_not_verified,автоматическая перепроверка ключа + ручная проверка расхождений,09_key_not_verified,
G11_TB_16_2*_16_16_5,09_key_not_verified,автоматическая перепроверка ключа + ручная проверка расхождений,09_key_not_verified,
G11_TB_16_2*_16_18_2,09_key_not_verified,автоматическая перепроверка ключа + ручная проверка расхождений,09_key_not_verified,
G11_TB_16_2*_16_20_3,09_key_not_verified,автоматическая перепроверка ключа + ручная проверка расхождений,09_key_not_verified,
G11_TB_16_2*_16_20_5,09_key_not_verified,автоматическая перепроверка ключа + ручная проверка расхождений,09_key_not_verified,
G11_TB_16_2*_16_20_6,09_key_not_verified,автоматическая перепроверка ключа + ручная проверка расхождений,09_key_not_verified,
G11_TB_16_3*_16_34_4,10_latex_meaning_differs,проверить до переключения показа на question_latex,10_latex_meaning_differs,
G11_TB_16_3*_16_36_1,09_key_not_verified,автоматическая перепроверка ключа + ручная проверка расхождений,09_key_not_verified,
G11_TB_16_3*_16_37_1,09_key_not_verified,автоматическая перепроверка ключа + ручная проверка расхождений,09_key_not_verified;10_latex_meaning_differs,
G11_TB_16_3*_16_37_2,09_key_not_verified,автоматическая перепроверка ключа + ручная проверка расхождений,09_key_not_verified;10_latex_meaning_differs,
G11_TB_16_3*_16_38_3,09_key_not_verified,автоматическая перепроверка ключа + ручная проверка расхождений,09_key_not_verified,
G11_TB_16_3*_16_38_4,09_key_not_verified,автоматическая перепроверка ключа + ручная проверка расхождений,09_key_not_verified,
G11_TB_16_3*_16_38_5,09_key_not_verified,автоматическая перепроверка ключа + ручная проверка расхождений,09_key_not_verified,
G11_TB_16_3*_16_39_2,09_key_not_verified,автоматическая перепроверка ключа + ручная проверка расхождений,09_key_not_verified,
G11_TB_16_3*_16_40_1,10_latex_meaning_differs,проверить до переключения показа на question_latex,10_latex_meaning_differs,
G11_TB_16_3*_16_40_2,09_key_not_verified,автоматическая перепроверка ключа + ручная проверка расхождений,09_key_not_verified,
G11_TB_17_1*_16_51,09_key_not_verified,автоматическая перепроверка ключа + ручная проверка расхождений,09_key_not_verified,
G11_TB_17_1*_16_52,09_key_not_verified,автоматическая перепроверка ключа + ручная проверка расхождений,09_key_not_verified,
G11_TB_17_1_1,09_key_not_verified,автоматическая перепроверка ключа + ручная проверка расхождений,09_key_not_verified,
G11_TB_17_1_2,09_key_not_verified,автоматическая перепроверка ключа + ручная проверка расхождений,09_key_not_verified,
G11_TB_17_1_3_3,09_key_not_verified,автоматическая перепроверка ключа + ручная проверка расхождений,09_key_not_verified,
G11_TB_17_2*_17_10_a,09_key_not_verified,автоматическая перепроверка ключа + ручная проверка расхождений,09_key_not_verified,
G11_TB_17_2*_17_10_b,09_key_not_verified,автоматическая перепроверка ключа + ручная проверка расхождений,09_key_not_verified,
G11_TB_17_2*_17_10_c,09_key_not_verified,автоматическая перепроверка ключа + ручная проверка расхождений,09_key_not_verified,
G11_TB_17_2*_17_10_d,09_key_not_verified,автоматическая перепроверка ключа + ручная проверка расхождений,09_key_not_verified,
G11_TB_17_2*_17_10_e,09_key_not_verified,автоматическая перепроверка ключа + ручная проверка расхождений,09_key_not_verified,
G11_TB_17_2*_17_10_f,09_key_not_verified,автоматическая перепроверка ключа + ручная проверка расхождений,09_key_not_verified,
G11_TB_17_2*_17_12,06_correct_lookalike_graded_wrong,исправляется кодом диагностики (оценка по выбранному варианту),06_correct_lookalike_graded_wrong;10_latex_meaning_differs,
G11_TB_17_2*_17_13_a,09_key_not_verified,автоматическая перепроверка ключа + ручная проверка расхождений,09_key_not_verified,
G11_TB_17_2*_17_16_a,03_proof_task,отключить в диагностике/экзаменах (автоматически не проверяется),03_proof_task,
G11_TB_17_2*_17_7_c,09_key_not_verified,автоматическая перепроверка ключа + ручная проверка расхождений,09_key_not_verified,
G11_TB_17_2*_17_7_d,09_key_not_verified,автоматическая перепроверка ключа + ручная проверка расхождений,09_key_not_verified,
G11_TB_17_2*_17_8,03_proof_task,отключить в диагностике/экзаменах (автоматически не проверяется),03_proof_task,
G11_TB_17_2*_17_9_b,09_key_not_verified,автоматическая перепроверка ключа + ручная проверка расхождений,09_key_not_verified,
G11_TB_17_2*_17_9_c,09_key_not_verified,автоматическая перепроверка ключа + ручная проверка расхождений,09_key_not_verified,
G11_TB_17_2*_17_9_d,09_key_not_verified,автоматическая перепроверка ключа + ручная проверка расхождений,09_key_not_verified,
G11_TB_17_2*_17_9_e,09_key_not_verified,автоматическая перепроверка ключа + ручная проверка расхождений,09_key_not_verified,
G11_TB_17_2*_17_9_f,09_key_not_verified,автоматическая перепроверка ключа + ручная проверка расхождений,09_key_not_verified,
G11_TB_17_2*_17_9_g,09_key_not_verified,автоматическая перепроверка ключа + ручная проверка расхождений,09_key_not_verified,
G11_TB_17_2*_17_9_h,09_key_not_verified,автоматическая перепроверка ключа + ручная проверка расхождений,09_key_not_verified,
G11_TB_17_2_17_2_3,09_key_not_verified,автоматическая перепроверка ключа + ручная проверка расхождений,09_key_not_verified,
G11_TB_17_2_17_2_4,09_key_not_verified,автоматическая перепроверка ключа + ручная проверка расхождений,09_key_not_verified,
G11_TB_17_2_2,09_key_not_verified,автоматическая перепроверка ключа + ручная проверка расхождений,09_key_not_verified,
G11_TB_17_2_2_2,09_key_not_verified,автоматическая перепроверка ключа + ручная проверка расхождений,09_key_not_verified,
G11_TB_17_2_2_3,09_key_not_verified,автоматическая перепроверка ключа + ручная проверка расхождений,09_key_not_verified,
G11_TB_17_2_4_1,09_key_not_verified,автоматическая перепроверка ключа + ручная проверка расхождений,09_key_not_verified,
G11_TB_17_2_4_2,09_key_not_verified,автоматическая перепроверка ключа + ручная проверка расхождений,09_key_not_verified,
G11_TB_17_2_4_3,06_correct_lookalike_graded_wrong,исправляется кодом диагностики (оценка по выбранному варианту),06_correct_lookalike_graded_wrong,
G11_TB_17_2_5_2,06_correct_lookalike_graded_wrong,исправляется кодом диагностики (оценка по выбранному варианту),06_correct_lookalike_graded_wrong;09_key_not_verified,
G11_TB_17_2_5_3,09_key_not_verified,автоматическая перепроверка ключа + ручная проверка расхождений,09_key_not_verified,
G11_TB_17_2_5_4,09_key_not_verified,автоматическая перепроверка ключа + ручная проверка расхождений,09_key_not_verified,
G11_TB_17_2_6_1,06_correct_lookalike_graded_wrong,исправляется кодом диагностики (оценка по выбранному варианту),06_correct_lookalike_graded_wrong;09_key_not_verified,
G11_TB_17_2_6_2,09_key_not_verified,автоматическая перепроверка ключа + ручная проверка расхождений,09_key_not_verified,
G11_TB_17_2_6_3,09_key_not_verified,автоматическая перепроверка ключа + ручная проверка расхождений,09_key_not_verified,
G11_TB_17_2_6_4,09_key_not_verified,автоматическая перепроверка ключа + ручная проверка расхождений,09_key_not_verified,
G11_TB_18_1*_17_22,10_latex_meaning_differs,проверить до переключения показа на question_latex,10_latex_meaning_differs,
G11_TB_18_1*_17_23_1,09_key_not_verified,автоматическая перепроверка ключа + ручная проверка расхождений,09_key_not_verified,
G11_TB_18_1*_17_23_2,05_answer_radical_scope,проверить область корня в ключе и исправить,05_answer_radical_scope;09_key_not_verified,
G11_TB_18_1*_17_23_3,09_key_not_verified,автоматическая перепроверка ключа + ручная проверка расхождений,09_key_not_verified,
G11_TB_18_1*_17_23_4,09_key_not_verified,автоматическая перепроверка ключа + ручная проверка расхождений,09_key_not_verified,
G11_TB_18_1*_17_24_1,09_key_not_verified,автоматическая перепроверка ключа + ручная проверка расхождений,09_key_not_verified,
G11_TB_18_1*_17_24_2,09_key_not_verified,автоматическая перепроверка ключа + ручная проверка расхождений,09_key_not_verified,
G11_TB_18_1*_17_24_3,09_key_not_verified,автоматическая перепроверка ключа + ручная проверка расхождений,09_key_not_verified,
G11_TB_18_1*_17_24_4,09_key_not_verified,автоматическая перепроверка ключа + ручная проверка расхождений,09_key_not_verified,
G11_TB_18_1*_17_24_5,09_key_not_verified,автоматическая перепроверка ключа + ручная проверка расхождений,09_key_not_verified,
G11_TB_18_1*_17_24_6,09_key_not_verified,автоматическая перепроверка ключа + ручная проверка расхождений,09_key_not_verified,
G11_TB_18_1*_17_24_7,09_key_not_verified,автоматическая перепроверка ключа + ручная проверка расхождений,09_key_not_verified,
G11_TB_18_1*_17_24_8,09_key_not_verified,автоматическая перепроверка ключа + ручная проверка расхождений,09_key_not_verified,
G11_TB_18_1*_17_25_1,05_answer_radical_scope,проверить область корня в ключе и исправить,05_answer_radical_scope;09_key_not_verified,
G11_TB_18_1*_17_25_2,05_answer_radical_scope,проверить область корня в ключе и исправить,05_answer_radical_scope;09_key_not_verified,
G11_TB_18_1*_17_25_3,09_key_not_verified,автоматическая перепроверка ключа + ручная проверка расхождений,09_key_not_verified,
G11_TB_18_1*_17_25_4,09_key_not_verified,автоматическая перепроверка ключа + ручная проверка расхождений,09_key_not_verified,
G11_TB_18_1*_17_25_5,09_key_not_verified,автоматическая перепроверка ключа + ручная проверка расхождений,09_key_not_verified,
G11_TB_18_1*_17_25_6,09_key_not_verified,автоматическая перепроверка ключа + ручная проверка расхождений,09_key_not_verified,
G11_TB_18_1*_17_25_7,09_key_not_verified,автоматическая перепроверка ключа + ручная проверка расхождений,09_key_not_verified,
G11_TB_18_1*_17_25_8,09_key_not_verified,автоматическая перепроверка ключа + ручная проверка расхождений,09_key_not_verified,
G11_TB_18_1*_17_26_1,03_proof_task,отключить в диагностике/экзаменах (автоматически не проверяется),03_proof_task,
G11_TB_18_1*_17_26_2,03_proof_task,отключить в диагностике/экзаменах (автоматически не проверяется),03_proof_task,
G11_TB_18_1*_17_26_3,03_proof_task,отключить в диагностике/экзаменах (автоматически не проверяется),03_proof_task,
G11_TB_18_1*_17_26_4,03_proof_task,отключить в диагностике/экзаменах (автоматически не проверяется),03_proof_task,
G11_TB_18_1*_17_27_1,09_key_not_verified,автоматическая перепроверка ключа + ручная проверка расхождений,09_key_not_verified,
G11_TB_18_1*_17_27_2,09_key_not_verified,автоматическая перепроверка ключа + ручная проверка расхождений,09_key_not_verified,
G11_TB_18_2*_18_2_б,09_key_not_verified,автоматическая перепроверка ключа + ручная проверка расхождений,09_key_not_verified,
G11_TB_18_2*_18_2_в,09_key_not_verified,автоматическая перепроверка ключа + ручная проверка расхождений,09_key_not_verified,
G11_TB_18_2*_18_2_г,09_key_not_verified,автоматическая перепроверка ключа + ручная проверка расхождений,09_key_not_verified,
G11_TB_18_2*_18_2_д,09_key_not_verified,автоматическая перепроверка ключа + ручная проверка расхождений,09_key_not_verified,
G11_TB_18_2*_18_3_б,09_key_not_verified,автоматическая перепроверка ключа + ручная проверка расхождений,09_key_not_verified,
G11_TB_18_2*_18_3_в,09_key_not_verified,автоматическая перепроверка ключа + ручная проверка расхождений,09_key_not_verified,
G11_TB_18_2*_18_3_г,09_key_not_verified,автоматическая перепроверка ключа + ручная проверка расхождений,09_key_not_verified,
G11_TB_18_2*_18_3_д,09_key_not_verified,автоматическая перепроверка ключа + ручная проверка расхождений,09_key_not_verified,
G11_TB_18_2*_18_3_е,09_key_not_verified,автоматическая перепроверка ключа + ручная проверка расхождений,09_key_not_verified,
G11_TB_18_2*_18_4_а,09_key_not_verified,автоматическая перепроверка ключа + ручная проверка расхождений,09_key_not_verified,
G11_TB_18_2*_18_4_б,09_key_not_verified,автоматическая перепроверка ключа + ручная проверка расхождений,09_key_not_verified,
G11_TB_18_2*_18_4_д,09_key_not_verified,автоматическая перепроверка ключа + ручная проверка расхождений,09_key_not_verified,
G11_TB_18_2*_18_5_а,09_key_not_verified,автоматическая перепроверка ключа + ручная проверка расхождений,09_key_not_verified,
G11_TB_18_2*_18_5_б,09_key_not_verified,автоматическая перепроверка ключа + ручная проверка расхождений,09_key_not_verified,
G11_TB_18_2*_18_5_в,09_key_not_verified,автоматическая перепроверка ключа + ручная проверка расхождений,09_key_not_verified,
G11_TB_18_2*_18_5_г,09_key_not_verified,автоматическая перепроверка ключа + ручная проверка расхождений,09_key_not_verified,
G11_TB_18_2*_18_6_а,09_key_not_verified,автоматическая перепроверка ключа + ручная проверка расхождений,09_key_not_verified,
G11_TB_18_2*_18_6_в,09_key_not_verified,автоматическая перепроверка ключа + ручная проверка расхождений,09_key_not_verified,
G11_TB_18_2*_18_7_б,09_key_not_verified,автоматическая перепроверка ключа + ручная проверка расхождений,09_key_not_verified,
G11_TB_18_2*_18_8_а,03_proof_task,отключить в диагностике/экзаменах (автоматически не проверяется),03_proof_task,
G11_TB_18_2*_18_8_б,03_proof_task,отключить в диагностике/экзаменах (автоматически не проверяется),03_proof_task,
G11_TB_18_2*_18_9_а,09_key_not_verified,автоматическая перепроверка ключа + ручная проверка расхождений,09_key_not_verified,
G11_TB_18_2*_18_9_б,09_key_not_verified,автоматическая перепроверка ключа + ручная проверка расхождений,09_key_not_verified,
G11_TB_18_2*_18_9_в,09_key_not_verified,автоматическая перепроверка ключа + ручная проверка расхождений,09_key_not_verified,
G11_TB_18_2*_18_9_г,09_key_not_verified,автоматическая перепроверка ключа + ручная проверка расхождений,09_key_not_verified,
G11_TB_18_2*_18_9_д,09_key_not_verified,автоматическая перепроверка ключа + ручная проверка расхождений,09_key_not_verified,
G11_TB_18_2*_18_9_е,09_key_not_verified,автоматическая перепроверка ключа + ручная проверка расхождений,09_key_not_verified,
G11_TB_1_1_1,09_key_not_verified,автоматическая перепроверка ключа + ручная проверка расхождений,09_key_not_verified,
G11_TB_1_1_2,09_key_not_verified,автоматическая перепроверка ключа + ручная проверка расхождений,09_key_not_verified,
G11_TB_1_2,10_latex_meaning_differs,проверить до переключения показа на question_latex,10_latex_meaning_differs,
G11_TB_1_2_1_2_2,09_key_not_verified,автоматическая перепроверка ключа + ручная проверка расхождений,09_key_not_verified,
G11_TB_1_2_1_3_1,09_key_not_verified,автоматическая перепроверка ключа + ручная проверка расхождений,09_key_not_verified,
G11_TB_1_2_1_4_3,09_key_not_verified,автоматическая перепроверка ключа + ручная проверка расхождений,09_key_not_verified,
G11_TB_1_2_1_4_7,09_key_not_verified,автоматическая перепроверка ключа + ручная проверка расхождений,09_key_not_verified,
G11_TB_1_3_1_10_4,09_key_not_verified,автоматическая перепроверка ключа + ручная проверка расхождений,09_key_not_verified,
G11_TB_1_3_1_10_5,09_key_not_verified,автоматическая перепроверка ключа + ручная проверка расхождений,09_key_not_verified,
G11_TB_1_3_1_10_6,09_key_not_verified,автоматическая перепроверка ключа + ручная проверка расхождений,09_key_not_verified,
G11_TB_1_3_1_10_8,09_key_not_verified,автоматическая перепроверка ключа + ручная проверка расхождений,09_key_not_verified,
G11_TB_1_3_1_13,07_duplicate_question_conflicting_key,"сравнить копии, оставить верную, остальные отключить",07_duplicate_question_conflicting_key,
G11_TB_1_3_1_18_2,07_duplicate_question_conflicting_key,"сравнить копии, оставить верную, остальные отключить",07_duplicate_question_conflicting_key,
G11_TB_1_3_1_20_1,07_duplicate_question_conflicting_key,"сравнить копии, оставить верную, остальные отключить",07_duplicate_question_conflicting_key,
G11_TB_1_3_1_20_2,07_duplicate_question_conflicting_key,"сравнить копии, оставить верную, остальные отключить",07_duplicate_question_conflicting_key,
G11_TB_1_3_1_23_1,07_duplicate_question_conflicting_key,"сравнить копии, оставить верную, остальные отключить",07_duplicate_question_conflicting_key;10_latex_meaning_differs,
G11_TB_1_3_1_23_2,07_duplicate_question_conflicting_key,"сравнить копии, оставить верную, остальные отключить",07_duplicate_question_conflicting_key;10_latex_meaning_differs,
G11_TB_1_3_1_25,07_duplicate_question_conflicting_key,"сравнить копии, оставить верную, остальные отключить",07_duplicate_question_conflicting_key;09_key_not_verified,
G11_TB_1_3_1_26,07_duplicate_question_conflicting_key,"сравнить копии, оставить верную, остальные отключить",07_duplicate_question_conflicting_key,
G11_TB_1_3_1_7,07_duplicate_question_conflicting_key,"сравнить копии, оставить верную, остальные отключить",07_duplicate_question_conflicting_key,
G11_TB_1_4_1_29_1,07_duplicate_question_conflicting_key,"сравнить копии, оставить верную, остальные отключить",07_duplicate_question_conflicting_key,
G11_TB_1_4_1_29_2,07_duplicate_question_conflicting_key,"сравнить копии, оставить верную, остальные отключить",07_duplicate_question_conflicting_key,
G11_TB_1_4_1_30,03_proof_task,отключить в диагностике/экзаменах (автоматически не проверяется),03_proof_task;07_duplicate_question_conflicting_key,
G11_TB_1_4_1_32_4,07_duplicate_question_conflicting_key,"сравнить копии, оставить верную, остальные отключить",07_duplicate_question_conflicting_key,
G11_TB_1_4_1_32_5,07_duplicate_question_conflicting_key,"сравнить копии, оставить верную, остальные отключить",07_duplicate_question_conflicting_key,
G11_TB_1_4_1_32_6,07_duplicate_question_conflicting_key,"сравнить копии, оставить верную, остальные отключить",07_duplicate_question_conflicting_key,
G11_TB_1_4_1_32_7,07_duplicate_question_conflicting_key,"сравнить копии, оставить верную, остальные отключить",07_duplicate_question_conflicting_key,
G11_TB_1_4_1_32_8,07_duplicate_question_conflicting_key,"сравнить копии, оставить верную, остальные отключить",07_duplicate_question_conflicting_key,
G11_TB_1_4_1_33_1,07_duplicate_question_conflicting_key,"сравнить копии, оставить верную, остальные отключить",07_duplicate_question_conflicting_key,
G11_TB_1_4_1_33_2,07_duplicate_question_conflicting_key,"сравнить копии, оставить верную, остальные отключить",07_duplicate_question_conflicting_key,
G11_TB_1_4_1_33_3,07_duplicate_question_conflicting_key,"сравнить копии, оставить верную, остальные отключить",07_duplicate_question_conflicting_key,
G11_TB_1_4_1_33_4,07_duplicate_question_conflicting_key,"сравнить копии, оставить верную, остальные отключить",07_duplicate_question_conflicting_key,
G11_TB_1_4_1_33_5,07_duplicate_question_conflicting_key,"сравнить копии, оставить верную, остальные отключить",07_duplicate_question_conflicting_key,
G11_TB_1_4_1_33_6,07_duplicate_question_conflicting_key,"сравнить копии, оставить верную, остальные отключить",07_duplicate_question_conflicting_key,
G11_TB_1_4_1_33_7,07_duplicate_question_conflicting_key,"сравнить копии, оставить верную, остальные отключить",07_duplicate_question_conflicting_key,
G11_TB_1_4_1_33_8,07_duplicate_question_conflicting_key,"сравнить копии, оставить верную, остальные отключить",07_duplicate_question_conflicting_key,
G11_TB_1_4_1_34_1,07_duplicate_question_conflicting_key,"сравнить копии, оставить верную, остальные отключить",07_duplicate_question_conflicting_key,
G11_TB_1_4_1_35_1,07_duplicate_question_conflicting_key,"сравнить копии, оставить верную, остальные отключить",07_duplicate_question_conflicting_key,
G11_TB_1_4_1_35_2,07_duplicate_question_conflicting_key,"сравнить копии, оставить верную, остальные отключить",07_duplicate_question_conflicting_key,
G11_TB_1_4_1_35_3,07_duplicate_question_conflicting_key,"сравнить копии, оставить верную, остальные отключить",07_duplicate_question_conflicting_key,
G11_TB_1_4_1_35_4,07_duplicate_question_conflicting_key,"сравнить копии, оставить верную, остальные отключить",07_duplicate_question_conflicting_key,
G11_TB_1_4_1_35_5,07_duplicate_question_conflicting_key,"сравнить копии, оставить верную, остальные отключить",07_duplicate_question_conflicting_key,
G11_TB_1_4_1_35_6,07_duplicate_question_conflicting_key,"сравнить копии, оставить верную, остальные отключить",07_duplicate_question_conflicting_key,
G11_TB_1_4_1_35_7,07_duplicate_question_conflicting_key,"сравнить копии, оставить верную, остальные отключить",07_duplicate_question_conflicting_key,
G11_TB_1_4_1_35_8,07_duplicate_question_conflicting_key,"сравнить копии, оставить верную, остальные отключить",07_duplicate_question_conflicting_key,
G11_TB_1_4_1_36_1,07_duplicate_question_conflicting_key,"сравнить копии, оставить верную, остальные отключить",07_duplicate_question_conflicting_key,
G11_TB_1_4_1_36_2,07_duplicate_question_conflicting_key,"сравнить копии, оставить верную, остальные отключить",07_duplicate_question_conflicting_key,
G11_TB_1_4_1_36_3,07_duplicate_question_conflicting_key,"сравнить копии, оставить верную, остальные отключить",07_duplicate_question_conflicting_key,
G11_TB_1_4_1_36_4,07_duplicate_question_conflicting_key,"сравнить копии, оставить верную, остальные отключить",07_duplicate_question_conflicting_key,
G11_TB_1_4_3,10_latex_meaning_differs,проверить до переключения показа на question_latex,10_latex_meaning_differs,
G11_TB_1_5_1_38,07_duplicate_question_conflicting_key,"сравнить копии, оставить верную, остальные отключить",07_duplicate_question_conflicting_key,
G11_TB_1_5_1_39_1,07_duplicate_question_conflicting_key,"сравнить копии, оставить верную, остальные отключить",07_duplicate_question_conflicting_key,
G11_TB_1_5_1_39_2,07_duplicate_question_conflicting_key,"сравнить копии, оставить верную, остальные отключить",07_duplicate_question_conflicting_key,
G11_TB_1_5_1_40_1,07_duplicate_question_conflicting_key,"сравнить копии, оставить верную, остальные отключить",07_duplicate_question_conflicting_key,
G11_TB_1_5_1_40_2,07_duplicate_question_conflicting_key,"сравнить копии, оставить верную, остальные отключить",07_duplicate_question_conflicting_key,
G11_TB_1_5_1_40_3,07_duplicate_question_conflicting_key,"сравнить копии, оставить верную, остальные отключить",07_duplicate_question_conflicting_key,
G11_TB_1_5_1_41_1,07_duplicate_question_conflicting_key,"сравнить копии, оставить верную, остальные отключить",07_duplicate_question_conflicting_key,
G11_TB_1_5_1_41_2,07_duplicate_question_conflicting_key,"сравнить копии, оставить верную, остальные отключить",07_duplicate_question_conflicting_key,
G11_TB_1_5_1_42_1,07_duplicate_question_conflicting_key,"сравнить копии, оставить верную, остальные отключить",07_duplicate_question_conflicting_key,
G11_TB_1_5_1_42_2,07_duplicate_question_conflicting_key,"сравнить копии, оставить верную, остальные отключить",07_duplicate_question_conflicting_key,
G11_TB_1_5_1_43_1,07_duplicate_question_conflicting_key,"сравнить копии, оставить верную, остальные отключить",07_duplicate_question_conflicting_key,
G11_TB_1_5_1_43_2,07_duplicate_question_conflicting_key,"сравнить копии, оставить верную, остальные отключить",07_duplicate_question_conflicting_key,
G11_TB_1_5_1_46_2,07_duplicate_question_conflicting_key,"сравнить копии, оставить верную, остальные отключить",07_duplicate_question_conflicting_key,
G11_TB_1_5_1_46_3,07_duplicate_question_conflicting_key,"сравнить копии, оставить верную, остальные отключить",07_duplicate_question_conflicting_key,
G11_TB_1_5_1_47_1,07_duplicate_question_conflicting_key,"сравнить копии, оставить верную, остальные отключить",07_duplicate_question_conflicting_key,
G11_TB_1_5_1_47_2,07_duplicate_question_conflicting_key,"сравнить копии, оставить верную, остальные отключить",07_duplicate_question_conflicting_key,
G11_TB_1_5_1_47_3,07_duplicate_question_conflicting_key,"сравнить копии, оставить верную, остальные отключить",07_duplicate_question_conflicting_key,
G11_TB_1_5_1_47_4,07_duplicate_question_conflicting_key,"сравнить копии, оставить верную, остальные отключить",07_duplicate_question_conflicting_key,
G11_TB_1_5_1_47_5,07_duplicate_question_conflicting_key,"сравнить копии, оставить верную, остальные отключить",07_duplicate_question_conflicting_key,
G11_TB_1_5_1_47_6,07_duplicate_question_conflicting_key,"сравнить копии, оставить верную, остальные отключить",07_duplicate_question_conflicting_key,
G11_TB_1_5_1_47_7,07_duplicate_question_conflicting_key,"сравнить копии, оставить верную, остальные отключить",07_duplicate_question_conflicting_key,
G11_TB_1_5_1_48_1,07_duplicate_question_conflicting_key,"сравнить копии, оставить верную, остальные отключить",07_duplicate_question_conflicting_key,
G11_TB_1_5_1_48_2,07_duplicate_question_conflicting_key,"сравнить копии, оставить верную, остальные отключить",07_duplicate_question_conflicting_key,
G11_TB_1_5_1_48_3,07_duplicate_question_conflicting_key,"сравнить копии, оставить верную, остальные отключить",07_duplicate_question_conflicting_key,
G11_TB_1_5_1_48_4,07_duplicate_question_conflicting_key,"сравнить копии, оставить верную, остальные отключить",07_duplicate_question_conflicting_key,
G11_TB_1_6_3,09_key_not_verified,автоматическая перепроверка ключа + ручная проверка расхождений,09_key_not_verified,
G11_TB_1_7,10_latex_meaning_differs,проверить до переключения показа на question_latex,10_latex_meaning_differs,
G11_TB_1_7_2,09_key_not_verified,автоматическая перепроверка ключа + ручная проверка расхождений,09_key_not_verified,
G11_TB_1_8,06_correct_lookalike_graded_wrong,исправляется кодом диагностики (оценка по выбранному варианту),06_correct_lookalike_graded_wrong,
G11_TB_21_1_1_2,11_open_input_no_options,да/нет показывать двумя вариантами (код),11_open_input_no_options,
G11_TB_21_1_1_21_1_1_3,06_correct_lookalike_graded_wrong,исправляется кодом диагностики (оценка по выбранному варианту),06_correct_lookalike_graded_wrong,
G11_TB_21_1_1_21_1_1_4,06_correct_lookalike_graded_wrong,исправляется кодом диагностики (оценка по выбранному варианту),06_correct_lookalike_graded_wrong,
G11_TB_21_1_2_15_2,09_key_not_verified,автоматическая перепроверка ключа + ручная проверка расхождений,09_key_not_verified,
G11_TB_21_1_3_19_1,09_key_not_verified,автоматическая перепроверка ключа + ручная проверка расхождений,09_key_not_verified,
G11_TB_21_1_3_21_2,09_key_not_verified,автоматическая перепроверка ключа + ручная проверка расхождений,09_key_not_verified,
G11_TB_21_1_3_21_4,09_key_not_verified,автоматическая перепроверка ключа + ручная проверка расхождений,09_key_not_verified,
G11_TB_21_1_3_22_2,09_key_not_verified,автоматическая перепроверка ключа + ручная проверка расхождений,09_key_not_verified,
G11_TB_21_1_3_22_3,09_key_not_verified,автоматическая перепроверка ключа + ручная проверка расхождений,09_key_not_verified,
G11_TB_21_1_3_23*_1,09_key_not_verified,автоматическая перепроверка ключа + ручная проверка расхождений,09_key_not_verified,
G11_TB_21_1_3_23*_3,09_key_not_verified,автоматическая перепроверка ключа + ручная проверка расхождений,09_key_not_verified,
G11_TB_21_1_3_23*_4,09_key_not_verified,автоматическая перепроверка ключа + ручная проверка расхождений,09_key_not_verified,
G11_TB_21_1_3_24*_2,06_correct_lookalike_graded_wrong,исправляется кодом диагностики (оценка по выбранному варианту),06_correct_lookalike_graded_wrong;09_key_not_verified,
G11_TB_21_1_3_24*_3,06_correct_lookalike_graded_wrong,исправляется кодом диагностики (оценка по выбранному варианту),06_correct_lookalike_graded_wrong;09_key_not_verified,
G11_TB_21_2_1,09_key_not_verified,автоматическая перепроверка ключа + ручная проверка расхождений,09_key_not_verified,
G11_TB_21_2_1_1,06_correct_lookalike_graded_wrong,исправляется кодом диагностики (оценка по выбранному варианту),06_correct_lookalike_graded_wrong;09_key_not_verified,
G11_TB_21_2_1_2,06_correct_lookalike_graded_wrong,исправляется кодом диагностики (оценка по выбранному варианту),06_correct_lookalike_graded_wrong;09_key_not_verified,
G11_TB_21_2_1_3,09_key_not_verified,автоматическая перепроверка ключа + ручная проверка расхождений,09_key_not_verified,
G11_TB_21_2_1_4,06_correct_lookalike_graded_wrong,исправляется кодом диагностики (оценка по выбранному варианту),06_correct_lookalike_graded_wrong;09_key_not_verified,
G11_TB_21_2_2_1,06_correct_lookalike_graded_wrong,исправляется кодом диагностики (оценка по выбранному варианту),06_correct_lookalike_graded_wrong;09_key_not_verified,
G11_TB_21_2_2_2,06_correct_lookalike_graded_wrong,исправляется кодом диагностики (оценка по выбранному варианту),06_correct_lookalike_graded_wrong;09_key_not_verified,
G11_TB_21_2_2_3,09_key_not_verified,автоматическая перепроверка ключа + ручная проверка расхождений,09_key_not_verified,
G11_TB_21_2_2_4,06_correct_lookalike_graded_wrong,исправляется кодом диагностики (оценка по выбранному варианту),06_correct_lookalike_graded_wrong;09_key_not_verified,
G11_TB_21_2_3_1,06_correct_lookalike_graded_wrong,исправляется кодом диагностики (оценка по выбранному варианту),06_correct_lookalike_graded_wrong;09_key_not_verified,
G11_TB_21_2_3_2,06_correct_lookalike_graded_wrong,исправляется кодом диагностики (оценка по выбранному варианту),06_correct_lookalike_graded_wrong;09_key_not_verified,
G11_TB_21_2_3_3,06_correct_lookalike_graded_wrong,исправляется кодом диагностики (оценка по выбранному варианту),06_correct_lookalike_graded_wrong;09_key_not_verified,
G11_TB_21_2_3_4,04_duplicate_correct_option,убрать дубль варианта,04_duplicate_correct_option;09_key_not_verified,
G11_TB_21_2_3_5,09_key_not_verified,автоматическая перепроверка ключа + ручная проверка расхождений,09_key_not_verified,
G11_TB_21_2_4_1,09_key_not_verified,автоматическая перепроверка ключа + ручная проверка расхождений,09_key_not_verified,
G11_TB_21_2_4_2,06_correct_lookalike_graded_wrong,исправляется кодом диагностики (оценка по выбранному варианту),06_correct_lookalike_graded_wrong;09_key_not_verified,
G11_TB_21_2_4_3,09_key_not_verified,автоматическая перепроверка ключа + ручная проверка расхождений,09_key_not_verified,
G11_TB_21_2_4_4,06_correct_lookalike_graded_wrong,исправляется кодом диагностики (оценка по выбранному варианту),06_correct_lookalike_graded_wrong;09_key_not_verified,
G11_TB_21_2_5_1,06_correct_lookalike_graded_wrong,исправляется кодом диагностики (оценка по выбранному варианту),06_correct_lookalike_graded_wrong,
G11_TB_21_2_5_2,06_correct_lookalike_graded_wrong,исправляется кодом диагностики (оценка по выбранному варианту),06_correct_lookalike_graded_wrong,
G11_TB_21_2_5_3,09_key_not_verified,автоматическая перепроверка ключа + ручная проверка расхождений,09_key_not_verified,
G11_TB_21_2_5_5,09_key_not_verified,автоматическая перепроверка ключа + ручная проверка расхождений,09_key_not_verified,
G11_TB_21_2_5_6,09_key_not_verified,автоматическая перепроверка ключа + ручная проверка расхождений,09_key_not_verified,
G11_TB_21_2_6_2,09_key_not_verified,автоматическая перепроверка ключа + ручная проверка расхождений,09_key_not_verified,
G11_TB_21_2_7_1,09_key_not_verified,автоматическая перепроверка ключа + ручная проверка расхождений,09_key_not_verified,
G11_TB_21_2_7_3,09_key_not_verified,автоматическая перепроверка ключа + ручная проверка расхождений,09_key_not_verified,
G11_TB_22_1_15_1,02_pipeline_flagged_invalid,проверить вручную: исправить или отключить,02_pipeline_flagged_invalid,
G11_TB_22_1_15_2,02_pipeline_flagged_invalid,проверить вручную: исправить или отключить,02_pipeline_flagged_invalid,
G11_TB_22_1_15_3,02_pipeline_flagged_invalid,проверить вручную: исправить или отключить,02_pipeline_flagged_invalid,
G11_TB_22_2_1_5,10_latex_meaning_differs,проверить до переключения показа на question_latex,10_latex_meaning_differs,
G11_TB_22_2_1_6,10_latex_meaning_differs,проверить до переключения показа на question_latex,10_latex_meaning_differs,
G11_TB_22_2_2_1,09_key_not_verified,автоматическая перепроверка ключа + ручная проверка расхождений,09_key_not_verified;10_latex_meaning_differs,
G11_TB_22_2_2_2,09_key_not_verified,автоматическая перепроверка ключа + ручная проверка расхождений,09_key_not_verified,
G11_TB_22_2_2_3,09_key_not_verified,автоматическая перепроверка ключа + ручная проверка расхождений,09_key_not_verified,
G11_TB_22_2_2_4,09_key_not_verified,автоматическая перепроверка ключа + ручная проверка расхождений,09_key_not_verified,
G11_TB_22_2_2_5,09_key_not_verified,автоматическая перепроверка ключа + ручная проверка расхождений,09_key_not_verified,
G11_TB_22_2_2_6,09_key_not_verified,автоматическая перепроверка ключа + ручная проверка расхождений,09_key_not_verified;10_latex_meaning_differs,
G11_TB_22_2_3_3,10_latex_meaning_differs,проверить до переключения показа на question_latex,10_latex_meaning_differs,
G11_TB_22_2_3_4,10_latex_meaning_differs,проверить до переключения показа на question_latex,10_latex_meaning_differs,
G11_TB_22_2_4_1,09_key_not_verified,автоматическая перепроверка ключа + ручная проверка расхождений,09_key_not_verified,
G11_TB_22_2_4_2,09_key_not_verified,автоматическая перепроверка ключа + ручная проверка расхождений,09_key_not_verified,
G11_TB_22_2_4_3,09_key_not_verified,автоматическая перепроверка ключа + ручная проверка расхождений,09_key_not_verified,
G11_TB_22_2_4_4,09_key_not_verified,автоматическая перепроверка ключа + ручная проверка расхождений,09_key_not_verified,
G11_TB_22_2_4_5,09_key_not_verified,автоматическая перепроверка ключа + ручная проверка расхождений,09_key_not_verified,
G11_TB_22_2_5,09_key_not_verified,автоматическая перепроверка ключа + ручная проверка расхождений,09_key_not_verified,
G11_TB_22_2_6,02_pipeline_flagged_invalid,проверить вручную: исправить или отключить,02_pipeline_flagged_invalid;09_key_not_verified,
G11_TB_22_3_22_3_10,06_correct_lookalike_graded_wrong,исправляется кодом диагностики (оценка по выбранному варианту),06_correct_lookalike_graded_wrong,
G11_TB_22_3_2_1,02_pipeline_flagged_invalid,проверить вручную: исправить или отключить,02_pipeline_flagged_invalid;09_key_not_verified,
G11_TB_22_3_2_2,02_pipeline_flagged_invalid,проверить вручную: исправить или отключить,02_pipeline_flagged_invalid;09_key_not_verified,
G11_TB_22_3_2_3,02_pipeline_flagged_invalid,проверить вручную: исправить или отключить,02_pipeline_flagged_invalid;09_key_not_verified,
G11_TB_22_3_3_a,09_key_not_verified,автоматическая перепроверка ключа + ручная проверка расхождений,09_key_not_verified,
G11_TB_22_3_3_b,02_pipeline_flagged_invalid,проверить вручную: исправить или отключить,02_pipeline_flagged_invalid;09_key_not_verified,
G11_TB_22_3_3_c,09_key_not_verified,автоматическая перепроверка ключа + ручная проверка расхождений,09_key_not_verified,
G11_TB_22_3_5_1,09_key_not_verified,автоматическая перепроверка ключа + ручная проверка расхождений,09_key_not_verified;11_open_input_no_options,
G11_TB_22_3_5_2,09_key_not_verified,автоматическая перепроверка ключа + ручная проверка расхождений,09_key_not_verified;11_open_input_no_options,
G11_TB_22_3_5_3,09_key_not_verified,автоматическая перепроверка ключа + ручная проверка расхождений,09_key_not_verified;11_open_input_no_options,
G11_TB_22_3_6_1,02_pipeline_flagged_invalid,проверить вручную: исправить или отключить,02_pipeline_flagged_invalid;09_key_not_verified,
G11_TB_22_3_6_3,02_pipeline_flagged_invalid,проверить вручную: исправить или отключить,02_pipeline_flagged_invalid;04_duplicate_correct_option;09_key_not_verified,
G11_TB_22_3_6_4,02_pipeline_flagged_invalid,проверить вручную: исправить или отключить,02_pipeline_flagged_invalid;09_key_not_verified,
G11_TB_22_3_6_5,02_pipeline_flagged_invalid,проверить вручную: исправить или отключить,02_pipeline_flagged_invalid;09_key_not_verified,
G11_TB_22_3_7_1,09_key_not_verified,автоматическая перепроверка ключа + ручная проверка расхождений,09_key_not_verified,
G11_TB_22_3_7_2,09_key_not_verified,автоматическая перепроверка ключа + ручная проверка расхождений,09_key_not_verified,
G11_TB_22_3_7_3,09_key_not_verified,автоматическая перепроверка ключа + ручная проверка расхождений,09_key_not_verified,
G11_TB_22_4_1,09_key_not_verified,автоматическая перепроверка ключа + ручная проверка расхождений,09_key_not_verified,
G11_TB_22_4_5,09_key_not_verified,автоматическая перепроверка ключа + ручная проверка расхождений,09_key_not_verified,
G11_TB_22_5_3,10_latex_meaning_differs,проверить до переключения показа на question_latex,10_latex_meaning_differs,
G11_TB_22_5_5,10_latex_meaning_differs,проверить до переключения показа на question_latex,10_latex_meaning_differs,
G11_TB_22_6_10,10_latex_meaning_differs,проверить до переключения показа на question_latex,10_latex_meaning_differs,
G11_TB_22_6_11,09_key_not_verified,автоматическая перепроверка ключа + ручная проверка расхождений,09_key_not_verified,
G11_TB_22_6_5_3,09_key_not_verified,автоматическая перепроверка ключа + ручная проверка расхождений,09_key_not_verified,
G11_TB_22_6_5_4,09_key_not_verified,автоматическая перепроверка ключа + ручная проверка расхождений,09_key_not_verified,
G11_TB_23_2_4_1,02_pipeline_flagged_invalid,проверить вручную: исправить или отключить,02_pipeline_flagged_invalid;10_latex_meaning_differs,
G11_TB_23_2_5_2,10_latex_meaning_differs,проверить до переключения показа на question_latex,10_latex_meaning_differs,
G11_TB_23_2_6_2,10_latex_meaning_differs,проверить до переключения показа на question_latex,10_latex_meaning_differs,
G11_TB_25_1_1_4,09_key_not_verified,автоматическая перепроверка ключа + ручная проверка расхождений,09_key_not_verified,
G11_TB_25_1_3_1,09_key_not_verified,автоматическая перепроверка ключа + ручная проверка расхождений,09_key_not_verified,
G11_TB_25_1_3_2,09_key_not_verified,автоматическая перепроверка ключа + ручная проверка расхождений,09_key_not_verified,
G11_TB_25_1_3_3,06_correct_lookalike_graded_wrong,исправляется кодом диагностики (оценка по выбранному варианту),06_correct_lookalike_graded_wrong,
G11_TB_25_1_3_4,06_correct_lookalike_graded_wrong,исправляется кодом диагностики (оценка по выбранному варианту),06_correct_lookalike_graded_wrong;09_key_not_verified,
G11_TB_25_1_3_5,09_key_not_verified,автоматическая перепроверка ключа + ручная проверка расхождений,09_key_not_verified,
G11_TB_25_1_3_6,09_key_not_verified,автоматическая перепроверка ключа + ручная проверка расхождений,09_key_not_verified,
G11_TB_25_1_5_2,09_key_not_verified,автоматическая перепроверка ключа + ручная проверка расхождений,09_key_not_verified,
G11_TB_25_1_5_4,09_key_not_verified,автоматическая перепроверка ключа + ручная проверка расхождений,09_key_not_verified,
G11_TB_25_1_6_1,09_key_not_verified,автоматическая перепроверка ключа + ручная проверка расхождений,09_key_not_verified,
G11_TB_25_1_6_3,09_key_not_verified,автоматическая перепроверка ключа + ручная проверка расхождений,09_key_not_verified,
G11_TB_25_1_7_2,09_key_not_verified,автоматическая перепроверка ключа + ручная проверка расхождений,09_key_not_verified,
G11_TB_25_1_8_1,09_key_not_verified,автоматическая перепроверка ключа + ручная проверка расхождений,09_key_not_verified,
G11_TB_25_1_8_2,09_key_not_verified,автоматическая перепроверка ключа + ручная проверка расхождений,09_key_not_verified,
G11_TB_25_2_1_1,06_correct_lookalike_graded_wrong,исправляется кодом диагностики (оценка по выбранному варианту),06_correct_lookalike_graded_wrong,
G11_TB_25_2_1_2,09_key_not_verified,автоматическая перепроверка ключа + ручная проверка расхождений,09_key_not_verified,
G11_TB_25_2_1_3,02_pipeline_flagged_invalid,проверить вручную: исправить или отключить,02_pipeline_flagged_invalid;09_key_not_verified,
G11_TB_25_2_2,06_correct_lookalike_graded_wrong,исправляется кодом диагностики (оценка по выбранному варианту),06_correct_lookalike_graded_wrong;09_key_not_verified,
G11_TB_27_2_10_1,09_key_not_verified,автоматическая перепроверка ключа + ручная проверка расхождений,09_key_not_verified,
G11_TB_27_2_10_2,09_key_not_verified,автоматическая перепроверка ключа + ручная проверка расхождений,09_key_not_verified,
G11_TB_27_2_11_1,09_key_not_verified,автоматическая перепроверка ключа + ручная проверка расхождений,09_key_not_verified,
G11_TB_27_2_12_1,09_key_not_verified,автоматическая перепроверка ключа + ручная проверка расхождений,09_key_not_verified,
G11_TB_27_2_12_2,09_key_not_verified,автоматическая перепроверка ключа + ручная проверка расхождений,09_key_not_verified,
G11_TB_27_2_12_3,06_correct_lookalike_graded_wrong,исправляется кодом диагностики (оценка по выбранному варианту),06_correct_lookalike_graded_wrong;09_key_not_verified,
G11_TB_27_2_13_1,02_pipeline_flagged_invalid,проверить вручную: исправить или отключить,02_pipeline_flagged_invalid;09_key_not_verified,
G11_TB_27_2_13_2,09_key_not_verified,автоматическая перепроверка ключа + ручная проверка расхождений,09_key_not_verified,
G11_TB_27_2_14_1,02_pipeline_flagged_invalid,проверить вручную: исправить или отключить,02_pipeline_flagged_invalid;09_key_not_verified,
G11_TB_27_2_14_2,09_key_not_verified,автоматическая перепроверка ключа + ручная проверка расхождений,09_key_not_verified,
G11_TB_27_2_15_1,09_key_not_verified,автоматическая перепроверка ключа + ручная проверка расхождений,09_key_not_verified,
G11_TB_27_2_15_2,09_key_not_verified,автоматическая перепроверка ключа + ручная проверка расхождений,09_key_not_verified,
G11_TB_27_2_16_1,09_key_not_verified,автоматическая перепроверка ключа + ручная проверка расхождений,09_key_not_verified,
G11_TB_27_2_23_2,06_correct_lookalike_graded_wrong,исправляется кодом диагностики (оценка по выбранному варианту),06_correct_lookalike_graded_wrong,
G11_TB_27_2_24_2,09_key_not_verified,автоматическая перепроверка ключа + ручная проверка расхождений,09_key_not_verified,
G11_TB_27_2_24_3,02_pipeline_flagged_invalid,проверить вручную: исправить или отключить,02_pipeline_flagged_invalid;09_key_not_verified,
G11_TB_27_2_25_1,09_key_not_verified,автоматическая перепроверка ключа + ручная проверка расхождений,09_key_not_verified,
G11_TB_27_2_25_2,09_key_not_verified,автоматическая перепроверка ключа + ручная проверка расхождений,09_key_not_verified,
G11_TB_27_2_26_3,09_key_not_verified,автоматическая перепроверка ключа + ручная проверка расхождений,09_key_not_verified,
G11_TB_27_2_26_4,09_key_not_verified,автоматическая перепроверка ключа + ручная проверка расхождений,09_key_not_verified,
G11_TB_27_2_27_1,05_answer_radical_scope,проверить область корня в ключе и исправить,05_answer_radical_scope,
G11_TB_27_2_28_1,09_key_not_verified,автоматическая перепроверка ключа + ручная проверка расхождений,09_key_not_verified,
G11_TB_27_2_28_2,09_key_not_verified,автоматическая перепроверка ключа + ручная проверка расхождений,09_key_not_verified,
G11_TB_27_2_29_1,09_key_not_verified,автоматическая перепроверка ключа + ручная проверка расхождений,09_key_not_verified,
G11_TB_27_2_29_2,09_key_not_verified,автоматическая перепроверка ключа + ручная проверка расхождений,09_key_not_verified,
G11_TB_27_2_2_7,09_key_not_verified,автоматическая перепроверка ключа + ручная проверка расхождений,09_key_not_verified,
G11_TB_27_2_2_8,09_key_not_verified,автоматическая перепроверка ключа + ручная проверка расхождений,09_key_not_verified,
G11_TB_27_2_2_9,09_key_not_verified,автоматическая перепроверка ключа + ручная проверка расхождений,09_key_not_verified,
G11_TB_27_2_31_1,09_key_not_verified,автоматическая перепроверка ключа + ручная проверка расхождений,09_key_not_verified,
G11_TB_27_2_31_2,09_key_not_verified,автоматическая перепроверка ключа + ручная проверка расхождений,09_key_not_verified,
G11_TB_27_2_32_1,09_key_not_verified,автоматическая перепроверка ключа + ручная проверка расхождений,09_key_not_verified,
G11_TB_27_2_33_1,06_correct_lookalike_graded_wrong,исправляется кодом диагностики (оценка по выбранному варианту),06_correct_lookalike_graded_wrong;09_key_not_verified,
G11_TB_27_2_33_2,06_correct_lookalike_graded_wrong,исправляется кодом диагностики (оценка по выбранному варианту),06_correct_lookalike_graded_wrong,
G11_TB_27_2_34_1,09_key_not_verified,автоматическая перепроверка ключа + ручная проверка расхождений,09_key_not_verified,
G11_TB_27_2_34_2,06_correct_lookalike_graded_wrong,исправляется кодом диагностики (оценка по выбранному варианту),06_correct_lookalike_graded_wrong,
G11_TB_27_2_35_1,06_correct_lookalike_graded_wrong,исправляется кодом диагностики (оценка по выбранному варианту),06_correct_lookalike_graded_wrong,
G11_TB_27_2_35_2,06_correct_lookalike_graded_wrong,исправляется кодом диагностики (оценка по выбранному варианту),06_correct_lookalike_graded_wrong;09_key_not_verified,
G11_TB_27_2_36_1,06_correct_lookalike_graded_wrong,исправляется кодом диагностики (оценка по выбранному варианту),06_correct_lookalike_graded_wrong,
G11_TB_27_2_36_2,06_correct_lookalike_graded_wrong,исправляется кодом диагностики (оценка по выбранному варианту),06_correct_lookalike_graded_wrong;09_key_not_verified,
G11_TB_27_2_36_3,06_correct_lookalike_graded_wrong,исправляется кодом диагностики (оценка по выбранному варианту),06_correct_lookalike_graded_wrong;09_key_not_verified,
G11_TB_27_2_36_4,09_key_not_verified,автоматическая перепроверка ключа + ручная проверка расхождений,09_key_not_verified,
G11_TB_27_2_37_1,07_duplicate_question_conflicting_key,"сравнить копии, оставить верную, остальные отключить",07_duplicate_question_conflicting_key;09_key_not_verified,
G11_TB_27_2_37_2,07_duplicate_question_conflicting_key,"сравнить копии, оставить верную, остальные отключить",07_duplicate_question_conflicting_key;09_key_not_verified,
G11_TB_27_2_37_3,09_key_not_verified,автоматическая перепроверка ключа + ручная проверка расхождений,09_key_not_verified,
G11_TB_27_2_38_1,09_key_not_verified,автоматическая перепроверка ключа + ручная проверка расхождений,09_key_not_verified,
G11_TB_27_2_38_3,09_key_not_verified,автоматическая перепроверка ключа + ручная проверка расхождений,09_key_not_verified,
G11_TB_27_2_38_4,09_key_not_verified,автоматическая перепроверка ключа + ручная проверка расхождений,09_key_not_verified,
G11_TB_27_2_39_1,06_correct_lookalike_graded_wrong,исправляется кодом диагностики (оценка по выбранному варианту),06_correct_lookalike_graded_wrong;09_key_not_verified,
G11_TB_27_2_39_2,09_key_not_verified,автоматическая перепроверка ключа + ручная проверка расхождений,09_key_not_verified,
G11_TB_27_2_39_3,09_key_not_verified,автоматическая перепроверка ключа + ручная проверка расхождений,09_key_not_verified,
G11_TB_27_2_39_4,07_duplicate_question_conflicting_key,"сравнить копии, оставить верную, остальные отключить",07_duplicate_question_conflicting_key;09_key_not_verified,
G11_TB_27_2_3_1,09_key_not_verified,автоматическая перепроверка ключа + ручная проверка расхождений,09_key_not_verified,
G11_TB_27_2_3_2,09_key_not_verified,автоматическая перепроверка ключа + ручная проверка расхождений,09_key_not_verified,
G11_TB_27_2_40_1,09_key_not_verified,автоматическая перепроверка ключа + ручная проверка расхождений,09_key_not_verified,
G11_TB_27_2_41_1,09_key_not_verified,автоматическая перепроверка ключа + ручная проверка расхождений,09_key_not_verified,
G11_TB_27_2_4_1,09_key_not_verified,автоматическая перепроверка ключа + ручная проверка расхождений,09_key_not_verified,
G11_TB_27_2_4_2,09_key_not_verified,автоматическая перепроверка ключа + ручная проверка расхождений,09_key_not_verified,
G11_TB_27_2_4_3,09_key_not_verified,автоматическая перепроверка ключа + ручная проверка расхождений,09_key_not_verified,
G11_TB_27_2_4_4,09_key_not_verified,автоматическая перепроверка ключа + ручная проверка расхождений,09_key_not_verified,
G11_TB_27_2_5_2,09_key_not_verified,автоматическая перепроверка ключа + ручная проверка расхождений,09_key_not_verified,
G11_TB_27_2_5_4,09_key_not_verified,автоматическая перепроверка ключа + ручная проверка расхождений,09_key_not_verified,
G11_TB_27_2_65_1,07_duplicate_question_conflicting_key,"сравнить копии, оставить верную, остальные отключить",07_duplicate_question_conflicting_key;09_key_not_verified,
G11_TB_27_2_65_2,07_duplicate_question_conflicting_key,"сравнить копии, оставить верную, остальные отключить",07_duplicate_question_conflicting_key;09_key_not_verified,
G11_TB_27_2_65_3,09_key_not_verified,автоматическая перепроверка ключа + ручная проверка расхождений,09_key_not_verified,
G11_TB_27_2_65_4,09_key_not_verified,автоматическая перепроверка ключа + ручная проверка расхождений,09_key_not_verified,
G11_TB_27_2_66_1,09_key_not_verified,автоматическая перепроверка ключа + ручная проверка расхождений,09_key_not_verified,
G11_TB_27_2_66_2,09_key_not_verified,автоматическая перепроверка ключа + ручная проверка расхождений,09_key_not_verified,
G11_TB_27_2_66_3,09_key_not_verified,автоматическая перепроверка ключа + ручная проверка расхождений,09_key_not_verified,
G11_TB_27_2_66_4,09_key_not_verified,автоматическая перепроверка ключа + ручная проверка расхождений,09_key_not_verified,
G11_TB_27_2_67_1,09_key_not_verified,автоматическая перепроверка ключа + ручная проверка расхождений,09_key_not_verified,
G11_TB_27_2_67_2,09_key_not_verified,автоматическая перепроверка ключа + ручная проверка расхождений,09_key_not_verified,
G11_TB_27_2_67_3,09_key_not_verified,автоматическая перепроверка ключа + ручная проверка расхождений,09_key_not_verified,
G11_TB_27_2_67_4,06_correct_lookalike_graded_wrong,исправляется кодом диагностики (оценка по выбранному варианту),06_correct_lookalike_graded_wrong;09_key_not_verified,
G11_TB_27_2_68,07_duplicate_question_conflicting_key,"сравнить копии, оставить верную, остальные отключить",07_duplicate_question_conflicting_key,
G11_TB_27_2_69,07_duplicate_question_conflicting_key,"сравнить копии, оставить верную, остальные отключить",07_duplicate_question_conflicting_key;09_key_not_verified,
G11_TB_27_2_6_2,09_key_not_verified,автоматическая перепроверка ключа + ручная проверка расхождений,09_key_not_verified,
G11_TB_27_2_6_4,09_key_not_verified,автоматическая перепроверка ключа + ручная проверка расхождений,09_key_not_verified,
G11_TB_27_2_70_1,09_key_not_verified,автоматическая перепроверка ключа + ручная проверка расхождений,09_key_not_verified,
G11_TB_27_2_70_2,09_key_not_verified,автоматическая перепроверка ключа + ручная проверка расхождений,09_key_not_verified,
G11_TB_27_2_71,09_key_not_verified,автоматическая перепроверка ключа + ручная проверка расхождений,09_key_not_verified,
G11_TB_27_2_72,09_key_not_verified,автоматическая перепроверка ключа + ручная проверка расхождений,09_key_not_verified,
G11_TB_27_2_74,09_key_not_verified,автоматическая перепроверка ключа + ручная проверка расхождений,09_key_not_verified,
G11_TB_27_2_75,09_key_not_verified,автоматическая перепроверка ключа + ручная проверка расхождений,09_key_not_verified,
G11_TB_27_2_78,09_key_not_verified,автоматическая перепроверка ключа + ручная проверка расхождений,09_key_not_verified,
G11_TB_27_2_79,09_key_not_verified,автоматическая перепроверка ключа + ручная проверка расхождений,09_key_not_verified,
G11_TB_27_2_80,09_key_not_verified,автоматическая перепроверка ключа + ручная проверка расхождений,09_key_not_verified,
G11_TB_27_2_82,09_key_not_verified,автоматическая перепроверка ключа + ручная проверка расхождений,09_key_not_verified,
G11_TB_27_2_84,09_key_not_verified,автоматическая перепроверка ключа + ручная проверка расхождений,09_key_not_verified,
G11_TB_27_2_85,09_key_not_verified,автоматическая перепроверка ключа + ручная проверка расхождений,09_key_not_verified,
G11_TB_27_2_87,09_key_not_verified,автоматическая перепроверка ключа + ручная проверка расхождений,09_key_not_verified,
G11_TB_27_2_8_1,06_correct_lookalike_graded_wrong,исправляется кодом диагностики (оценка по выбранному варианту),06_correct_lookalike_graded_wrong;09_key_not_verified,
G11_TB_27_2_8_2,09_key_not_verified,автоматическая перепроверка ключа + ручная проверка расхождений,09_key_not_verified,
G11_TB_27_2_90,10_latex_meaning_differs,проверить до переключения показа на question_latex,10_latex_meaning_differs,
G11_TB_27_2_92,02_pipeline_flagged_invalid,проверить вручную: исправить или отключить,02_pipeline_flagged_invalid;09_key_not_verified,
G11_TB_27_2_93,09_key_not_verified,автоматическая перепроверка ключа + ручная проверка расхождений,09_key_not_verified,
G11_TB_27_2_9_1,09_key_not_verified,автоматическая перепроверка ключа + ручная проверка расхождений,09_key_not_verified,
G11_TB_27_2_9_2,09_key_not_verified,автоматическая перепроверка ключа + ручная проверка расхождений,09_key_not_verified,
G11_TB_2_1,06_correct_lookalike_graded_wrong,исправляется кодом диагностики (оценка по выбранному варианту),06_correct_lookalike_graded_wrong,
G11_TB_2_10_1,06_correct_lookalike_graded_wrong,исправляется кодом диагностики (оценка по выбранному варианту),06_correct_lookalike_graded_wrong;09_key_not_verified,
G11_TB_2_10_2,09_key_not_verified,автоматическая перепроверка ключа + ручная проверка расхождений,09_key_not_verified,
G11_TB_2_10_3,06_correct_lookalike_graded_wrong,исправляется кодом диагностики (оценка по выбранному варианту),06_correct_lookalike_graded_wrong;09_key_not_verified,
G11_TB_2_10_4,06_correct_lookalike_graded_wrong,исправляется кодом диагностики (оценка по выбранному варианту),06_correct_lookalike_graded_wrong;09_key_not_verified,
G11_TB_2_2,06_correct_lookalike_graded_wrong,исправляется кодом диагностики (оценка по выбранному варианту),06_correct_lookalike_graded_wrong,
G11_TB_2_2_2_6_2,09_key_not_verified,автоматическая перепроверка ключа + ручная проверка расхождений,09_key_not_verified,
G11_TB_2_2_2_6_3,09_key_not_verified,автоматическая перепроверка ключа + ручная проверка расхождений,09_key_not_verified,
G11_TB_2_2_2_6_4,09_key_not_verified,автоматическая перепроверка ключа + ручная проверка расхождений,09_key_not_verified,
G11_TB_2_2_2_9_3,09_key_not_verified,автоматическая перепроверка ключа + ручная проверка расхождений,09_key_not_verified,
G11_TB_2_2_4,09_key_not_verified,автоматическая перепроверка ключа + ручная проверка расхождений,09_key_not_verified,
G11_TB_2_2_5,09_key_not_verified,автоматическая перепроверка ключа + ручная проверка расхождений,09_key_not_verified,
G11_TB_2_2_6,09_key_not_verified,автоматическая перепроверка ключа + ручная проверка расхождений,09_key_not_verified,
G11_TB_2_3,06_correct_lookalike_graded_wrong,исправляется кодом диагностики (оценка по выбранному варианту),06_correct_lookalike_graded_wrong,
G11_TB_2_3_2_10_г,07_duplicate_question_conflicting_key,"сравнить копии, оставить верную, остальные отключить",07_duplicate_question_conflicting_key,
G11_TB_2_3_2_13_а,03_proof_task,отключить в диагностике/экзаменах (автоматически не проверяется),03_proof_task,
G11_TB_2_3_2_13_б,03_proof_task,отключить в диагностике/экзаменах (автоматически не проверяется),03_proof_task,
G11_TB_2_3_2_13_г,03_proof_task,отключить в диагностике/экзаменах (автоматически не проверяется),03_proof_task,
G11_TB_2_3_2_13_е,03_proof_task,отключить в диагностике/экзаменах (автоматически не проверяется),03_proof_task,
G11_TB_2_4,10_latex_meaning_differs,проверить до переключения показа на question_latex,10_latex_meaning_differs,
G11_TB_2_4_2_15_е,09_key_not_verified,автоматическая перепроверка ключа + ручная проверка расхождений,09_key_not_verified,
G11_TB_2_4_2_15_ж,09_key_not_verified,автоматическая перепроверка ключа + ручная проверка расхождений,09_key_not_verified;12_extra_copy_of_identical_task,
G11_TB_2_4_2_15_з,09_key_not_verified,автоматическая перепроверка ключа + ручная проверка расхождений,09_key_not_verified,
G11_TB_2_4_2_16_а,07_duplicate_question_conflicting_key,"сравнить копии, оставить верную, остальные отключить",07_duplicate_question_conflicting_key,
G11_TB_2_4_2_18_а,09_key_not_verified,автоматическая перепроверка ключа + ручная проверка расхождений,09_key_not_verified,
G11_TB_2_4_2_18_б,09_key_not_verified,автоматическая перепроверка ключа + ручная проверка расхождений,09_key_not_verified,
G11_TB_2_4_2_18_в,09_key_not_verified,автоматическая перепроверка ключа + ручная проверка расхождений,09_key_not_verified,
G11_TB_2_4_2_18_г,09_key_not_verified,автоматическая перепроверка ключа + ручная проверка расхождений,09_key_not_verified,
G11_TB_2_4_2_21,07_duplicate_question_conflicting_key,"сравнить копии, оставить верную, остальные отключить",07_duplicate_question_conflicting_key,
G11_TB_2_5_1,09_key_not_verified,автоматическая перепроверка ключа + ручная проверка расхождений,09_key_not_verified,
G11_TB_2_5_2,06_correct_lookalike_graded_wrong,исправляется кодом диагностики (оценка по выбранному варианту),06_correct_lookalike_graded_wrong;09_key_not_verified,
G11_TB_2_5_2_24_3,10_latex_meaning_differs,проверить до переключения показа на question_latex,10_latex_meaning_differs,
G11_TB_2_5_2_24_4,10_latex_meaning_differs,проверить до переключения показа на question_latex,10_latex_meaning_differs,
G11_TB_2_5_2_25_1,10_latex_meaning_differs,проверить до переключения показа на question_latex,10_latex_meaning_differs,
G11_TB_2_5_2_25_2,10_latex_meaning_differs,проверить до переключения показа на question_latex,10_latex_meaning_differs,
G11_TB_2_5_2_25_3,10_latex_meaning_differs,проверить до переключения показа на question_latex,10_latex_meaning_differs,
G11_TB_2_5_2_27_3,07_duplicate_question_conflicting_key,"сравнить копии, оставить верную, остальные отключить",07_duplicate_question_conflicting_key,
G11_TB_2_5_2_30_1,10_latex_meaning_differs,проверить до переключения показа на question_latex,10_latex_meaning_differs,
G11_TB_2_5_2_30_2,10_latex_meaning_differs,проверить до переключения показа на question_latex,10_latex_meaning_differs,
G11_TB_2_5_2_30_3,10_latex_meaning_differs,проверить до переключения показа на question_latex,10_latex_meaning_differs,
G11_TB_2_5_2_30_4,10_latex_meaning_differs,проверить до переключения показа на question_latex,10_latex_meaning_differs,
G11_TB_2_5_2_32_1,09_key_not_verified,автоматическая перепроверка ключа + ручная проверка расхождений,09_key_not_verified,
G11_TB_2_5_2_32_5,09_key_not_verified,автоматическая перепроверка ключа + ручная проверка расхождений,09_key_not_verified,
G11_TB_2_5_2_32_6,09_key_not_verified,автоматическая перепроверка ключа + ручная проверка расхождений,09_key_not_verified,
G11_TB_2_6*_2_33_б,09_key_not_verified,автоматическая перепроверка ключа + ручная проверка расхождений,09_key_not_verified,
G11_TB_2_6*_2_33_г,09_key_not_verified,автоматическая перепроверка ключа + ручная проверка расхождений,09_key_not_verified,
G11_TB_2_6*_2_34_a,09_key_not_verified,автоматическая перепроверка ключа + ручная проверка расхождений,09_key_not_verified,
G11_TB_2_6*_2_34_б,07_duplicate_question_conflicting_key,"сравнить копии, оставить верную, остальные отключить",07_duplicate_question_conflicting_key;09_key_not_verified,
G11_TB_2_6*_2_34_в,09_key_not_verified,автоматическая перепроверка ключа + ручная проверка расхождений,09_key_not_verified,
G11_TB_2_6*_2_35_б,07_duplicate_question_conflicting_key,"сравнить копии, оставить верную, остальные отключить",07_duplicate_question_conflicting_key,
G11_TB_2_6*_2_36_a,07_duplicate_question_conflicting_key,"сравнить копии, оставить верную, остальные отключить",07_duplicate_question_conflicting_key,
G11_TB_2_6*_2_36_б,07_duplicate_question_conflicting_key,"сравнить копии, оставить верную, остальные отключить",07_duplicate_question_conflicting_key,
G11_TB_2_6*_2_36_в,07_duplicate_question_conflicting_key,"сравнить копии, оставить верную, остальные отключить",07_duplicate_question_conflicting_key,
G11_TB_2_6*_2_37,07_duplicate_question_conflicting_key,"сравнить копии, оставить верную, остальные отключить",07_duplicate_question_conflicting_key,
G11_TB_2_6*_2_38,07_duplicate_question_conflicting_key,"сравнить копии, оставить верную, остальные отключить",07_duplicate_question_conflicting_key,
G11_TB_2_6_1,09_key_not_verified,автоматическая перепроверка ключа + ручная проверка расхождений,09_key_not_verified,
G11_TB_2_6_2,09_key_not_verified,автоматическая перепроверка ключа + ручная проверка расхождений,09_key_not_verified,
G11_TB_2_6_4,06_correct_lookalike_graded_wrong,исправляется кодом диагностики (оценка по выбранному варианту),06_correct_lookalike_graded_wrong;09_key_not_verified,
G11_TB_2_7_2,09_key_not_verified,автоматическая перепроверка ключа + ручная проверка расхождений,09_key_not_verified,
G11_TB_2_7_3,09_key_not_verified,автоматическая перепроверка ключа + ручная проверка расхождений,09_key_not_verified,
G11_TB_2_9_1,09_key_not_verified,автоматическая перепроверка ключа + ручная проверка расхождений,09_key_not_verified,
G11_TB_2_9_2,09_key_not_verified,автоматическая перепроверка ключа + ручная проверка расхождений,09_key_not_verified,
G11_TB_2_9_3,09_key_not_verified,автоматическая перепроверка ключа + ручная проверка расхождений,09_key_not_verified,
G11_TB_2_9_4,09_key_not_verified,автоматическая перепроверка ключа + ручная проверка расхождений,09_key_not_verified,
G11_TB_3_1_2_40_1,09_key_not_verified,автоматическая перепроверка ключа + ручная проверка расхождений,09_key_not_verified,
G11_TB_3_1_2_40_3,09_key_not_verified,автоматическая перепроверка ключа + ручная проверка расхождений,09_key_not_verified,
G11_TB_3_1_2_40_4,09_key_not_verified,автоматическая перепроверка ключа + ручная проверка расхождений,09_key_not_verified,
G11_TB_3_1_2_40_5,09_key_not_verified,автоматическая перепроверка ключа + ручная проверка расхождений,09_key_not_verified,
G11_TB_3_1_2_40_6,09_key_not_verified,автоматическая перепроверка ключа + ручная проверка расхождений,09_key_not_verified,
G11_TB_3_1_2_40_7,09_key_not_verified,автоматическая перепроверка ключа + ручная проверка расхождений,09_key_not_verified,
G11_TB_3_1_2_40_8,09_key_not_verified,автоматическая перепроверка ключа + ручная проверка расхождений,09_key_not_verified,
G11_TB_3_2*_3_3_д,09_key_not_verified,автоматическая перепроверка ключа + ручная проверка расхождений,09_key_not_verified,
G11_TB_3_2*_3_3_е,09_key_not_verified,автоматическая перепроверка ключа + ручная проверка расхождений,09_key_not_verified,
G11_TB_3_2*_3_6_1,07_duplicate_question_conflicting_key,"сравнить копии, оставить верную, остальные отключить",07_duplicate_question_conflicting_key,
G11_TB_3_2*_3_6_2,10_latex_meaning_differs,проверить до переключения показа на question_latex,10_latex_meaning_differs,
G11_TB_3_2*_3_6_3,07_duplicate_question_conflicting_key,"сравнить копии, оставить верную, остальные отключить",07_duplicate_question_conflicting_key,
G11_TB_3_2*_3_7_1,07_duplicate_question_conflicting_key,"сравнить копии, оставить верную, остальные отключить",07_duplicate_question_conflicting_key,
G11_TB_3_2*_3_7_2,06_correct_lookalike_graded_wrong,исправляется кодом диагностики (оценка по выбранному варианту),06_correct_lookalike_graded_wrong;07_duplicate_question_conflicting_key,
G11_TB_3_2*_3_7_3,07_duplicate_question_conflicting_key,"сравнить копии, оставить верную, остальные отключить",07_duplicate_question_conflicting_key,
G11_TB_3_2*_3_7_4,07_duplicate_question_conflicting_key,"сравнить копии, оставить верную, остальные отключить",07_duplicate_question_conflicting_key,
G11_TB_3_2*_3_7_5,07_duplicate_question_conflicting_key,"сравнить копии, оставить верную, остальные отключить",07_duplicate_question_conflicting_key,
G11_TB_3_2*_3_7_6,07_duplicate_question_conflicting_key,"сравнить копии, оставить верную, остальные отключить",07_duplicate_question_conflicting_key;09_key_not_verified,
G11_TB_3_3*_3_11,07_duplicate_question_conflicting_key,"сравнить копии, оставить верную, остальные отключить",07_duplicate_question_conflicting_key,
G11_TB_3_4*_3_15_a,07_duplicate_question_conflicting_key,"сравнить копии, оставить верную, остальные отключить",07_duplicate_question_conflicting_key,
G11_TB_3_4*_3_15_b,07_duplicate_question_conflicting_key,"сравнить копии, оставить верную, остальные отключить",07_duplicate_question_conflicting_key,
G11_TB_3_4*_3_15_в,07_duplicate_question_conflicting_key,"сравнить копии, оставить верную, остальные отключить",07_duplicate_question_conflicting_key,
G11_TB_3_4*_3_15_г,07_duplicate_question_conflicting_key,"сравнить копии, оставить верную, остальные отключить",07_duplicate_question_conflicting_key,
G11_TB_3_4*_3_16_a,10_latex_meaning_differs,проверить до переключения показа на question_latex,10_latex_meaning_differs,
G11_TB_3_4*_3_16_b,10_latex_meaning_differs,проверить до переключения показа на question_latex,10_latex_meaning_differs,
G11_TB_3_4*_3_17_a,10_latex_meaning_differs,проверить до переключения показа на question_latex,10_latex_meaning_differs,
G11_TB_3_4*_3_17_b,10_latex_meaning_differs,проверить до переключения показа на question_latex,10_latex_meaning_differs,
G11_TB_3_4*_3_17_в,10_latex_meaning_differs,проверить до переключения показа на question_latex,10_latex_meaning_differs,
G11_TB_3_4*_3_17_г,10_latex_meaning_differs,проверить до переключения показа на question_latex,10_latex_meaning_differs,
G11_TB_4_1_3_18,07_duplicate_question_conflicting_key,"сравнить копии, оставить верную, остальные отключить",07_duplicate_question_conflicting_key,
G11_TB_4_1_3_22_а,09_key_not_verified,автоматическая перепроверка ключа + ручная проверка расхождений,09_key_not_verified,
G11_TB_4_1_3_22_б,09_key_not_verified,автоматическая перепроверка ключа + ручная проверка расхождений,09_key_not_verified,
G11_TB_4_1_4_2,10_latex_meaning_differs,проверить до переключения показа на question_latex,10_latex_meaning_differs,
G11_TB_4_1_4_3_1,09_key_not_verified,автоматическая перепроверка ключа + ручная проверка расхождений,09_key_not_verified;10_latex_meaning_differs,
G11_TB_4_1_4_3_2,09_key_not_verified,автоматическая перепроверка ключа + ручная проверка расхождений,09_key_not_verified;10_latex_meaning_differs,
G11_TB_4_3*_4_15_а,06_correct_lookalike_graded_wrong,исправляется кодом диагностики (оценка по выбранному варианту),06_correct_lookalike_graded_wrong,
G11_TB_4_3*_4_15_б,07_duplicate_question_conflicting_key,"сравнить копии, оставить верную, остальные отключить",07_duplicate_question_conflicting_key,
G11_TB_4_3*_4_16,03_proof_task,отключить в диагностике/экзаменах (автоматически не проверяется),03_proof_task;07_duplicate_question_conflicting_key,
G11_TB_4_3*_4_17_д,09_key_not_verified,автоматическая перепроверка ключа + ручная проверка расхождений,09_key_not_verified,
G11_TB_4_3*_4_20_б,09_key_not_verified,автоматическая перепроверка ключа + ручная проверка расхождений,09_key_not_verified,
G11_TB_4_3*_4_20_г,09_key_not_verified,автоматическая перепроверка ключа + ручная проверка расхождений,09_key_not_verified,
G11_TB_4_3*_4_21_в,07_duplicate_question_conflicting_key,"сравнить копии, оставить верную, остальные отключить",07_duplicate_question_conflicting_key,
G11_TB_4_3*_4_22_б,09_key_not_verified,автоматическая перепроверка ключа + ручная проверка расхождений,09_key_not_verified,
G11_TB_4_4_4_26_1,07_duplicate_question_conflicting_key,"сравнить копии, оставить верную, остальные отключить",07_duplicate_question_conflicting_key,
G11_TB_4_4_4_26_2,07_duplicate_question_conflicting_key,"сравнить копии, оставить верную, остальные отключить",07_duplicate_question_conflicting_key,
G11_TB_4_4_4_26_3,07_duplicate_question_conflicting_key,"сравнить копии, оставить верную, остальные отключить",07_duplicate_question_conflicting_key,
G11_TB_4_5_4_29,07_duplicate_question_conflicting_key,"сравнить копии, оставить верную, остальные отключить",07_duplicate_question_conflicting_key,
G11_TB_4_5_4_30_б,09_key_not_verified,автоматическая перепроверка ключа + ручная проверка расхождений,09_key_not_verified,
G11_TB_4_5_4_30_в,09_key_not_verified,автоматическая перепроверка ключа + ручная проверка расхождений,09_key_not_verified,
G11_TB_4_5_4_30_г,09_key_not_verified,автоматическая перепроверка ключа + ручная проверка расхождений,09_key_not_verified,
G11_TB_4_5_4_30_е,09_key_not_verified,автоматическая перепроверка ключа + ручная проверка расхождений,09_key_not_verified,
G11_TB_4_5_4_31_а,09_key_not_verified,автоматическая перепроверка ключа + ручная проверка расхождений,09_key_not_verified,
G11_TB_4_5_4_31_б,09_key_not_verified,автоматическая перепроверка ключа + ручная проверка расхождений,09_key_not_verified,
G11_TB_4_5_4_31_в,09_key_not_verified,автоматическая перепроверка ключа + ручная проверка расхождений,09_key_not_verified,
G11_TB_4_5_4_31_г,09_key_not_verified,автоматическая перепроверка ключа + ручная проверка расхождений,09_key_not_verified,
G11_TB_4_5_4_33_д,09_key_not_verified,автоматическая перепроверка ключа + ручная проверка расхождений,09_key_not_verified,
G11_TB_4_5_4_33_е,09_key_not_verified,автоматическая перепроверка ключа + ручная проверка расхождений,09_key_not_verified,
G11_TB_4_5_4_33_ж,09_key_not_verified,автоматическая перепроверка ключа + ручная проверка расхождений,09_key_not_verified,
G11_TB_4_5_4_33_з,09_key_not_verified,автоматическая перепроверка ключа + ручная проверка расхождений,09_key_not_verified,
G11_TB_4_5_4_33_и,09_key_not_verified,автоматическая перепроверка ключа + ручная проверка расхождений,09_key_not_verified,
G11_TB_4_5_4_34_б,09_key_not_verified,автоматическая перепроверка ключа + ручная проверка расхождений,09_key_not_verified,
G11_TB_4_5_4_34_г,09_key_not_verified,автоматическая перепроверка ключа + ручная проверка расхождений,09_key_not_verified,
G11_TB_4_5_4_39_1,09_key_not_verified,автоматическая перепроверка ключа + ручная проверка расхождений,09_key_not_verified,
G11_TB_4_5_4_39_4,09_key_not_verified,автоматическая перепроверка ключа + ручная проверка расхождений,09_key_not_verified,
G11_TB_4_6_4_41_1,09_key_not_verified,автоматическая перепроверка ключа + ручная проверка расхождений,09_key_not_verified,
G11_TB_4_6_4_41_2,09_key_not_verified,автоматическая перепроверка ключа + ручная проверка расхождений,09_key_not_verified,
G11_TB_4_6_4_41_3,09_key_not_verified,автоматическая перепроверка ключа + ручная проверка расхождений,09_key_not_verified,
G11_TB_4_6_4_42_1,09_key_not_verified,автоматическая перепроверка ключа + ручная проверка расхождений,09_key_not_verified,
G11_TB_4_6_4_42_2,09_key_not_verified,автоматическая перепроверка ключа + ручная проверка расхождений,09_key_not_verified,
G11_TB_4_6_4_42_3,09_key_not_verified,автоматическая перепроверка ключа + ручная проверка расхождений,09_key_not_verified,
G11_TB_4_6_4_42_4,09_key_not_verified,автоматическая перепроверка ключа + ручная проверка расхождений,09_key_not_verified,
G11_TB_4_6_4_43_1,09_key_not_verified,автоматическая перепроверка ключа + ручная проверка расхождений,09_key_not_verified,
G11_TB_4_6_4_43_2,09_key_not_verified,автоматическая перепроверка ключа + ручная проверка расхождений,09_key_not_verified,
G11_TB_4_6_4_43_3,09_key_not_verified,автоматическая перепроверка ключа + ручная проверка расхождений,09_key_not_verified,
G11_TB_4_6_4_44_1,09_key_not_verified,автоматическая перепроверка ключа + ручная проверка расхождений,09_key_not_verified,
G11_TB_4_6_4_44_2,09_key_not_verified,автоматическая перепроверка ключа + ручная проверка расхождений,09_key_not_verified,
G11_TB_4_6_4_44_3,09_key_not_verified,автоматическая перепроверка ключа + ручная проверка расхождений,09_key_not_verified,
G11_TB_4_6_4_44_4,09_key_not_verified,автоматическая перепроверка ключа + ручная проверка расхождений,09_key_not_verified,
G11_TB_4_6_4_44_5,09_key_not_verified,автоматическая перепроверка ключа + ручная проверка расхождений,09_key_not_verified,
G11_TB_4_6_4_44_6,09_key_not_verified,автоматическая перепроверка ключа + ручная проверка расхождений,09_key_not_verified,
G11_TB_4_6_4_44_7,09_key_not_verified,автоматическая перепроверка ключа + ручная проверка расхождений,09_key_not_verified,
G11_TB_4_6_4_44_8,09_key_not_verified,автоматическая перепроверка ключа + ручная проверка расхождений,09_key_not_verified,
G11_TB_4_6_4_44_9,09_key_not_verified,автоматическая перепроверка ключа + ручная проверка расхождений,09_key_not_verified,
G11_TB_4_6_4_45_1,09_key_not_verified,автоматическая перепроверка ключа + ручная проверка расхождений,09_key_not_verified,
G11_TB_4_6_4_45_2,09_key_not_verified,автоматическая перепроверка ключа + ручная проверка расхождений,09_key_not_verified,
G11_TB_4_6_4_45_3,09_key_not_verified,автоматическая перепроверка ключа + ручная проверка расхождений,09_key_not_verified,
G11_TB_4_6_4_45_4,09_key_not_verified,автоматическая перепроверка ключа + ручная проверка расхождений,09_key_not_verified,
G11_TB_4_6_4_46_1,09_key_not_verified,автоматическая перепроверка ключа + ручная проверка расхождений,09_key_not_verified,
G11_TB_4_6_4_46_2,09_key_not_verified,автоматическая перепроверка ключа + ручная проверка расхождений,09_key_not_verified,
G11_TB_4_6_4_46_3,09_key_not_verified,автоматическая перепроверка ключа + ручная проверка расхождений,09_key_not_verified,
G11_TB_4_6_4_46_4,09_key_not_verified,автоматическая перепроверка ключа + ручная проверка расхождений,09_key_not_verified,
G11_TB_4_6_4_47,03_proof_task,отключить в диагностике/экзаменах (автоматически не проверяется),03_proof_task,
G11_TB_4_6_4_48_1,09_key_not_verified,автоматическая перепроверка ключа + ручная проверка расхождений,09_key_not_verified,
G11_TB_4_6_4_48_3,09_key_not_verified,автоматическая перепроверка ключа + ручная проверка расхождений,09_key_not_verified,
G11_TB_4_6_4_48_4,09_key_not_verified,автоматическая перепроверка ключа + ручная проверка расхождений,09_key_not_verified,
G11_TB_4_6_4_48_5,09_key_not_verified,автоматическая перепроверка ключа + ручная проверка расхождений,09_key_not_verified,
G11_TB_4_6_4_48_6,09_key_not_verified,автоматическая перепроверка ключа + ручная проверка расхождений,09_key_not_verified,
G11_TB_4_6_4_49_3,09_key_not_verified,автоматическая перепроверка ключа + ручная проверка расхождений,09_key_not_verified,
G11_TB_4_6_4_50_3,09_key_not_verified,автоматическая перепроверка ключа + ручная проверка расхождений,09_key_not_verified,
G11_TB_4_6_4_51_1,03_proof_task,отключить в диагностике/экзаменах (автоматически не проверяется),03_proof_task,
G11_TB_4_7*_4_52_1,09_key_not_verified,автоматическая перепроверка ключа + ручная проверка расхождений,09_key_not_verified,
G11_TB_4_7*_4_52_3,09_key_not_verified,автоматическая перепроверка ключа + ручная проверка расхождений,09_key_not_verified,
G11_TB_4_7*_4_53_1,09_key_not_verified,автоматическая перепроверка ключа + ручная проверка расхождений,09_key_not_verified,
G11_TB_4_7*_4_53_2,09_key_not_verified,автоматическая перепроверка ключа + ручная проверка расхождений,09_key_not_verified,
G11_TB_4_7*_4_53_3,09_key_not_verified,автоматическая перепроверка ключа + ручная проверка расхождений,09_key_not_verified,
G11_TB_4_7*_4_53_4,09_key_not_verified,автоматическая перепроверка ключа + ручная проверка расхождений,09_key_not_verified,
G11_TB_4_7*_4_53_5,09_key_not_verified,автоматическая перепроверка ключа + ручная проверка расхождений,09_key_not_verified,
G11_TB_4_7*_4_53_6,09_key_not_verified,автоматическая перепроверка ключа + ручная проверка расхождений,09_key_not_verified,
G11_TB_4_7*_4_53_7,09_key_not_verified,автоматическая перепроверка ключа + ручная проверка расхождений,09_key_not_verified,
G11_TB_4_7*_4_53_8,09_key_not_verified,автоматическая перепроверка ключа + ручная проверка расхождений,09_key_not_verified,
G11_TB_4_7*_4_53_9,09_key_not_verified,автоматическая перепроверка ключа + ручная проверка расхождений,09_key_not_verified,
G11_TB_4_7*_4_54_1,09_key_not_verified,автоматическая перепроверка ключа + ручная проверка расхождений,09_key_not_verified,
G11_TB_4_7*_4_54_2,09_key_not_verified,автоматическая перепроверка ключа + ручная проверка расхождений,09_key_not_verified,
G11_TB_4_7*_4_54_3,09_key_not_verified,автоматическая перепроверка ключа + ручная проверка расхождений,09_key_not_verified,
G11_TB_4_7*_4_54_4,09_key_not_verified,автоматическая перепроверка ключа + ручная проверка расхождений,09_key_not_verified,
G11_TB_4_7*_4_54_5,09_key_not_verified,автоматическая перепроверка ключа + ручная проверка расхождений,09_key_not_verified,
G11_TB_4_7*_4_54_6,09_key_not_verified,автоматическая перепроверка ключа + ручная проверка расхождений,09_key_not_verified,
G11_TB_4_7*_4_55_1,09_key_not_verified,автоматическая перепроверка ключа + ручная проверка расхождений,09_key_not_verified,
G11_TB_4_7*_4_55_2,09_key_not_verified,автоматическая перепроверка ключа + ручная проверка расхождений,09_key_not_verified,
G11_TB_4_7*_4_55_3,09_key_not_verified,автоматическая перепроверка ключа + ручная проверка расхождений,09_key_not_verified,
G11_TB_4_7*_4_55_4,09_key_not_verified,автоматическая перепроверка ключа + ручная проверка расхождений,09_key_not_verified,
G11_TB_4_7*_4_56_1,09_key_not_verified,автоматическая перепроверка ключа + ручная проверка расхождений,09_key_not_verified,
G11_TB_4_7*_4_56_2,09_key_not_verified,автоматическая перепроверка ключа + ручная проверка расхождений,09_key_not_verified,
G11_TB_4_7*_4_56_3,09_key_not_verified,автоматическая перепроверка ключа + ручная проверка расхождений,09_key_not_verified,
G11_TB_4_7*_4_56_4,07_duplicate_question_conflicting_key,"сравнить копии, оставить верную, остальные отключить",07_duplicate_question_conflicting_key,
G11_TB_4_7*_4_57_3,09_key_not_verified,автоматическая перепроверка ключа + ручная проверка расхождений,09_key_not_verified,
G11_TB_4_7*_4_57_4,07_duplicate_question_conflicting_key,"сравнить копии, оставить верную, остальные отключить",07_duplicate_question_conflicting_key;09_key_not_verified,
G11_TB_4_7*_4_58_3,09_key_not_verified,автоматическая перепроверка ключа + ручная проверка расхождений,09_key_not_verified,
G11_TB_4_7*_4_58_4,09_key_not_verified,автоматическая перепроверка ключа + ручная проверка расхождений,09_key_not_verified,
G11_TB_4_7*_4_58_5,09_key_not_verified,автоматическая перепроверка ключа + ручная проверка расхождений,09_key_not_verified,
G11_TB_4_7*_4_58_6,09_key_not_verified,автоматическая перепроверка ключа + ручная проверка расхождений,09_key_not_verified,
G11_TB_4_7*_4_58_7,09_key_not_verified,автоматическая перепроверка ключа + ручная проверка расхождений,09_key_not_verified,
G11_TB_4_7*_4_58_8,09_key_not_verified,автоматическая перепроверка ключа + ручная проверка расхождений,09_key_not_verified,
G11_TB_4_7*_4_59_1,09_key_not_verified,автоматическая перепроверка ключа + ручная проверка расхождений,09_key_not_verified,
G11_TB_4_7*_4_59_2,07_duplicate_question_conflicting_key,"сравнить копии, оставить верную, остальные отключить",07_duplicate_question_conflicting_key;09_key_not_verified,
G11_TB_5_10*_5_100,07_duplicate_question_conflicting_key,"сравнить копии, оставить верную, остальные отключить",07_duplicate_question_conflicting_key;09_key_not_verified,
G11_TB_5_10*_5_94_1,07_duplicate_question_conflicting_key,"сравнить копии, оставить верную, остальные отключить",07_duplicate_question_conflicting_key,
G11_TB_5_10*_5_94_2,03_proof_task,отключить в диагностике/экзаменах (автоматически не проверяется),03_proof_task;07_duplicate_question_conflicting_key,
G11_TB_5_10*_5_95,09_key_not_verified,автоматическая перепроверка ключа + ручная проверка расхождений,09_key_not_verified,
G11_TB_5_11_5_104_г,07_duplicate_question_conflicting_key,"сравнить копии, оставить верную, остальные отключить",07_duplicate_question_conflicting_key,
G11_TB_5_11_5_104_д,07_duplicate_question_conflicting_key,"сравнить копии, оставить верную, остальные отключить",07_duplicate_question_conflicting_key,
G11_TB_5_11_5_106_a,07_duplicate_question_conflicting_key,"сравнить копии, оставить верную, остальные отключить",07_duplicate_question_conflicting_key,
G11_TB_5_11_5_106_г,09_key_not_verified,автоматическая перепроверка ключа + ручная проверка расхождений,09_key_not_verified;11_open_input_no_options,
G11_TB_5_1_119_г,07_duplicate_question_conflicting_key,"сравнить копии, оставить верную, остальные отключить",07_duplicate_question_conflicting_key,
G11_TB_5_1_119_д,07_duplicate_question_conflicting_key,"сравнить копии, оставить верную, остальные отключить",07_duplicate_question_conflicting_key,
G11_TB_5_1_119_е,07_duplicate_question_conflicting_key,"сравнить копии, оставить верную, остальные отключить",07_duplicate_question_conflicting_key,
G11_TB_5_1_119_з,07_duplicate_question_conflicting_key,"сравнить копии, оставить верную, остальные отключить",07_duplicate_question_conflicting_key,
G11_TB_5_1_119_и,07_duplicate_question_conflicting_key,"сравнить копии, оставить верную, остальные отключить",07_duplicate_question_conflicting_key,
G11_TB_5_1_119_к,07_duplicate_question_conflicting_key,"сравнить копии, оставить верную, остальные отключить",07_duplicate_question_conflicting_key,
G11_TB_5_1_13_1,06_correct_lookalike_graded_wrong,исправляется кодом диагностики (оценка по выбранному варианту),06_correct_lookalike_graded_wrong,
G11_TB_5_1_13_2,06_correct_lookalike_graded_wrong,исправляется кодом диагностики (оценка по выбранному варианту),06_correct_lookalike_graded_wrong;09_key_not_verified,
G11_TB_5_1_13_3,09_key_not_verified,автоматическая перепроверка ключа + ручная проверка расхождений,09_key_not_verified,
G11_TB_5_1_13_4,06_correct_lookalike_graded_wrong,исправляется кодом диагностики (оценка по выбранному варианту),06_correct_lookalike_graded_wrong,
G11_TB_5_1_14_1,05_answer_radical_scope,проверить область корня в ключе и исправить,05_answer_radical_scope,
G11_TB_5_1_15_1,09_key_not_verified,автоматическая перепроверка ключа + ручная проверка расхождений,09_key_not_verified;10_latex_meaning_differs,
G11_TB_5_1_15_2,06_correct_lookalike_graded_wrong,исправляется кодом диагностики (оценка по выбранному варианту),06_correct_lookalike_graded_wrong;09_key_not_verified,
G11_TB_5_1_15_3,09_key_not_verified,автоматическая перепроверка ключа + ручная проверка расхождений,09_key_not_verified,
G11_TB_5_1_16,09_key_not_verified,автоматическая перепроверка ключа + ручная проверка расхождений,09_key_not_verified,
G11_TB_5_1_2,06_correct_lookalike_graded_wrong,исправляется кодом диагностики (оценка по выбранному варианту),06_correct_lookalike_graded_wrong,
G11_TB_5_1_3_1,06_correct_lookalike_graded_wrong,исправляется кодом диагностики (оценка по выбранному варианту),06_correct_lookalike_graded_wrong,
G11_TB_5_1_3_2,10_latex_meaning_differs,проверить до переключения показа на question_latex,10_latex_meaning_differs,
G11_TB_5_1_4_73_b,09_key_not_verified,автоматическая перепроверка ключа + ручная проверка расхождений,09_key_not_verified,
G11_TB_5_1_4_73_в,09_key_not_verified,автоматическая перепроверка ключа + ручная проверка расхождений,09_key_not_verified,
G11_TB_5_1_4_73_г,09_key_not_verified,автоматическая перепроверка ключа + ручная проверка расхождений,09_key_not_verified,
G11_TB_5_1_4_73_д,09_key_not_verified,автоматическая перепроверка ключа + ручная проверка расхождений,09_key_not_verified,
G11_TB_5_1_4_73_е,09_key_not_verified,автоматическая перепроверка ключа + ручная проверка расхождений,09_key_not_verified,
G11_TB_5_2_15_1,06_correct_lookalike_graded_wrong,исправляется кодом диагностики (оценка по выбранному варианту),06_correct_lookalike_graded_wrong,
G11_TB_5_2_15_2,06_correct_lookalike_graded_wrong,исправляется кодом диагностики (оценка по выбранному варианту),06_correct_lookalike_graded_wrong,
G11_TB_5_2_15_3,06_correct_lookalike_graded_wrong,исправляется кодом диагностики (оценка по выбранному варианту),06_correct_lookalike_graded_wrong,
G11_TB_5_2_15_4,06_correct_lookalike_graded_wrong,исправляется кодом диагностики (оценка по выбранному варианту),06_correct_lookalike_graded_wrong,
G11_TB_5_2_16_1,06_correct_lookalike_graded_wrong,исправляется кодом диагностики (оценка по выбранному варианту),06_correct_lookalike_graded_wrong,
G11_TB_5_2_16_2,06_correct_lookalike_graded_wrong,исправляется кодом диагностики (оценка по выбранному варианту),06_correct_lookalike_graded_wrong,
G11_TB_5_2_16_4,06_correct_lookalike_graded_wrong,исправляется кодом диагностики (оценка по выбранному варианту),06_correct_lookalike_graded_wrong,
G11_TB_5_2_17_1,06_correct_lookalike_graded_wrong,исправляется кодом диагностики (оценка по выбранному варианту),06_correct_lookalike_graded_wrong,
G11_TB_5_2_17_2,06_correct_lookalike_graded_wrong,исправляется кодом диагностики (оценка по выбранному варианту),06_correct_lookalike_graded_wrong,
G11_TB_5_2_1_1,10_latex_meaning_differs,проверить до переключения показа на question_latex,10_latex_meaning_differs,
G11_TB_5_2_1_2,10_latex_meaning_differs,проверить до переключения показа на question_latex,10_latex_meaning_differs,
G11_TB_5_2_5_12_1,09_key_not_verified,автоматическая перепроверка ключа + ручная проверка расхождений,09_key_not_verified,
G11_TB_5_2_5_12_2,09_key_not_verified,автоматическая перепроверка ключа + ручная проверка расхождений,09_key_not_verified,
G11_TB_5_2_5_16_1,09_key_not_verified,автоматическая перепроверка ключа + ручная проверка расхождений,09_key_not_verified,
G11_TB_5_2_5_16_2,09_key_not_verified,автоматическая перепроверка ключа + ручная проверка расхождений,09_key_not_verified,
G11_TB_5_2_5_19_v,09_key_not_verified,автоматическая перепроверка ключа + ручная проверка расхождений,09_key_not_verified,
G11_TB_5_2_5_21_r,09_key_not_verified,автоматическая перепроверка ключа + ручная проверка расхождений,09_key_not_verified,
G11_TB_5_2_5_21_v,09_key_not_verified,автоматическая перепроверка ключа + ручная проверка расхождений,09_key_not_verified,
G11_TB_5_2_5_23_b,09_key_not_verified,автоматическая перепроверка ключа + ручная проверка расхождений,09_key_not_verified,
G11_TB_5_2_5_23_r,09_key_not_verified,автоматическая перепроверка ключа + ручная проверка расхождений,09_key_not_verified,
G11_TB_5_2_5_23_v,09_key_not_verified,автоматическая перепроверка ключа + ручная проверка расхождений,09_key_not_verified,
G11_TB_5_2_5_5*_2,07_duplicate_question_conflicting_key,"сравнить копии, оставить верную, остальные отключить",07_duplicate_question_conflicting_key,
G11_TB_5_2_5_5*_3,07_duplicate_question_conflicting_key,"сравнить копии, оставить верную, остальные отключить",07_duplicate_question_conflicting_key,
G11_TB_5_2_5_5*_4,07_duplicate_question_conflicting_key,"сравнить копии, оставить верную, остальные отключить",07_duplicate_question_conflicting_key,
G11_TB_5_2_5_7_3,07_duplicate_question_conflicting_key,"сравнить копии, оставить верную, остальные отключить",07_duplicate_question_conflicting_key;09_key_not_verified,
G11_TB_5_2_5_7_4,07_duplicate_question_conflicting_key,"сравнить копии, оставить верную, остальные отключить",07_duplicate_question_conflicting_key,
G11_TB_5_2_5_8_3,07_duplicate_question_conflicting_key,"сравнить копии, оставить верную, остальные отключить",07_duplicate_question_conflicting_key;09_key_not_verified,
G11_TB_5_2_5_8_4,07_duplicate_question_conflicting_key,"сравнить копии, оставить верную, остальные отключить",07_duplicate_question_conflicting_key,
G11_TB_5_2_5_9*_1,09_key_not_verified,автоматическая перепроверка ключа + ручная проверка расхождений,09_key_not_verified,
G11_TB_5_2_5_9*_2,09_key_not_verified,автоматическая перепроверка ключа + ручная проверка расхождений,09_key_not_verified,
G11_TB_5_3_10,05_answer_radical_scope,проверить область корня в ключе и исправить,05_answer_radical_scope,
G11_TB_5_3_12,09_key_not_verified,автоматическая перепроверка ключа + ручная проверка расхождений,09_key_not_verified,
G11_TB_5_3_16,09_key_not_verified,автоматическая перепроверка ключа + ручная проверка расхождений,09_key_not_verified,
G11_TB_5_3_17,09_key_not_verified,автоматическая перепроверка ключа + ручная проверка расхождений,09_key_not_verified,
G11_TB_5_3_3*,09_key_not_verified,автоматическая перепроверка ключа + ручная проверка расхождений,09_key_not_verified,
G11_TB_5_3_3_2,06_correct_lookalike_graded_wrong,исправляется кодом диагностики (оценка по выбранному варианту),06_correct_lookalike_graded_wrong,
G11_TB_5_3_5_3,09_key_not_verified,автоматическая перепроверка ключа + ручная проверка расхождений,09_key_not_verified,
G11_TB_5_3_5_32_1,09_key_not_verified,автоматическая перепроверка ключа + ручная проверка расхождений,09_key_not_verified,
G11_TB_5_3_5_32_2,09_key_not_verified,автоматическая перепроверка ключа + ручная проверка расхождений,09_key_not_verified,
G11_TB_5_3_5_32_3,09_key_not_verified,автоматическая перепроверка ключа + ручная проверка расхождений,09_key_not_verified,
G11_TB_5_3_5_32_4,09_key_not_verified,автоматическая перепроверка ключа + ручная проверка расхождений,09_key_not_verified,
G11_TB_5_3_5_35,09_key_not_verified,автоматическая перепроверка ключа + ручная проверка расхождений,09_key_not_verified,
G11_TB_5_3_5_36_1,07_duplicate_question_conflicting_key,"сравнить копии, оставить верную, остальные отключить",07_duplicate_question_conflicting_key;09_key_not_verified,
G11_TB_5_3_5_36_2,09_key_not_verified,автоматическая перепроверка ключа + ручная проверка расхождений,09_key_not_verified,
G11_TB_5_3_6_3,10_latex_meaning_differs,проверить до переключения показа на question_latex,10_latex_meaning_differs,
G11_TB_5_4*_5_37,09_key_not_verified,автоматическая перепроверка ключа + ручная проверка расхождений,09_key_not_verified;10_latex_meaning_differs,
G11_TB_5_4*_5_38_д,09_key_not_verified,автоматическая перепроверка ключа + ручная проверка расхождений,09_key_not_verified;10_latex_meaning_differs,
G11_TB_5_4*_5_39_л,09_key_not_verified,автоматическая перепроверка ключа + ручная проверка расхождений,09_key_not_verified;10_latex_meaning_differs,
G11_TB_5_4*_5_39_м,09_key_not_verified,автоматическая перепроверка ключа + ручная проверка расхождений,09_key_not_verified;10_latex_meaning_differs,
G11_TB_5_5_5_46,07_duplicate_question_conflicting_key,"сравнить копии, оставить верную, остальные отключить",07_duplicate_question_conflicting_key,
G11_TB_5_5_5_48,07_duplicate_question_conflicting_key,"сравнить копии, оставить верную, остальные отключить",07_duplicate_question_conflicting_key,
G11_TB_5_6_5_49,07_duplicate_question_conflicting_key,"сравнить копии, оставить верную, остальные отключить",07_duplicate_question_conflicting_key,
G11_TB_5_6_5_54,07_duplicate_question_conflicting_key,"сравнить копии, оставить верную, остальные отключить",07_duplicate_question_conflicting_key,
G11_TB_5_6_5_56_а,07_duplicate_question_conflicting_key,"сравнить копии, оставить верную, остальные отключить",07_duplicate_question_conflicting_key,
G11_TB_5_6_5_56_б,07_duplicate_question_conflicting_key,"сравнить копии, оставить верную, остальные отключить",07_duplicate_question_conflicting_key,
G11_TB_5_7*_5_62_1,07_duplicate_question_conflicting_key,"сравнить копии, оставить верную, остальные отключить",07_duplicate_question_conflicting_key,
G11_TB_5_7*_5_62_2,07_duplicate_question_conflicting_key,"сравнить копии, оставить верную, остальные отключить",07_duplicate_question_conflicting_key,
G11_TB_5_7*_5_63_1,07_duplicate_question_conflicting_key,"сравнить копии, оставить верную, остальные отключить",07_duplicate_question_conflicting_key,
G11_TB_5_7*_5_63_2,07_duplicate_question_conflicting_key,"сравнить копии, оставить верную, остальные отключить",07_duplicate_question_conflicting_key,
G11_TB_5_7*_5_65_1,07_duplicate_question_conflicting_key,"сравнить копии, оставить верную, остальные отключить",07_duplicate_question_conflicting_key,
G11_TB_5_7*_5_65_2,07_duplicate_question_conflicting_key,"сравнить копии, оставить верную, остальные отключить",07_duplicate_question_conflicting_key,
G11_TB_5_7*_5_66_1,09_key_not_verified,автоматическая перепроверка ключа + ручная проверка расхождений,09_key_not_verified,
G11_TB_5_7*_5_66_2,09_key_not_verified,автоматическая перепроверка ключа + ручная проверка расхождений,09_key_not_verified,
G11_TB_5_7*_5_66_3,09_key_not_verified,автоматическая перепроверка ключа + ручная проверка расхождений,09_key_not_verified,
G11_TB_5_7*_5_66_4,09_key_not_verified,автоматическая перепроверка ключа + ручная проверка расхождений,09_key_not_verified,
G11_TB_5_7*_5_67,07_duplicate_question_conflicting_key,"сравнить копии, оставить верную, остальные отключить",07_duplicate_question_conflicting_key,
G11_TB_5_7*_5_68_1,07_duplicate_question_conflicting_key,"сравнить копии, оставить верную, остальные отключить",07_duplicate_question_conflicting_key;09_key_not_verified,
G11_TB_5_7*_5_68_2,07_duplicate_question_conflicting_key,"сравнить копии, оставить верную, остальные отключить",07_duplicate_question_conflicting_key;09_key_not_verified,
G11_TB_5_7*_5_68_3,09_key_not_verified,автоматическая перепроверка ключа + ручная проверка расхождений,09_key_not_verified,
G11_TB_5_7*_5_69,07_duplicate_question_conflicting_key,"сравнить копии, оставить верную, остальные отключить",07_duplicate_question_conflicting_key;09_key_not_verified,
G11_TB_5_8*_5_76_а,07_duplicate_question_conflicting_key,"сравнить копии, оставить верную, остальные отключить",07_duplicate_question_conflicting_key,
G11_TB_5_8*_5_76_б,07_duplicate_question_conflicting_key,"сравнить копии, оставить верную, остальные отключить",07_duplicate_question_conflicting_key,
G11_TB_5_8*_5_76_г,07_duplicate_question_conflicting_key,"сравнить копии, оставить верную, остальные отключить",07_duplicate_question_conflicting_key;09_key_not_verified,
G11_TB_5_8*_5_76_д,09_key_not_verified,автоматическая перепроверка ключа + ручная проверка расхождений,09_key_not_verified,
G11_TB_5_8*_5_76_е,07_duplicate_question_conflicting_key,"сравнить копии, оставить верную, остальные отключить",07_duplicate_question_conflicting_key,
G11_TB_5_8*_5_76_з,07_duplicate_question_conflicting_key,"сравнить копии, оставить верную, остальные отключить",07_duplicate_question_conflicting_key,
G11_TB_5_8*_5_76_и,07_duplicate_question_conflicting_key,"сравнить копии, оставить верную, остальные отключить",07_duplicate_question_conflicting_key;09_key_not_verified,
G11_TB_5_8*_5_76_к,02_pipeline_flagged_invalid,проверить вручную: исправить или отключить,02_pipeline_flagged_invalid;07_duplicate_question_conflicting_key;09_key_not_verified,
G11_TB_5_8*_5_76_л,07_duplicate_question_conflicting_key,"сравнить копии, оставить верную, остальные отключить",07_duplicate_question_conflicting_key;09_key_not_verified,
G11_TB_5_8*_5_76_м,09_key_not_verified,автоматическая перепроверка ключа + ручная проверка расхождений,09_key_not_verified,
G11_TB_5_8*_5_77,09_key_not_verified,автоматическая перепроверка ключа + ручная проверка расхождений,09_key_not_verified,
G11_TB_5_8*_5_78_а,07_duplicate_question_conflicting_key,"сравнить копии, оставить верную, остальные отключить",07_duplicate_question_conflicting_key;09_key_not_verified,
G11_TB_5_8*_5_78_б,07_duplicate_question_conflicting_key,"сравнить копии, оставить верную, остальные отключить",07_duplicate_question_conflicting_key;09_key_not_verified,
G11_TB_5_8*_5_78_в,07_duplicate_question_conflicting_key,"сравнить копии, оставить верную, остальные отключить",07_duplicate_question_conflicting_key;09_key_not_verified,
G11_TB_5_9_5_80,07_duplicate_question_conflicting_key,"сравнить копии, оставить верную, остальные отключить",07_duplicate_question_conflicting_key,
G11_TB_5_9_5_81,07_duplicate_question_conflicting_key,"сравнить копии, оставить верную, остальные отключить",07_duplicate_question_conflicting_key,
G11_TB_5_9_5_82_а,07_duplicate_question_conflicting_key,"сравнить копии, оставить верную, остальные отключить",07_duplicate_question_conflicting_key,
G11_TB_5_9_5_82_б,07_duplicate_question_conflicting_key,"сравнить копии, оставить верную, остальные отключить",07_duplicate_question_conflicting_key,
G11_TB_5_9_5_82_в,07_duplicate_question_conflicting_key,"сравнить копии, оставить верную, остальные отключить",07_duplicate_question_conflicting_key,
G11_TB_5_9_5_82_г,07_duplicate_question_conflicting_key,"сравнить копии, оставить верную, остальные отключить",07_duplicate_question_conflicting_key,
G11_TB_5_9_5_83_а,07_duplicate_question_conflicting_key,"сравнить копии, оставить верную, остальные отключить",07_duplicate_question_conflicting_key;09_key_not_verified,
G11_TB_5_9_5_83_б,07_duplicate_question_conflicting_key,"сравнить копии, оставить верную, остальные отключить",07_duplicate_question_conflicting_key;09_key_not_verified,
G11_TB_5_9_5_83_в,07_duplicate_question_conflicting_key,"сравнить копии, оставить верную, остальные отключить",07_duplicate_question_conflicting_key;09_key_not_verified,
G11_TB_5_9_5_83_г,07_duplicate_question_conflicting_key,"сравнить копии, оставить верную, остальные отключить",07_duplicate_question_conflicting_key;09_key_not_verified,
G11_TB_5_9_5_84_а,07_duplicate_question_conflicting_key,"сравнить копии, оставить верную, остальные отключить",07_duplicate_question_conflicting_key,
G11_TB_5_9_5_84_б,07_duplicate_question_conflicting_key,"сравнить копии, оставить верную, остальные отключить",07_duplicate_question_conflicting_key,
G11_TB_5_9_5_85_а,07_duplicate_question_conflicting_key,"сравнить копии, оставить верную, остальные отключить",07_duplicate_question_conflicting_key,
G11_TB_5_9_5_85_б,07_duplicate_question_conflicting_key,"сравнить копии, оставить верную, остальные отключить",07_duplicate_question_conflicting_key,
G11_TB_5_9_5_86,07_duplicate_question_conflicting_key,"сравнить копии, оставить верную, остальные отключить",07_duplicate_question_conflicting_key,
G11_TB_5_9_5_87,07_duplicate_question_conflicting_key,"сравнить копии, оставить верную, остальные отключить",07_duplicate_question_conflicting_key,
G11_TB_5_9_5_88_а,07_duplicate_question_conflicting_key,"сравнить копии, оставить верную, остальные отключить",07_duplicate_question_conflicting_key,
G11_TB_5_9_5_88_б,07_duplicate_question_conflicting_key,"сравнить копии, оставить верную, остальные отключить",07_duplicate_question_conflicting_key,
G11_TB_5_9_5_89,07_duplicate_question_conflicting_key,"сравнить копии, оставить верную, остальные отключить",07_duplicate_question_conflicting_key,
G11_TB_5_9_5_90,07_duplicate_question_conflicting_key,"сравнить копии, оставить верную, остальные отключить",07_duplicate_question_conflicting_key,
G11_TB_6_10*_3,09_key_not_verified,автоматическая перепроверка ключа + ручная проверка расхождений,09_key_not_verified,
G11_TB_6_10*_6_86_б,09_key_not_verified,автоматическая перепроверка ключа + ручная проверка расхождений,09_key_not_verified,
G11_TB_6_10*_6_87*_а,09_key_not_verified,автоматическая перепроверка ключа + ручная проверка расхождений,09_key_not_verified,
G11_TB_6_10*_6_87*_в,09_key_not_verified,автоматическая перепроверка ключа + ручная проверка расхождений,09_key_not_verified,
G11_TB_6_10*_6_93*,09_key_not_verified,автоматическая перепроверка ключа + ручная проверка расхождений,09_key_not_verified,
G11_TB_6_10*_6_94*,09_key_not_verified,автоматическая перепроверка ключа + ручная проверка расхождений,09_key_not_verified,
G11_TB_6_10*_6_95*,09_key_not_verified,автоматическая перепроверка ключа + ручная проверка расхождений,09_key_not_verified,
G11_TB_6_1_1,03_proof_task,отключить в диагностике/экзаменах (автоматически не проверяется),03_proof_task;06_correct_lookalike_graded_wrong,
G11_TB_6_1_2,03_proof_task,отключить в диагностике/экзаменах (автоматически не проверяется),03_proof_task,
G11_TB_6_1_3,03_proof_task,отключить в диагностике/экзаменах (автоматически не проверяется),03_proof_task,
G11_TB_6_1_4,03_proof_task,отключить в диагностике/экзаменах (автоматически не проверяется),03_proof_task,
G11_TB_6_1_5,03_proof_task,отключить в диагностике/экзаменах (автоматически не проверяется),03_proof_task;06_correct_lookalike_graded_wrong,
G11_TB_6_1_5_123_1,07_duplicate_question_conflicting_key,"сравнить копии, оставить верную, остальные отключить",07_duplicate_question_conflicting_key;09_key_not_verified,
G11_TB_6_1_5_123_2,07_duplicate_question_conflicting_key,"сравнить копии, оставить верную, остальные отключить",07_duplicate_question_conflicting_key;09_key_not_verified,
G11_TB_6_1_5_123_3,07_duplicate_question_conflicting_key,"сравнить копии, оставить верную, остальные отключить",07_duplicate_question_conflicting_key;09_key_not_verified,
G11_TB_6_1_5_123_4,07_duplicate_question_conflicting_key,"сравнить копии, оставить верную, остальные отключить",07_duplicate_question_conflicting_key;09_key_not_verified,
G11_TB_6_1_5_123_5,07_duplicate_question_conflicting_key,"сравнить копии, оставить верную, остальные отключить",07_duplicate_question_conflicting_key;09_key_not_verified,
G11_TB_6_1_5_123_6,07_duplicate_question_conflicting_key,"сравнить копии, оставить верную, остальные отключить",07_duplicate_question_conflicting_key;09_key_not_verified,
G11_TB_6_1_6_7_а,09_key_not_verified,автоматическая перепроверка ключа + ручная проверка расхождений,09_key_not_verified,
G11_TB_6_1_6_7_в,09_key_not_verified,автоматическая перепроверка ключа + ручная проверка расхождений,09_key_not_verified,
G11_TB_6_1_6_8_а,09_key_not_verified,автоматическая перепроверка ключа + ручная проверка расхождений,09_key_not_verified,
G11_TB_6_1_6_8_в,09_key_not_verified,автоматическая перепроверка ключа + ручная проверка расхождений,09_key_not_verified,
G11_TB_6_1_6_8_г,09_key_not_verified,автоматическая перепроверка ключа + ручная проверка расхождений,09_key_not_verified,
G11_TB_6_1_6_8_д,09_key_not_verified,автоматическая перепроверка ключа + ручная проверка расхождений,09_key_not_verified,
G11_TB_6_1_6_8_е,09_key_not_verified,автоматическая перепроверка ключа + ручная проверка расхождений,09_key_not_verified,
G11_TB_6_1_6_8_ж,09_key_not_verified,автоматическая перепроверка ключа + ручная проверка расхождений,09_key_not_verified,
G11_TB_6_1_6_8_з,09_key_not_verified,автоматическая перепроверка ключа + ручная проверка расхождений,09_key_not_verified,
G11_TB_6_1_6_8_и,09_key_not_verified,автоматическая перепроверка ключа + ручная проверка расхождений,09_key_not_verified,
G11_TB_6_1_6_9_а,09_key_not_verified,автоматическая перепроверка ключа + ручная проверка расхождений,09_key_not_verified,
G11_TB_6_1_6_9_б,09_key_not_verified,автоматическая перепроверка ключа + ручная проверка расхождений,09_key_not_verified,
G11_TB_6_1_6_9_в,09_key_not_verified,автоматическая перепроверка ключа + ручная проверка расхождений,09_key_not_verified,
G11_TB_6_1_6_9_д,09_key_not_verified,автоматическая перепроверка ключа + ручная проверка расхождений,09_key_not_verified,
G11_TB_6_2*_6_12_л,06_correct_lookalike_graded_wrong,исправляется кодом диагностики (оценка по выбранному варианту),06_correct_lookalike_graded_wrong,
G11_TB_6_2*_6_13_в,06_correct_lookalike_graded_wrong,исправляется кодом диагностики (оценка по выбранному варианту),06_correct_lookalike_graded_wrong,
G11_TB_6_2*_6_14_в,06_correct_lookalike_graded_wrong,исправляется кодом диагностики (оценка по выбранному варианту),06_correct_lookalike_graded_wrong,
G11_TB_6_2*_6_15_б,09_key_not_verified,автоматическая перепроверка ключа + ручная проверка расхождений,09_key_not_verified,
G11_TB_6_2*_6_15_г,09_key_not_verified,автоматическая перепроверка ключа + ручная проверка расхождений,09_key_not_verified;11_open_input_no_options,
G11_TB_6_2*_6_16_в,09_key_not_verified,автоматическая перепроверка ключа + ручная проверка расхождений,09_key_not_verified,
G11_TB_6_2*_6_17_ж,09_key_not_verified,автоматическая перепроверка ключа + ручная проверка расхождений,09_key_not_verified,
G11_TB_6_2*_6_17_з,09_key_not_verified,автоматическая перепроверка ключа + ручная проверка расхождений,09_key_not_verified,
G11_TB_6_2*_6_18_а,03_proof_task,отключить в диагностике/экзаменах (автоматически не проверяется),03_proof_task,
G11_TB_6_2*_6_18_б,03_proof_task,отключить в диагностике/экзаменах (автоматически не проверяется),03_proof_task,
G11_TB_6_3_6_19_a,09_key_not_verified,автоматическая перепроверка ключа + ручная проверка расхождений,09_key_not_verified,
G11_TB_6_3_6_19_б,09_key_not_verified,автоматическая перепроверка ключа + ручная проверка расхождений,09_key_not_verified,
G11_TB_6_3_6_20_a,09_key_not_verified,автоматическая перепроверка ключа + ручная проверка расхождений,09_key_not_verified;10_latex_meaning_differs,
G11_TB_6_3_6_20_б,09_key_not_verified,автоматическая перепроверка ключа + ручная проверка расхождений,09_key_not_verified;10_latex_meaning_differs,
G11_TB_6_3_6_20_в,09_key_not_verified,автоматическая перепроверка ключа + ручная проверка расхождений,09_key_not_verified,
G11_TB_6_3_6_20_г,09_key_not_verified,автоматическая перепроверка ключа + ручная проверка расхождений,09_key_not_verified,
G11_TB_6_3_6_21_a,09_key_not_verified,автоматическая перепроверка ключа + ручная проверка расхождений,09_key_not_verified,
G11_TB_6_3_6_21_б,09_key_not_verified,автоматическая перепроверка ключа + ручная проверка расхождений,09_key_not_verified,
G11_TB_6_3_6_21_в,09_key_not_verified,автоматическая перепроверка ключа + ручная проверка расхождений,09_key_not_verified,
G11_TB_6_3_6_21_г,09_key_not_verified,автоматическая перепроверка ключа + ручная проверка расхождений,09_key_not_verified,
G11_TB_6_3_6_22_a,09_key_not_verified,автоматическая перепроверка ключа + ручная проверка расхождений,09_key_not_verified,
G11_TB_6_3_6_22_б,09_key_not_verified,автоматическая перепроверка ключа + ручная проверка расхождений,09_key_not_verified,
G11_TB_6_3_6_22_в,09_key_not_verified,автоматическая перепроверка ключа + ручная проверка расхождений,09_key_not_verified,
G11_TB_6_3_6_22_г,09_key_not_verified,автоматическая перепроверка ключа + ручная проверка расхождений,09_key_not_verified,
G11_TB_6_3_6_23_a,09_key_not_verified,автоматическая перепроверка ключа + ручная проверка расхождений,09_key_not_verified,
G11_TB_6_3_6_23_б,09_key_not_verified,автоматическая перепроверка ключа + ручная проверка расхождений,09_key_not_verified,
G11_TB_6_3_6_23_в,09_key_not_verified,автоматическая перепроверка ключа + ручная проверка расхождений,09_key_not_verified,
G11_TB_6_3_6_23_г,09_key_not_verified,автоматическая перепроверка ключа + ручная проверка расхождений,09_key_not_verified,
G11_TB_6_3_6_24_a,09_key_not_verified,автоматическая перепроверка ключа + ручная проверка расхождений,09_key_not_verified,
G11_TB_6_3_6_24_б,09_key_not_verified,автоматическая перепроверка ключа + ручная проверка расхождений,09_key_not_verified,
G11_TB_6_3_6_24_в,09_key_not_verified,автоматическая перепроверка ключа + ручная проверка расхождений,09_key_not_verified,
G11_TB_6_3_6_24_г,09_key_not_verified,автоматическая перепроверка ключа + ручная проверка расхождений,09_key_not_verified,
G11_TB_6_3_6_25_б,09_key_not_verified,автоматическая перепроверка ключа + ручная проверка расхождений,09_key_not_verified,
G11_TB_6_3_6_25_в,09_key_not_verified,автоматическая перепроверка ключа + ручная проверка расхождений,09_key_not_verified,
G11_TB_6_3_6_3_1,03_proof_task,отключить в диагностике/экзаменах (автоматически не проверяется),03_proof_task,
G11_TB_6_3_6_3_10,06_correct_lookalike_graded_wrong,исправляется кодом диагностики (оценка по выбранному варианту),06_correct_lookalike_graded_wrong,
G11_TB_6_3_6_3_11,06_correct_lookalike_graded_wrong,исправляется кодом диагностики (оценка по выбранному варианту),06_correct_lookalike_graded_wrong,
G11_TB_6_3_6_3_3,06_correct_lookalike_graded_wrong,исправляется кодом диагностики (оценка по выбранному варианту),06_correct_lookalike_graded_wrong,
G11_TB_6_4_6_27_3,09_key_not_verified,автоматическая перепроверка ключа + ручная проверка расхождений,09_key_not_verified,
G11_TB_6_4_6_28_2,02_pipeline_flagged_invalid,проверить вручную: исправить или отключить,02_pipeline_flagged_invalid;09_key_not_verified,
G11_TB_6_4_6_29_1,09_key_not_verified,автоматическая перепроверка ключа + ручная проверка расхождений,09_key_not_verified,
G11_TB_6_4_6_29_2,07_duplicate_question_conflicting_key,"сравнить копии, оставить верную, остальные отключить",07_duplicate_question_conflicting_key;09_key_not_verified,
G11_TB_6_4_6_29_3,09_key_not_verified,автоматическая перепроверка ключа + ручная проверка расхождений,09_key_not_verified,
G11_TB_6_4_6_30_2,07_duplicate_question_conflicting_key,"сравнить копии, оставить верную, остальные отключить",07_duplicate_question_conflicting_key;09_key_not_verified,
G11_TB_6_5*_6_36_3,09_key_not_verified,автоматическая перепроверка ключа + ручная проверка расхождений,09_key_not_verified,
G11_TB_6_5_4,03_proof_task,отключить в диагностике/экзаменах (автоматически не проверяется),03_proof_task;06_correct_lookalike_graded_wrong;10_latex_meaning_differs,
G11_TB_6_5_5,03_proof_task,отключить в диагностике/экзаменах (автоматически не проверяется),03_proof_task;06_correct_lookalike_graded_wrong;10_latex_meaning_differs,
G11_TB_6_6_1_1,02_pipeline_flagged_invalid,проверить вручную: исправить или отключить,02_pipeline_flagged_invalid;03_proof_task,
G11_TB_6_6_1_2,03_proof_task,отключить в диагностике/экзаменах (автоматически не проверяется),03_proof_task,
G11_TB_6_6_1_3,02_pipeline_flagged_invalid,проверить вручную: исправить или отключить,02_pipeline_flagged_invalid;03_proof_task,
G11_TB_6_6_2_1,03_proof_task,отключить в диагностике/экзаменах (автоматически не проверяется),03_proof_task,
G11_TB_6_6_2_2,03_proof_task,отключить в диагностике/экзаменах (автоматически не проверяется),03_proof_task,
G11_TB_6_6_3_1,03_proof_task,отключить в диагностике/экзаменах (автоматически не проверяется),03_proof_task,
G11_TB_6_6_3_2,03_proof_task,отключить в диагностике/экзаменах (автоматически не проверяется),03_proof_task;10_latex_meaning_differs,
G11_TB_6_6_4_2,06_correct_lookalike_graded_wrong,исправляется кодом диагностики (оценка по выбранному варианту),06_correct_lookalike_graded_wrong;09_key_not_verified,
G11_TB_6_6_4_4,06_correct_lookalike_graded_wrong,исправляется кодом диагностики (оценка по выбранному варианту),06_correct_lookalike_graded_wrong;10_latex_meaning_differs,
G11_TB_6_6_5_12,09_key_not_verified,автоматическая перепроверка ключа + ручная проверка расхождений,09_key_not_verified,
G11_TB_6_6_5_4,09_key_not_verified,автоматическая перепроверка ключа + ручная проверка расхождений,09_key_not_verified,
G11_TB_6_6_5_8,06_correct_lookalike_graded_wrong,исправляется кодом диагностики (оценка по выбранному варианту),06_correct_lookalike_graded_wrong,
G11_TB_6_6_6_2,09_key_not_verified,автоматическая перепроверка ключа + ручная проверка расхождений,09_key_not_verified,
G11_TB_6_6_6_4,06_correct_lookalike_graded_wrong,исправляется кодом диагностики (оценка по выбранному варианту),06_correct_lookalike_graded_wrong,
G11_TB_6_6_6_43_c,10_latex_meaning_differs,проверить до переключения показа на question_latex,10_latex_meaning_differs,
G11_TB_6_7_6_54_2,09_key_not_verified,автоматическая перепроверка ключа + ручная проверка расхождений,09_key_not_verified,
G11_TB_6_7_6_55_3,09_key_not_verified,автоматическая перепроверка ключа + ручная проверка расхождений,09_key_not_verified,
G11_TB_6_7_6_58_4,09_key_not_verified,автоматическая перепроверка ключа + ручная проверка расхождений,09_key_not_verified,
G11_TB_6_7_6_59_1,09_key_not_verified,автоматическая перепроверка ключа + ручная проверка расхождений,09_key_not_verified,
G11_TB_6_7_6_62_2,10_latex_meaning_differs,проверить до переключения показа на question_latex,10_latex_meaning_differs,
G11_TB_6_8*_6_64_а,09_key_not_verified,автоматическая перепроверка ключа + ручная проверка расхождений,09_key_not_verified;10_latex_meaning_differs,
G11_TB_6_8*_6_64_д,09_key_not_verified,автоматическая перепроверка ключа + ручная проверка расхождений,09_key_not_verified;10_latex_meaning_differs,
G11_TB_6_8*_6_66_б,09_key_not_verified,автоматическая перепроверка ключа + ручная проверка расхождений,09_key_not_verified,
G11_TB_6_8*_6_66_в,09_key_not_verified,автоматическая перепроверка ключа + ручная проверка расхождений,09_key_not_verified;10_latex_meaning_differs,
G11_TB_6_8*_6_66_г,09_key_not_verified,автоматическая перепроверка ключа + ручная проверка расхождений,09_key_not_verified,
G11_TB_6_8*_6_68_б,09_key_not_verified,автоматическая перепроверка ключа + ручная проверка расхождений,09_key_not_verified,
G11_TB_6_8*_6_69_а,09_key_not_verified,автоматическая перепроверка ключа + ручная проверка расхождений,09_key_not_verified,
G11_TB_6_8*_6_69_б,09_key_not_verified,автоматическая перепроверка ключа + ручная проверка расхождений,09_key_not_verified,
G11_TB_6_8*_6_71_а,09_key_not_verified,автоматическая перепроверка ключа + ручная проверка расхождений,09_key_not_verified,
G11_TB_6_8*_6_71_б,09_key_not_verified,автоматическая перепроверка ключа + ручная проверка расхождений,09_key_not_verified,
G11_TB_6_8*_6_72_а,09_key_not_verified,автоматическая перепроверка ключа + ручная проверка расхождений,09_key_not_verified,
G11_TB_6_8*_6_72_б,09_key_not_verified,автоматическая перепроверка ключа + ручная проверка расхождений,09_key_not_verified,
G11_TB_6_8*_6_73_д,09_key_not_verified,автоматическая перепроверка ключа + ручная проверка расхождений,09_key_not_verified,
G11_TB_6_8*_6_73_е,09_key_not_verified,автоматическая перепроверка ключа + ручная проверка расхождений,09_key_not_verified,
G11_TB_6_8*_6_74_б,09_key_not_verified,автоматическая перепроверка ключа + ручная проверка расхождений,09_key_not_verified,
G11_TB_6_9*_6_77,09_key_not_verified,автоматическая перепроверка ключа + ручная проверка расхождений,09_key_not_verified,
G11_TB_6_9*_6_78,09_key_not_verified,автоматическая перепроверка ключа + ручная проверка расхождений,09_key_not_verified,
G11_TB_6_9*_6_81_b,09_key_not_verified,автоматическая перепроверка ключа + ручная проверка расхождений,09_key_not_verified,
G11_TB_7_1_2,09_key_not_verified,автоматическая перепроверка ключа + ручная проверка расхождений,09_key_not_verified,
G11_TB_7_1_4,09_key_not_verified,автоматическая перепроверка ключа + ручная проверка расхождений,09_key_not_verified,
G11_TB_7_1_5,09_key_not_verified,автоматическая перепроверка ключа + ручная проверка расхождений,09_key_not_verified,
G11_TB_8_1_7_19_2,09_key_not_verified,автоматическая перепроверка ключа + ручная проверка расхождений,09_key_not_verified,
G11_TB_8_1_7_19_3,09_key_not_verified,автоматическая перепроверка ключа + ручная проверка расхождений,09_key_not_verified,
G11_TB_8_1_7_20_1,09_key_not_verified,автоматическая перепроверка ключа + ручная проверка расхождений,09_key_not_verified,
G11_TB_8_1_7_20_2,09_key_not_verified,автоматическая перепроверка ключа + ручная проверка расхождений,09_key_not_verified,
G11_TB_8_1_7_22_1,09_key_not_verified,автоматическая перепроверка ключа + ручная проверка расхождений,09_key_not_verified,
G11_TB_8_1_7_22_2,09_key_not_verified,автоматическая перепроверка ключа + ручная проверка расхождений,09_key_not_verified,
G11_TB_8_1_7_23_1,09_key_not_verified,автоматическая перепроверка ключа + ручная проверка расхождений,09_key_not_verified,
G11_TB_8_1_7_24_2,09_key_not_verified,автоматическая перепроверка ключа + ручная проверка расхождений,09_key_not_verified,
G11_TB_8_1_7_24_3,09_key_not_verified,автоматическая перепроверка ключа + ручная проверка расхождений,09_key_not_verified,
G11_TB_8_1_7_25_2,09_key_not_verified,автоматическая перепроверка ключа + ручная проверка расхождений,09_key_not_verified,
G11_TB_8_1_7_25_3,09_key_not_verified,автоматическая перепроверка ключа + ручная проверка расхождений,09_key_not_verified,
G11_TB_8_1_7_26_4,09_key_not_verified,автоматическая перепроверка ключа + ручная проверка расхождений,09_key_not_verified,
G11_TB_8_1_7_27_4,09_key_not_verified,автоматическая перепроверка ключа + ручная проверка расхождений,09_key_not_verified,
G11_TB_8_1_7_28_1,09_key_not_verified,автоматическая перепроверка ключа + ручная проверка расхождений,09_key_not_verified,
G11_TB_8_1_7_28_3,09_key_not_verified,автоматическая перепроверка ключа + ручная проверка расхождений,09_key_not_verified,
G11_TB_8_1_7_28_4,09_key_not_verified,автоматическая перепроверка ключа + ручная проверка расхождений,09_key_not_verified,
G11_TB_8_3_8_10_а,09_key_not_verified,автоматическая перепроверка ключа + ручная проверка расхождений,09_key_not_verified;10_latex_meaning_differs,
G11_TB_8_3_8_10_в,09_key_not_verified,автоматическая перепроверка ключа + ручная проверка расхождений,09_key_not_verified,
G11_TB_8_3_8_10_е,09_key_not_verified,автоматическая перепроверка ключа + ручная проверка расхождений,09_key_not_verified,
G11_TB_8_3_8_6_b,07_duplicate_question_conflicting_key,"сравнить копии, оставить верную, остальные отключить",07_duplicate_question_conflicting_key,
G11_TB_8_3_8_7_г,09_key_not_verified,автоматическая перепроверка ключа + ручная проверка расхождений,09_key_not_verified,
G11_TB_8_3_8_8_б,09_key_not_verified,автоматическая перепроверка ключа + ручная проверка расхождений,09_key_not_verified,
G11_TB_8_3_8_8_г,09_key_not_verified,автоматическая перепроверка ключа + ручная проверка расхождений,09_key_not_verified,
G11_TB_8_3_8_9_д,09_key_not_verified,автоматическая перепроверка ключа + ручная проверка расхождений,09_key_not_verified,
G11_TB_8_4_14_а,09_key_not_verified,автоматическая перепроверка ключа + ручная проверка расхождений,09_key_not_verified,
G11_TB_8_4_14_б,09_key_not_verified,автоматическая перепроверка ключа + ручная проверка расхождений,09_key_not_verified,
G11_TB_8_4_16_а,09_key_not_verified,автоматическая перепроверка ключа + ручная проверка расхождений,09_key_not_verified,
G11_TB_8_4_16_б,09_key_not_verified,автоматическая перепроверка ключа + ручная проверка расхождений,09_key_not_verified,
G11_TB_8_4_16_в,09_key_not_verified,автоматическая перепроверка ключа + ручная проверка расхождений,09_key_not_verified,
G11_TB_8_4_16_г,09_key_not_verified,автоматическая перепроверка ключа + ручная проверка расхождений,09_key_not_verified,
G11_TB_8_4_17_в,09_key_not_verified,автоматическая перепроверка ключа + ручная проверка расхождений,09_key_not_verified,
G11_TB_8_4_19_б,09_key_not_verified,автоматическая перепроверка ключа + ручная проверка расхождений,09_key_not_verified,
G11_TB_8_4_19_в,09_key_not_verified,автоматическая перепроверка ключа + ручная проверка расхождений,09_key_not_verified,
G11_TB_8_4_19_г,09_key_not_verified,автоматическая перепроверка ключа + ручная проверка расхождений,09_key_not_verified,
G11_TB_8_4_20,09_key_not_verified,автоматическая перепроверка ключа + ручная проверка расхождений,09_key_not_verified,
G11_TB_8_4_4,10_latex_meaning_differs,проверить до переключения показа на question_latex,10_latex_meaning_differs,
G11_TB_8_4_6,09_key_not_verified,автоматическая перепроверка ключа + ручная проверка расхождений,09_key_not_verified,
G11_TB_8_5_8_22,09_key_not_verified,автоматическая перепроверка ключа + ручная проверка расхождений,09_key_not_verified,
G11_TB_8_5_8_25,09_key_not_verified,автоматическая перепроверка ключа + ручная проверка расхождений,09_key_not_verified,
G11_TB_8_5_8_27,09_key_not_verified,автоматическая перепроверка ключа + ручная проверка расхождений,09_key_not_verified,
G11_TB_8_5_8_28,09_key_not_verified,автоматическая перепроверка ключа + ручная проверка расхождений,09_key_not_verified,
G11_TB_8_5_8_29,09_key_not_verified,автоматическая перепроверка ключа + ручная проверка расхождений,09_key_not_verified,
G11_TB_8_5_8_30,09_key_not_verified,автоматическая перепроверка ключа + ручная проверка расхождений,09_key_not_verified,
G11_TB_8_5_8_33,09_key_not_verified,автоматическая перепроверка ключа + ручная проверка расхождений,09_key_not_verified,
G11_TB_9_1_8_34_a,09_key_not_verified,автоматическая перепроверка ключа + ручная проверка расхождений,09_key_not_verified,
G11_TB_9_1_8_34_b,09_key_not_verified,автоматическая перепроверка ключа + ручная проверка расхождений,09_key_not_verified,
G11_TB_9_1_8_34_d,09_key_not_verified,автоматическая перепроверка ключа + ручная проверка расхождений,09_key_not_verified,
G11_TB_9_1_8_35_a,09_key_not_verified,автоматическая перепроверка ключа + ручная проверка расхождений,09_key_not_verified,
G11_TB_9_1_8_35_b,09_key_not_verified,автоматическая перепроверка ключа + ручная проверка расхождений,09_key_not_verified,
G11_TB_9_1_8_35_c,02_pipeline_flagged_invalid,проверить вручную: исправить или отключить,02_pipeline_flagged_invalid;09_key_not_verified,
G11_TB_9_1_8_35_d,09_key_not_verified,автоматическая перепроверка ключа + ручная проверка расхождений,09_key_not_verified,
G11_TB_9_1_8_36_a,09_key_not_verified,автоматическая перепроверка ключа + ручная проверка расхождений,09_key_not_verified,
G11_TB_9_1_8_36_c,09_key_not_verified,автоматическая перепроверка ключа + ручная проверка расхождений,09_key_not_verified,
G11_TB_9_1_8_36_d,09_key_not_verified,автоматическая перепроверка ключа + ручная проверка расхождений,09_key_not_verified,
G11_TB_9_1_8_37_a,09_key_not_verified,автоматическая перепроверка ключа + ручная проверка расхождений,09_key_not_verified,
G11_TB_9_1_8_37_c,09_key_not_verified,автоматическая перепроверка ключа + ручная проверка расхождений,09_key_not_verified,
G11_TB_9_1_8_37_d,09_key_not_verified,автоматическая перепроверка ключа + ручная проверка расхождений,09_key_not_verified,
G11_TB_9_1_8_40_a,09_key_not_verified,автоматическая перепроверка ключа + ручная проверка расхождений,09_key_not_verified,
G11_TB_9_1_8_40_b,09_key_not_verified,автоматическая перепроверка ключа + ручная проверка расхождений,09_key_not_verified,
G11_TB_9_1_8_41_c,09_key_not_verified,автоматическая перепроверка ключа + ручная проверка расхождений,09_key_not_verified,
G11_TB_9_1_8_41_d,09_key_not_verified,автоматическая перепроверка ключа + ручная проверка расхождений,09_key_not_verified,
G11_TB_9_2_3,09_key_not_verified,автоматическая перепроверка ключа + ручная проверка расхождений,09_key_not_verified,
G11_TB_9_2_4,09_key_not_verified,автоматическая перепроверка ключа + ручная проверка расхождений,09_key_not_verified,
G11_TB_9_2_9_6,09_key_not_verified,автоматическая перепроверка ключа + ручная проверка расхождений,09_key_not_verified,
G11_TB_9_2_9_7,09_key_not_verified,автоматическая перепроверка ключа + ручная проверка расхождений,09_key_not_verified,
G11_TB_9_3_9_10_г,09_key_not_verified,автоматическая перепроверка ключа + ручная проверка расхождений,09_key_not_verified,
G11_TB_9_3_9_11_a,09_key_not_verified,автоматическая перепроверка ключа + ручная проверка расхождений,09_key_not_verified,
G11_TB_9_3_9_11_б,09_key_not_verified,автоматическая перепроверка ключа + ручная проверка расхождений,09_key_not_verified,
G11_TB_9_3_9_12_a,09_key_not_verified,автоматическая перепроверка ключа + ручная проверка расхождений,09_key_not_verified;10_latex_meaning_differs,
G11_TB_9_3_9_12_в,09_key_not_verified,автоматическая перепроверка ключа + ручная проверка расхождений,09_key_not_verified,
G11_TB_9_3_9_13_б,09_key_not_verified,автоматическая перепроверка ключа + ручная проверка расхождений,09_key_not_verified,
G11_TB_9_3_9_14_a,09_key_not_verified,автоматическая перепроверка ключа + ручная проверка расхождений,09_key_not_verified,
G11_TB_9_3_9_14_б,09_key_not_verified,автоматическая перепроверка ключа + ручная проверка расхождений,09_key_not_verified,
G11_TB_9_3_9_14_г,09_key_not_verified,автоматическая перепроверка ключа + ручная проверка расхождений,09_key_not_verified,
G11_TB_9_3_9_16_a,09_key_not_verified,автоматическая перепроверка ключа + ручная проверка расхождений,09_key_not_verified,
G11_TB_9_3_9_18_a,09_key_not_verified,автоматическая перепроверка ключа + ручная проверка расхождений,09_key_not_verified,
G11_TB_9_3_9_18_в,09_key_not_verified,автоматическая перепроверка ключа + ручная проверка расхождений,09_key_not_verified,
G11_TB_9_3_9_18_г,09_key_not_verified,автоматическая перепроверка ключа + ручная проверка расхождений,09_key_not_verified,
G11_TB_9_3_9_19_a,09_key_not_verified,автоматическая перепроверка ключа + ручная проверка расхождений,09_key_not_verified,
G11_TB_9_3_9_19_б,09_key_not_verified,автоматическая перепроверка ключа + ручная проверка расхождений,09_key_not_verified,
G11_TB_9_3_9_19_в,09_key_not_verified,автоматическая перепроверка ключа + ручная проверка расхождений,09_key_not_verified,
G11_TB_9_3_9_19_г,09_key_not_verified,автоматическая перепроверка ключа + ручная проверка расхождений,09_key_not_verified,
G11_TB_9_3_9_20_a,09_key_not_verified,автоматическая перепроверка ключа + ручная проверка расхождений,09_key_not_verified,
G11_TB_9_3_9_20_в,09_key_not_verified,автоматическая перепроверка ключа + ручная проверка расхождений,09_key_not_verified,
G11_TB_9_3_9_20_г,09_key_not_verified,автоматическая перепроверка ключа + ручная проверка расхождений,09_key_not_verified,
G11_TB_9_3_9_21_б,09_key_not_verified,автоматическая перепроверка ключа + ручная проверка расхождений,09_key_not_verified,
G11_TB_9_3_9_21_в,09_key_not_verified,автоматическая перепроверка ключа + ручная проверка расхождений,09_key_not_verified,
G11_TB_9_3_9_21_г,09_key_not_verified,автоматическая перепроверка ключа + ручная проверка расхождений,09_key_not_verified,
G11_TB_9_4*_9_22_a,09_key_not_verified,автоматическая перепроверка ключа + ручная проверка расхождений,09_key_not_verified,
G11_TB_9_4*_9_22_в,09_key_not_verified,автоматическая перепроверка ключа + ручная проверка расхождений,09_key_not_verified,
G11_TB_9_4*_9_24_a,03_proof_task,отключить в диагностике/экзаменах (автоматически не проверяется),03_proof_task,
G11_TB_9_4*_9_24_б,03_proof_task,отключить в диагностике/экзаменах (автоматически не проверяется),03_proof_task,
G11_TB_9_4*_9_25_a,03_proof_task,отключить в диагностике/экзаменах (автоматически не проверяется),03_proof_task,
G11_TB_9_4*_9_25_б,03_proof_task,отключить в диагностике/экзаменах (автоматически не проверяется),03_proof_task;10_latex_meaning_differs,
G11_TB_9_4*_9_26_в,09_key_not_verified,автоматическая перепроверка ключа + ручная проверка расхождений,09_key_not_verified,
G11_TB_9_4*_9_27_б,09_key_not_verified,автоматическая перепроверка ключа + ручная проверка расхождений,09_key_not_verified,
G11_TB_9_4*_9_28_в,09_key_not_verified,автоматическая перепроверка ключа + ручная проверка расхождений,09_key_not_verified,
G11_TB_9_4*_9_28_г,09_key_not_verified,автоматическая перепроверка ключа + ручная проверка расхождений,09_key_not_verified,
G11_TB_9_4*_9_29_г,09_key_not_verified,автоматическая перепроверка ключа + ручная проверка расхождений,09_key_not_verified,
G11_TB_9_4*_9_30_в,09_key_not_verified,автоматическая перепроверка ключа + ручная проверка расхождений,09_key_not_verified,
G11_TB_9_4*_9_30_г,09_key_not_verified,автоматическая перепроверка ключа + ручная проверка расхождений,09_key_not_verified,
G11_TB_9_4*_9_32_a,09_key_not_verified,автоматическая перепроверка ключа + ручная проверка расхождений,09_key_not_verified,
G11_TB_9_4*_9_32_б,09_key_not_verified,автоматическая перепроверка ключа + ручная проверка расхождений,09_key_not_verified,
G11_TB_9_4*_9_33_a,09_key_not_verified,автоматическая перепроверка ключа + ручная проверка расхождений,09_key_not_verified,
G11_TB_9_4*_9_33_б,09_key_not_verified,автоматическая перепроверка ключа + ручная проверка расхождений,09_key_not_verified,
G11_TB_9_4*_9_33_в,09_key_not_verified,автоматическая перепроверка ключа + ручная проверка расхождений,09_key_not_verified,
G11_TB_9_4*_9_33_г,09_key_not_verified,автоматическая перепроверка ключа + ручная проверка расхождений,09_key_not_verified,
G11_TB_9_5_258,09_key_not_verified,автоматическая перепроверка ключа + ручная проверка расхождений,09_key_not_verified,
G11_TB_9_5_9_35,03_proof_task,отключить в диагностике/экзаменах (автоматически не проверяется),03_proof_task,
G11_TB_9_5_9_37,03_proof_task,отключить в диагностике/экзаменах (автоматически не проверяется),03_proof_task,
G11_TB_9_5_9_40_a,09_key_not_verified,автоматическая перепроверка ключа + ручная проверка расхождений,09_key_not_verified,
G11_TB_9_5_9_40_б,09_key_not_verified,автоматическая перепроверка ключа + ручная проверка расхождений,09_key_not_verified,
G11_TB_9_5_9_40_г,09_key_not_verified,автоматическая перепроверка ключа + ручная проверка расхождений,09_key_not_verified,
G11_TB_9_5_9_41_б,09_key_not_verified,автоматическая перепроверка ключа + ручная проверка расхождений,09_key_not_verified,
G11_TB_9_5_9_42_a,09_key_not_verified,автоматическая перепроверка ключа + ручная проверка расхождений,09_key_not_verified,
G11_TB_9_5_9_42_б,09_key_not_verified,автоматическая перепроверка ключа + ручная проверка расхождений,09_key_not_verified,
G11_TB_9_5_9_42_г,09_key_not_verified,автоматическая перепроверка ключа + ручная проверка расхождений,09_key_not_verified,
G11_TB_9_6_9_44_а,09_key_not_verified,автоматическая перепроверка ключа + ручная проверка расхождений,09_key_not_verified,
G11_TB_9_6_9_44_б,09_key_not_verified,автоматическая перепроверка ключа + ручная проверка расхождений,09_key_not_verified,
G11_TB_9_6_9_45_а,09_key_not_verified,автоматическая перепроверка ключа + ручная проверка расхождений,09_key_not_verified,
G11_TB_9_6_9_45_б,07_duplicate_question_conflicting_key,"сравнить копии, оставить верную, остальные отключить",07_duplicate_question_conflicting_key;09_key_not_verified,
G11_TB_9_6_9_46_б,09_key_not_verified,автоматическая перепроверка ключа + ручная проверка расхождений,09_key_not_verified,
G11_TB_9_6_9_46_в,09_key_not_verified,автоматическая перепроверка ключа + ручная проверка расхождений,09_key_not_verified,
G11_TB_9_6_9_46_г,09_key_not_verified,автоматическая перепроверка ключа + ручная проверка расхождений,09_key_not_verified,
G11_TB_9_6_9_47*_а,09_key_not_verified,автоматическая перепроверка ключа + ручная проверка расхождений,09_key_not_verified;10_latex_meaning_differs,
G11_TB_9_6_9_47*_б,09_key_not_verified,автоматическая перепроверка ключа + ручная проверка расхождений,09_key_not_verified;10_latex_meaning_differs,
G11_TB_9_6_9_47*_в,10_latex_meaning_differs,проверить до переключения показа на question_latex,10_latex_meaning_differs,
G11_TB_9_6_9_47*_г,10_latex_meaning_differs,проверить до переключения показа на question_latex,10_latex_meaning_differs,
G11_TB_9_6_9_48_б,09_key_not_verified,автоматическая перепроверка ключа + ручная проверка расхождений,09_key_not_verified,
G11_TB_9_6_9_48_в,09_key_not_verified,автоматическая перепроверка ключа + ручная проверка расхождений,09_key_not_verified,
G11_TB_9_6_9_48_г,09_key_not_verified,автоматическая перепроверка ключа + ручная проверка расхождений,09_key_not_verified,
G11_TB_9_6_9_49_б,09_key_not_verified,автоматическая перепроверка ключа + ручная проверка расхождений,09_key_not_verified,
G11_TB_9_6_9_50_б,09_key_not_verified,автоматическая перепроверка ключа + ручная проверка расхождений,09_key_not_verified,
G11_TB_9_7*_9_53_2,09_key_not_verified,автоматическая перепроверка ключа + ручная проверка расхождений,09_key_not_verified,
G11_TB_9_7*_9_53_3,09_key_not_verified,автоматическая перепроверка ключа + ручная проверка расхождений,09_key_not_verified,
G11_TB_9_7*_9_53_4,09_key_not_verified,автоматическая перепроверка ключа + ручная проверка расхождений,09_key_not_verified,
G11_TB_9_7*_9_54_1,09_key_not_verified,автоматическая перепроверка ключа + ручная проверка расхождений,09_key_not_verified,
G11_TB_9_7*_9_54_2,09_key_not_verified,автоматическая перепроверка ключа + ручная проверка расхождений,09_key_not_verified,
G11_TB_9_7*_9_54_4,09_key_not_verified,автоматическая перепроверка ключа + ручная проверка расхождений,09_key_not_verified,
G11_TB_9_7*_9_55_1,09_key_not_verified,автоматическая перепроверка ключа + ручная проверка расхождений,09_key_not_verified,
G11_TB_9_7*_9_55_2,09_key_not_verified,автоматическая перепроверка ключа + ручная проверка расхождений,09_key_not_verified,
G11_TB_9_7*_9_55_3,09_key_not_verified,автоматическая перепроверка ключа + ручная проверка расхождений,09_key_not_verified,
G11_TB_9_7*_9_55_4,09_key_not_verified,автоматическая перепроверка ключа + ручная проверка расхождений,09_key_not_verified,
G11_TB_9_7*_9_56_2,09_key_not_verified,автоматическая перепроверка ключа + ручная проверка расхождений,09_key_not_verified,
G11_TB_9_7*_9_56_4,09_key_not_verified,автоматическая перепроверка ключа + ручная проверка расхождений,09_key_not_verified,
G11_TB_9_7*_9_57_3,09_key_not_verified,автоматическая перепроверка ключа + ручная проверка расхождений,09_key_not_verified,
G11_TB_9_7*_9_57_4,09_key_not_verified,автоматическая перепроверка ключа + ручная проверка расхождений,09_key_not_verified,
G11_TB_9_7*_9_58_2,09_key_not_verified,автоматическая перепроверка ключа + ручная проверка расхождений,09_key_not_verified,
G11_TB_9_7*_9_59_1,09_key_not_verified,автоматическая перепроверка ключа + ручная проверка расхождений,09_key_not_verified,
G11_TB_9_7*_9_59_2,09_key_not_verified,автоматическая перепроверка ключа + ручная проверка расхождений,09_key_not_verified,
G11_TB_9_7*_9_59_3,09_key_not_verified,автоматическая перепроверка ключа + ручная проверка расхождений,09_key_not_verified,
G11_TB_9_7*_9_60_1,09_key_not_verified,автоматическая перепроверка ключа + ручная проверка расхождений,09_key_not_verified,
G11_TB_9_7*_9_60_2,09_key_not_verified,автоматическая перепроверка ключа + ручная проверка расхождений,09_key_not_verified,
G11_TB_9_7*_9_60_4,09_key_not_verified,автоматическая перепроверка ключа + ручная проверка расхождений,09_key_not_verified,
G11_TB_9_7*_9_61_1,09_key_not_verified,автоматическая перепроверка ключа + ручная проверка расхождений,09_key_not_verified,
G11_TB_9_7*_9_61_2,09_key_not_verified,автоматическая перепроверка ключа + ручная проверка расхождений,09_key_not_verified,
G11_TB_9_7*_9_62_2,09_key_not_verified,автоматическая перепроверка ключа + ручная проверка расхождений,09_key_not_verified,
G11_TB_9_7*_9_62_4,09_key_not_verified,автоматическая перепроверка ключа + ручная проверка расхождений,09_key_not_verified,
G11_TB_?_10_а,09_key_not_verified,автоматическая перепроверка ключа + ручная проверка расхождений,09_key_not_verified,
G11_TB_?_10_б,09_key_not_verified,автоматическая перепроверка ключа + ручная проверка расхождений,09_key_not_verified,
G11_TB_?_11_а,09_key_not_verified,автоматическая перепроверка ключа + ручная проверка расхождений,09_key_not_verified,
G11_TB_?_11_б,09_key_not_verified,автоматическая перепроверка ключа + ручная проверка расхождений,09_key_not_verified,
G11_TB_?_121_a,09_key_not_verified,автоматическая перепроверка ключа + ручная проверка расхождений,09_key_not_verified,
G11_TB_?_121_b,09_key_not_verified,автоматическая перепроверка ключа + ручная проверка расхождений,09_key_not_verified,
G11_TB_?_122_b,09_key_not_verified,автоматическая перепроверка ключа + ручная проверка расхождений,09_key_not_verified,
G11_TB_?_122_f,09_key_not_verified,автоматическая перепроверка ключа + ручная проверка расхождений,09_key_not_verified,
G11_TB_?_122_r,09_key_not_verified,автоматическая перепроверка ключа + ручная проверка расхождений,09_key_not_verified,
G11_TB_?_123,09_key_not_verified,автоматическая перепроверка ключа + ручная проверка расхождений,09_key_not_verified,
G11_TB_?_125,09_key_not_verified,автоматическая перепроверка ключа + ручная проверка расхождений,09_key_not_verified,
G11_TB_?_126_a,09_key_not_verified,автоматическая перепроверка ключа + ручная проверка расхождений,09_key_not_verified,
G11_TB_?_128,06_correct_lookalike_graded_wrong,исправляется кодом диагностики (оценка по выбранному варианту),06_correct_lookalike_graded_wrong;09_key_not_verified,
G11_TB_?_129,02_pipeline_flagged_invalid,проверить вручную: исправить или отключить,02_pipeline_flagged_invalid;09_key_not_verified,
G11_TB_?_12_б,09_key_not_verified,автоматическая перепроверка ключа + ручная проверка расхождений,09_key_not_verified,
G11_TB_?_12_в,09_key_not_verified,автоматическая перепроверка ключа + ручная проверка расхождений,09_key_not_verified,
G11_TB_?_13,09_key_not_verified,автоматическая перепроверка ключа + ручная проверка расхождений,09_key_not_verified,
G11_TB_?_130_g,09_key_not_verified,автоматическая перепроверка ключа + ручная проверка расхождений,09_key_not_verified,
G11_TB_?_130_h,09_key_not_verified,автоматическая перепроверка ключа + ручная проверка расхождений,09_key_not_verified,
G11_TB_?_131_a,05_answer_radical_scope,проверить область корня в ключе и исправить,05_answer_radical_scope,
G11_TB_?_131_b,05_answer_radical_scope,проверить область корня в ключе и исправить,05_answer_radical_scope;09_key_not_verified,
G11_TB_?_132_a,09_key_not_verified,автоматическая перепроверка ключа + ручная проверка расхождений,09_key_not_verified,
G11_TB_?_132_b,09_key_not_verified,автоматическая перепроверка ключа + ручная проверка расхождений,09_key_not_verified,
G11_TB_?_133_a,09_key_not_verified,автоматическая перепроверка ключа + ручная проверка расхождений,09_key_not_verified,
G11_TB_?_133_b,09_key_not_verified,автоматическая перепроверка ключа + ручная проверка расхождений,09_key_not_verified,
G11_TB_?_135_a,09_key_not_verified,автоматическая перепроверка ключа + ручная проверка расхождений,09_key_not_verified,
G11_TB_?_135_b,09_key_not_verified,автоматическая перепроверка ключа + ручная проверка расхождений,09_key_not_verified,
G11_TB_?_136_a,09_key_not_verified,автоматическая перепроверка ключа + ручная проверка расхождений,09_key_not_verified,
G11_TB_?_136_b,09_key_not_verified,автоматическая перепроверка ключа + ручная проверка расхождений,09_key_not_verified,
G11_TB_?_137_a,09_key_not_verified,автоматическая перепроверка ключа + ручная проверка расхождений,09_key_not_verified,
G11_TB_?_137_b,09_key_not_verified,автоматическая перепроверка ключа + ручная проверка расхождений,09_key_not_verified,
G11_TB_?_137_g,09_key_not_verified,автоматическая перепроверка ключа + ручная проверка расхождений,09_key_not_verified,
G11_TB_?_137_v,09_key_not_verified,автоматическая перепроверка ключа + ручная проверка расхождений,09_key_not_verified,
G11_TB_?_138_a,09_key_not_verified,автоматическая перепроверка ключа + ручная проверка расхождений,09_key_not_verified,
G11_TB_?_138_b,09_key_not_verified,автоматическая перепроверка ключа + ручная проверка расхождений,09_key_not_verified,
G11_TB_?_138_e,09_key_not_verified,автоматическая перепроверка ключа + ручная проверка расхождений,09_key_not_verified,
G11_TB_?_138_g,09_key_not_verified,автоматическая перепроверка ключа + ручная проверка расхождений,09_key_not_verified,
G11_TB_?_138_v,09_key_not_verified,автоматическая перепроверка ключа + ручная проверка расхождений,09_key_not_verified,
G11_TB_?_139,09_key_not_verified,автоматическая перепроверка ключа + ручная проверка расхождений,09_key_not_verified,
G11_TB_?_141_a,09_key_not_verified,автоматическая перепроверка ключа + ручная проверка расхождений,09_key_not_verified,
G11_TB_?_141_b,09_key_not_verified,автоматическая перепроверка ключа + ручная проверка расхождений,09_key_not_verified,
G11_TB_?_142_b,09_key_not_verified,автоматическая перепроверка ключа + ручная проверка расхождений,09_key_not_verified,
G11_TB_?_14_а,09_key_not_verified,автоматическая перепроверка ключа + ручная проверка расхождений,09_key_not_verified,
G11_TB_?_14_б,09_key_not_verified,автоматическая перепроверка ключа + ручная проверка расхождений,09_key_not_verified,
G11_TB_?_15_б,09_key_not_verified,автоматическая перепроверка ключа + ручная проверка расхождений,09_key_not_verified,
G11_TB_?_162_a,12_extra_copy_of_identical_task,отключить лишнюю копию (оставить одну),12_extra_copy_of_identical_task,
G11_TB_?_162_b,09_key_not_verified,автоматическая перепроверка ключа + ручная проверка расхождений,09_key_not_verified;12_extra_copy_of_identical_task,
G11_TB_?_164_a,12_extra_copy_of_identical_task,отключить лишнюю копию (оставить одну),12_extra_copy_of_identical_task,
G11_TB_?_164_b,09_key_not_verified,автоматическая перепроверка ключа + ручная проверка расхождений,09_key_not_verified;12_extra_copy_of_identical_task,
G11_TB_?_165_r,09_key_not_verified,автоматическая перепроверка ключа + ручная проверка расхождений,09_key_not_verified;12_extra_copy_of_identical_task,
G11_TB_?_166_a,07_duplicate_question_conflicting_key,"сравнить копии, оставить верную, остальные отключить",07_duplicate_question_conflicting_key;09_key_not_verified,
G11_TB_?_166_b,07_duplicate_question_conflicting_key,"сравнить копии, оставить верную, остальные отключить",07_duplicate_question_conflicting_key,
G11_TB_?_166_r,09_key_not_verified,автоматическая перепроверка ключа + ручная проверка расхождений,09_key_not_verified;12_extra_copy_of_identical_task,
G11_TB_?_166_v,12_extra_copy_of_identical_task,отключить лишнюю копию (оставить одну),12_extra_copy_of_identical_task,
G11_TB_?_168_a,09_key_not_verified,автоматическая перепроверка ключа + ручная проверка расхождений,09_key_not_verified;10_latex_meaning_differs,
G11_TB_?_168_v,09_key_not_verified,автоматическая перепроверка ключа + ручная проверка расхождений,09_key_not_verified,
G11_TB_?_169_a,09_key_not_verified,автоматическая перепроверка ключа + ручная проверка расхождений,09_key_not_verified,
G11_TB_?_169_b,09_key_not_verified,автоматическая перепроверка ключа + ручная проверка расхождений,09_key_not_verified,
G11_TB_?_16_а,09_key_not_verified,автоматическая перепроверка ключа + ручная проверка расхождений,09_key_not_verified,
G11_TB_?_170_a,09_key_not_verified,автоматическая перепроверка ключа + ручная проверка расхождений,09_key_not_verified,
G11_TB_?_170_r,09_key_not_verified,автоматическая перепроверка ключа + ручная проверка расхождений,09_key_not_verified,
G11_TB_?_171_a,09_key_not_verified,автоматическая перепроверка ключа + ручная проверка расхождений,09_key_not_verified;12_extra_copy_of_identical_task,
G11_TB_?_171_b,09_key_not_verified,автоматическая перепроверка ключа + ручная проверка расхождений,09_key_not_verified;12_extra_copy_of_identical_task,
G11_TB_?_171_r,07_duplicate_question_conflicting_key,"сравнить копии, оставить верную, остальные отключить",07_duplicate_question_conflicting_key;09_key_not_verified,
G11_TB_?_171_v,09_key_not_verified,автоматическая перепроверка ключа + ручная проверка расхождений,09_key_not_verified,
G11_TB_?_172_a,09_key_not_verified,автоматическая перепроверка ключа + ручная проверка расхождений,09_key_not_verified,
G11_TB_?_174_b,09_key_not_verified,автоматическая перепроверка ключа + ручная проверка расхождений,09_key_not_verified,
G11_TB_?_175,09_key_not_verified,автоматическая перепроверка ключа + ручная проверка расхождений,09_key_not_verified,
G11_TB_?_176_b,09_key_not_verified,автоматическая перепроверка ключа + ручная проверка расхождений,09_key_not_verified;10_latex_meaning_differs,
G11_TB_?_177_b,09_key_not_verified,автоматическая перепроверка ключа + ручная проверка расхождений,09_key_not_verified,
G11_TB_?_177_d,12_extra_copy_of_identical_task,отключить лишнюю копию (оставить одну),12_extra_copy_of_identical_task,
G11_TB_?_177_e,09_key_not_verified,автоматическая перепроверка ключа + ручная проверка расхождений,09_key_not_verified;10_latex_meaning_differs;12_extra_copy_of_identical_task,
G11_TB_?_177_g,09_key_not_verified,автоматическая перепроверка ключа + ручная проверка расхождений,09_key_not_verified,
G11_TB_?_177_v,09_key_not_verified,автоматическая перепроверка ключа + ручная проверка расхождений,09_key_not_verified,
G11_TB_?_178_b,09_key_not_verified,автоматическая перепроверка ключа + ручная проверка расхождений,09_key_not_verified;10_latex_meaning_differs,
G11_TB_?_179_a,09_key_not_verified,автоматическая перепроверка ключа + ручная проверка расхождений,09_key_not_verified,
G11_TB_?_179_b,09_key_not_verified,автоматическая перепроверка ключа + ручная проверка расхождений,09_key_not_verified,
G11_TB_?_17_а,09_key_not_verified,автоматическая перепроверка ключа + ручная проверка расхождений,09_key_not_verified,
G11_TB_?_17_б,09_key_not_verified,автоматическая перепроверка ключа + ручная проверка расхождений,09_key_not_verified,
G11_TB_?_18_а,09_key_not_verified,автоматическая перепроверка ключа + ручная проверка расхождений,09_key_not_verified,
G11_TB_?_19_б,09_key_not_verified,автоматическая перепроверка ключа + ручная проверка расхождений,09_key_not_verified,
G11_TB_?_1_а,09_key_not_verified,автоматическая перепроверка ключа + ручная проверка расхождений,09_key_not_verified,
G11_TB_?_1_в,09_key_not_verified,автоматическая перепроверка ключа + ручная проверка расхождений,09_key_not_verified,
G11_TB_?_205_1,09_key_not_verified,автоматическая перепроверка ключа + ручная проверка расхождений,09_key_not_verified;10_latex_meaning_differs,
G11_TB_?_206_1,09_key_not_verified,автоматическая перепроверка ключа + ручная проверка расхождений,09_key_not_verified,
G11_TB_?_207_1,09_key_not_verified,автоматическая перепроверка ключа + ручная проверка расхождений,09_key_not_verified,
G11_TB_?_207_2,09_key_not_verified,автоматическая перепроверка ключа + ручная проверка расхождений,09_key_not_verified;10_latex_meaning_differs,
G11_TB_?_208_1,06_correct_lookalike_graded_wrong,исправляется кодом диагностики (оценка по выбранному варианту),06_correct_lookalike_graded_wrong,
G11_TB_?_209_1,09_key_not_verified,автоматическая перепроверка ключа + ручная проверка расхождений,09_key_not_verified,
G11_TB_?_209_3,09_key_not_verified,автоматическая перепроверка ключа + ручная проверка расхождений,09_key_not_verified,
G11_TB_?_210_1,09_key_not_verified,автоматическая перепроверка ключа + ручная проверка расхождений,09_key_not_verified,
G11_TB_?_210_2,09_key_not_verified,автоматическая перепроверка ключа + ручная проверка расхождений,09_key_not_verified,
G11_TB_?_212_2,09_key_not_verified,автоматическая перепроверка ключа + ручная проверка расхождений,09_key_not_verified,
G11_TB_?_214_1,09_key_not_verified,автоматическая перепроверка ключа + ручная проверка расхождений,09_key_not_verified,
G11_TB_?_214_3,09_key_not_verified,автоматическая перепроверка ключа + ручная проверка расхождений,09_key_not_verified,
G11_TB_?_215,09_key_not_verified,автоматическая перепроверка ключа + ручная проверка расхождений,09_key_not_verified,
G11_TB_?_216,09_key_not_verified,автоматическая перепроверка ключа + ручная проверка расхождений,09_key_not_verified,
G11_TB_?_217_2,09_key_not_verified,автоматическая перепроверка ключа + ручная проверка расхождений,09_key_not_verified,
G11_TB_?_218,10_latex_meaning_differs,проверить до переключения показа на question_latex,10_latex_meaning_differs,
G11_TB_?_219,09_key_not_verified,автоматическая перепроверка ключа + ручная проверка расхождений,09_key_not_verified,
G11_TB_?_221_1,10_latex_meaning_differs,проверить до переключения показа на question_latex,10_latex_meaning_differs,
G11_TB_?_221_2,09_key_not_verified,автоматическая перепроверка ключа + ручная проверка расхождений,09_key_not_verified,
G11_TB_?_221_3,09_key_not_verified,автоматическая перепроверка ключа + ручная проверка расхождений,09_key_not_verified;10_latex_meaning_differs,
G11_TB_?_222_1,09_key_not_verified,автоматическая перепроверка ключа + ручная проверка расхождений,09_key_not_verified,
G11_TB_?_222_2,09_key_not_verified,автоматическая перепроверка ключа + ручная проверка расхождений,09_key_not_verified,
G11_TB_?_222_3,10_latex_meaning_differs,проверить до переключения показа на question_latex,10_latex_meaning_differs,
G11_TB_?_222_4,09_key_not_verified,автоматическая перепроверка ключа + ручная проверка расхождений,09_key_not_verified;10_latex_meaning_differs,
G11_TB_?_223,09_key_not_verified,автоматическая перепроверка ключа + ручная проверка расхождений,09_key_not_verified,
G11_TB_?_224,09_key_not_verified,автоматическая перепроверка ключа + ручная проверка расхождений,09_key_not_verified,
G11_TB_?_22_2,09_key_not_verified,автоматическая перепроверка ключа + ручная проверка расхождений,09_key_not_verified,
G11_TB_?_22_3,09_key_not_verified,автоматическая перепроверка ключа + ручная проверка расхождений,09_key_not_verified,
G11_TB_?_22_4,09_key_not_verified,автоматическая перепроверка ключа + ручная проверка расхождений,09_key_not_verified,
G11_TB_?_23,09_key_not_verified,автоматическая перепроверка ключа + ручная проверка расхождений,09_key_not_verified,
G11_TB_?_237_a,09_key_not_verified,автоматическая перепроверка ключа + ручная проверка расхождений,09_key_not_verified,
G11_TB_?_237_b,09_key_not_verified,автоматическая перепроверка ключа + ручная проверка расхождений,09_key_not_verified,
G11_TB_?_238,09_key_not_verified,автоматическая перепроверка ключа + ручная проверка расхождений,09_key_not_verified,
G11_TB_?_240_a,07_duplicate_question_conflicting_key,"сравнить копии, оставить верную, остальные отключить",07_duplicate_question_conflicting_key;09_key_not_verified,
G11_TB_?_240_b,07_duplicate_question_conflicting_key,"сравнить копии, оставить верную, остальные отключить",07_duplicate_question_conflicting_key,
G11_TB_?_240_c,09_key_not_verified,автоматическая перепроверка ключа + ручная проверка расхождений,09_key_not_verified,
G11_TB_?_240_d,09_key_not_verified,автоматическая перепроверка ключа + ручная проверка расхождений,09_key_not_verified,
G11_TB_?_242_a,09_key_not_verified,автоматическая перепроверка ключа + ручная проверка расхождений,09_key_not_verified,
G11_TB_?_242_b,09_key_not_verified,автоматическая перепроверка ключа + ручная проверка расхождений,09_key_not_verified,
G11_TB_?_242_c,09_key_not_verified,автоматическая перепроверка ключа + ручная проверка расхождений,09_key_not_verified,
G11_TB_?_242_d,09_key_not_verified,автоматическая перепроверка ключа + ручная проверка расхождений,09_key_not_verified,
G11_TB_?_243,09_key_not_verified,автоматическая перепроверка ключа + ручная проверка расхождений,09_key_not_verified,
G11_TB_?_244,09_key_not_verified,автоматическая перепроверка ключа + ручная проверка расхождений,09_key_not_verified,
G11_TB_?_245,07_duplicate_question_conflicting_key,"сравнить копии, оставить верную, остальные отключить",07_duplicate_question_conflicting_key,
G11_TB_?_246,07_duplicate_question_conflicting_key,"сравнить копии, оставить верную, остальные отключить",07_duplicate_question_conflicting_key;09_key_not_verified,
G11_TB_?_247,09_key_not_verified,автоматическая перепроверка ключа + ручная проверка расхождений,09_key_not_verified,
G11_TB_?_248,09_key_not_verified,автоматическая перепроверка ключа + ручная проверка расхождений,09_key_not_verified,
G11_TB_?_24_1,02_pipeline_flagged_invalid,проверить вручную: исправить или отключить,02_pipeline_flagged_invalid;09_key_not_verified,
G11_TB_?_24_3,02_pipeline_flagged_invalid,проверить вручную: исправить или отключить,02_pipeline_flagged_invalid;09_key_not_verified,
G11_TB_?_250,02_pipeline_flagged_invalid,проверить вручную: исправить или отключить,02_pipeline_flagged_invalid;09_key_not_verified,
G11_TB_?_251,09_key_not_verified,автоматическая перепроверка ключа + ручная проверка расхождений,09_key_not_verified,
G11_TB_?_252,09_key_not_verified,автоматическая перепроверка ключа + ручная проверка расхождений,09_key_not_verified,
G11_TB_?_253,09_key_not_verified,автоматическая перепроверка ключа + ручная проверка расхождений,09_key_not_verified,
G11_TB_?_254,09_key_not_verified,автоматическая перепроверка ключа + ручная проверка расхождений,09_key_not_verified,
G11_TB_?_256,09_key_not_verified,автоматическая перепроверка ключа + ручная проверка расхождений,09_key_not_verified,
G11_TB_?_258,09_key_not_verified,автоматическая перепроверка ключа + ручная проверка расхождений,09_key_not_verified,
G11_TB_?_25_1,01_confirmed_wrong_key,исправить ключ или отключить (см. decision_note),01_confirmed_wrong_key;02_pipeline_flagged_invalid;04_duplicate_correct_option;09_key_not_verified,fix_key: 3/2
G11_TB_?_25_2,01_confirmed_wrong_key,исправить ключ или отключить (см. decision_note),01_confirmed_wrong_key;02_pipeline_flagged_invalid;04_duplicate_correct_option;09_key_not_verified,fix_key: -1
G11_TB_?_260,09_key_not_verified,автоматическая перепроверка ключа + ручная проверка расхождений,09_key_not_verified,
G11_TB_?_262_a,09_key_not_verified,автоматическая перепроверка ключа + ручная проверка расхождений,09_key_not_verified,
G11_TB_?_262_b,09_key_not_verified,автоматическая перепроверка ключа + ручная проверка расхождений,09_key_not_verified,
G11_TB_?_263_б,09_key_not_verified,автоматическая перепроверка ключа + ручная проверка расхождений,09_key_not_verified,
G11_TB_?_264_а,09_key_not_verified,автоматическая перепроверка ключа + ручная проверка расхождений,09_key_not_verified,
G11_TB_?_264_б,09_key_not_verified,автоматическая перепроверка ключа + ручная проверка расхождений,09_key_not_verified,
G11_TB_?_265,09_key_not_verified,автоматическая перепроверка ключа + ручная проверка расхождений,09_key_not_verified,
G11_TB_?_266_а,09_key_not_verified,автоматическая перепроверка ключа + ручная проверка расхождений,09_key_not_verified,
G11_TB_?_266_б,09_key_not_verified,автоматическая перепроверка ключа + ручная проверка расхождений,09_key_not_verified,
G11_TB_?_267_а,09_key_not_verified,автоматическая перепроверка ключа + ручная проверка расхождений,09_key_not_verified,
G11_TB_?_268_а,09_key_not_verified,автоматическая перепроверка ключа + ручная проверка расхождений,09_key_not_verified,
G11_TB_?_26_1,09_key_not_verified,автоматическая перепроверка ключа + ручная проверка расхождений,09_key_not_verified,
G11_TB_?_26_2,09_key_not_verified,автоматическая перепроверка ключа + ручная проверка расхождений,09_key_not_verified,
G11_TB_?_27,09_key_not_verified,автоматическая перепроверка ключа + ручная проверка расхождений,09_key_not_verified,
G11_TB_?_270_б,09_key_not_verified,автоматическая перепроверка ключа + ручная проверка расхождений,09_key_not_verified,
G11_TB_?_270_в,09_key_not_verified,автоматическая перепроверка ключа + ручная проверка расхождений,09_key_not_verified,
G11_TB_?_270_г,09_key_not_verified,автоматическая перепроверка ключа + ручная проверка расхождений,09_key_not_verified,
G11_TB_?_270_д,09_key_not_verified,автоматическая перепроверка ключа + ручная проверка расхождений,09_key_not_verified,
G11_TB_?_28_3,09_key_not_verified,автоматическая перепроверка ключа + ручная проверка расхождений,09_key_not_verified,
G11_TB_?_29_2,09_key_not_verified,автоматическая перепроверка ключа + ручная проверка расхождений,09_key_not_verified,
G11_TB_?_29_3,02_pipeline_flagged_invalid,проверить вручную: исправить или отключить,02_pipeline_flagged_invalid;09_key_not_verified,
G11_TB_?_31_2,09_key_not_verified,автоматическая перепроверка ключа + ручная проверка расхождений,09_key_not_verified,
G11_TB_?_32_1,09_key_not_verified,автоматическая перепроверка ключа + ручная проверка расхождений,09_key_not_verified,
G11_TB_?_32_2,09_key_not_verified,автоматическая перепроверка ключа + ручная проверка расхождений,09_key_not_verified,
G11_TB_?_33_1,09_key_not_verified,автоматическая перепроверка ключа + ручная проверка расхождений,09_key_not_verified,
G11_TB_?_36_1,09_key_not_verified,автоматическая перепроверка ключа + ручная проверка расхождений,09_key_not_verified,
G11_TB_?_36_2,09_key_not_verified,автоматическая перепроверка ключа + ручная проверка расхождений,09_key_not_verified,
G11_TB_?_3_а,09_key_not_verified,автоматическая перепроверка ключа + ручная проверка расхождений,09_key_not_verified,
G11_TB_?_3_б,09_key_not_verified,автоматическая перепроверка ключа + ручная проверка расхождений,09_key_not_verified,
G11_TB_?_49_б,09_key_not_verified,автоматическая перепроверка ключа + ручная проверка расхождений,09_key_not_verified,
G11_TB_?_4_а,09_key_not_verified,автоматическая перепроверка ключа + ручная проверка расхождений,09_key_not_verified,
G11_TB_?_4_б,09_key_not_verified,автоматическая перепроверка ключа + ручная проверка расхождений,09_key_not_verified,
G11_TB_?_50_а,09_key_not_verified,автоматическая перепроверка ключа + ручная проверка расхождений,09_key_not_verified,
G11_TB_?_53_а,09_key_not_verified,автоматическая перепроверка ключа + ручная проверка расхождений,09_key_not_verified,
G11_TB_?_53_б,09_key_not_verified,автоматическая перепроверка ключа + ручная проверка расхождений,09_key_not_verified,
G11_TB_?_55_а,09_key_not_verified,автоматическая перепроверка ключа + ручная проверка расхождений,09_key_not_verified,
G11_TB_?_55_б,09_key_not_verified,автоматическая перепроверка ключа + ручная проверка расхождений,09_key_not_verified,
G11_TB_?_57_б,09_key_not_verified,автоматическая перепроверка ключа + ручная проверка расхождений,09_key_not_verified,
G11_TB_?_5_а,09_key_not_verified,автоматическая перепроверка ключа + ручная проверка расхождений,09_key_not_verified,
G11_TB_?_60_а,09_key_not_verified,автоматическая перепроверка ключа + ручная проверка расхождений,09_key_not_verified,
G11_TB_?_60_б,09_key_not_verified,автоматическая перепроверка ключа + ручная проверка расхождений,09_key_not_verified,
G11_TB_?_63,09_key_not_verified,автоматическая перепроверка ключа + ручная проверка расхождений,09_key_not_verified,
G11_TB_?_64_а,09_key_not_verified,автоматическая перепроверка ключа + ручная проверка расхождений,09_key_not_verified,
G11_TB_?_64_б,09_key_not_verified,автоматическая перепроверка ключа + ручная проверка расхождений,09_key_not_verified,
G11_TB_?_64_в,09_key_not_verified,автоматическая перепроверка ключа + ручная проверка расхождений,09_key_not_verified,
G11_TB_?_64_г,09_key_not_verified,автоматическая перепроверка ключа + ручная проверка расхождений,09_key_not_verified,
G11_TB_?_65_а,09_key_not_verified,автоматическая перепроверка ключа + ручная проверка расхождений,09_key_not_verified,
G11_TB_?_65_б,09_key_not_verified,автоматическая перепроверка ключа + ручная проверка расхождений,09_key_not_verified,
G11_TB_?_65_в,09_key_not_verified,автоматическая перепроверка ключа + ручная проверка расхождений,09_key_not_verified,
G11_TB_?_67,09_key_not_verified,автоматическая перепроверка ключа + ручная проверка расхождений,09_key_not_verified,
G11_TB_?_78_з,09_key_not_verified,автоматическая перепроверка ключа + ручная проверка расхождений,09_key_not_verified,
G11_TB_?_78_и,09_key_not_verified,автоматическая перепроверка ключа + ручная проверка расхождений,09_key_not_verified,
G11_TB_?_81_a,09_key_not_verified,автоматическая перепроверка ключа + ручная проверка расхождений,09_key_not_verified,
G11_TB_?_81_b,09_key_not_verified,автоматическая перепроверка ключа + ручная проверка расхождений,09_key_not_verified,
G11_TB_?_81_в,09_key_not_verified,автоматическая перепроверка ключа + ручная проверка расхождений,09_key_not_verified,
G11_TB_?_81_г,09_key_not_verified,автоматическая перепроверка ключа + ручная проверка расхождений,09_key_not_verified,
G11_TB_?_82_b,09_key_not_verified,автоматическая перепроверка ключа + ручная проверка расхождений,09_key_not_verified,
G11_TB_?_82_г,09_key_not_verified,автоматическая перепроверка ключа + ручная проверка расхождений,09_key_not_verified;10_latex_meaning_differs,
G11_TB_?_83_a,09_key_not_verified,автоматическая перепроверка ключа + ручная проверка расхождений,09_key_not_verified;12_extra_copy_of_identical_task,
G11_TB_?_83_b,09_key_not_verified,автоматическая перепроверка ключа + ручная проверка расхождений,09_key_not_verified;12_extra_copy_of_identical_task,
G11_TB_?_83_в,09_key_not_verified,автоматическая перепроверка ключа + ручная проверка расхождений,09_key_not_verified,
G11_TB_?_83_г,09_key_not_verified,автоматическая перепроверка ключа + ручная проверка расхождений,09_key_not_verified,
G11_TB_?_84_a,09_key_not_verified,автоматическая перепроверка ключа + ручная проверка расхождений,09_key_not_verified,
G11_TB_?_85_b,09_key_not_verified,автоматическая перепроверка ключа + ручная проверка расхождений,09_key_not_verified,
G11_TB_?_86_a,12_extra_copy_of_identical_task,отключить лишнюю копию (оставить одну),12_extra_copy_of_identical_task,
G11_TB_?_86_b,12_extra_copy_of_identical_task,отключить лишнюю копию (оставить одну),12_extra_copy_of_identical_task,
G11_TB_?_88_a,09_key_not_verified,автоматическая перепроверка ключа + ручная проверка расхождений,09_key_not_verified,
G11_TB_?_88_b,09_key_not_verified,автоматическая перепроверка ключа + ручная проверка расхождений,09_key_not_verified,
G11_TB_?_88_в,02_pipeline_flagged_invalid,проверить вручную: исправить или отключить,02_pipeline_flagged_invalid;09_key_not_verified,
G11_TB_?_88_г,09_key_not_verified,автоматическая перепроверка ключа + ручная проверка расхождений,09_key_not_verified,
G11_TB_?_89_b,09_key_not_verified,автоматическая перепроверка ключа + ручная проверка расхождений,09_key_not_verified,
G11_TB_?_89_в,09_key_not_verified,автоматическая перепроверка ключа + ручная проверка расхождений,09_key_not_verified,
G11_TB_?_89_г,09_key_not_verified,автоматическая перепроверка ключа + ручная проверка расхождений,09_key_not_verified,
G11_TB_?_90_a,09_key_not_verified,автоматическая перепроверка ключа + ручная проверка расхождений,09_key_not_verified,
G11_TB_?_90_b,09_key_not_verified,автоматическая перепроверка ключа + ручная проверка расхождений,09_key_not_verified,
G11_TB_?_91_b,09_key_not_verified,автоматическая перепроверка ключа + ручная проверка расхождений,09_key_not_verified,
G11_TB_?_91_в,09_key_not_verified,автоматическая перепроверка ключа + ручная проверка расхождений,09_key_not_verified,
G11_TB_?_92_b,09_key_not_verified,автоматическая перепроверка ключа + ручная проверка расхождений,09_key_not_verified,
G11_TB_§11_1,09_key_not_verified,автоматическая перепроверка ключа + ручная проверка расхождений,09_key_not_verified,
G11_TB_§11_1_1,06_correct_lookalike_graded_wrong,исправляется кодом диагностики (оценка по выбранному варианту),06_correct_lookalike_graded_wrong,
G11_TB_§11_1_2,07_duplicate_question_conflicting_key,"сравнить копии, оставить верную, остальные отключить",07_duplicate_question_conflicting_key,
G11_TB_§11_2,09_key_not_verified,автоматическая перепроверка ключа + ручная проверка расхождений,09_key_not_verified,
G11_TB_§11_2_2,06_correct_lookalike_graded_wrong,исправляется кодом диагностики (оценка по выбранному варианту),06_correct_lookalike_graded_wrong,
G11_TB_§11_3_1,06_correct_lookalike_graded_wrong,исправляется кодом диагностики (оценка по выбранному варианту),06_correct_lookalike_graded_wrong,
G11_TB_§11_3_2,06_correct_lookalike_graded_wrong,исправляется кодом диагностики (оценка по выбранному варианту),06_correct_lookalike_graded_wrong,
G11_TB_§11_4_1,06_correct_lookalike_graded_wrong,исправляется кодом диагностики (оценка по выбранному варианту),06_correct_lookalike_graded_wrong;07_duplicate_question_conflicting_key,
G11_TB_§11_4_2,06_correct_lookalike_graded_wrong,исправляется кодом диагностики (оценка по выбранному варианту),06_correct_lookalike_graded_wrong,
G11_TB_§11_Задача1,09_key_not_verified,автоматическая перепроверка ключа + ручная проверка расхождений,09_key_not_verified;11_open_input_no_options,
G11_TB_§12_1,09_key_not_verified,автоматическая перепроверка ключа + ручная проверка расхождений,09_key_not_verified,
G11_TB_§12_10,09_key_not_verified,автоматическая перепроверка ключа + ручная проверка расхождений,09_key_not_verified,
G11_TB_§12_11,09_key_not_verified,автоматическая перепроверка ключа + ручная проверка расхождений,09_key_not_verified,
G11_TB_§12_12,09_key_not_verified,автоматическая перепроверка ключа + ручная проверка расхождений,09_key_not_verified,
G11_TB_§12_1_1,09_key_not_verified,автоматическая перепроверка ключа + ручная проверка расхождений,09_key_not_verified,
G11_TB_§12_1_2,09_key_not_verified,автоматическая перепроверка ключа + ручная проверка расхождений,09_key_not_verified,
G11_TB_§12_1_4,09_key_not_verified,автоматическая перепроверка ключа + ручная проверка расхождений,09_key_not_verified,
G11_TB_§12_1_5,09_key_not_verified,автоматическая перепроверка ключа + ручная проверка расхождений,09_key_not_verified,
G11_TB_§12_1_6,02_pipeline_flagged_invalid,проверить вручную: исправить или отключить,02_pipeline_flagged_invalid;09_key_not_verified,
G11_TB_§12_3,03_proof_task,отключить в диагностике/экзаменах (автоматически не проверяется),03_proof_task,
G11_TB_§12_6,06_correct_lookalike_graded_wrong,исправляется кодом диагностики (оценка по выбранному варианту),06_correct_lookalike_graded_wrong,
G11_TB_§12_7,09_key_not_verified,автоматическая перепроверка ключа + ручная проверка расхождений,09_key_not_verified,
G11_TB_§12_8,06_correct_lookalike_graded_wrong,исправляется кодом диагностики (оценка по выбранному варианту),06_correct_lookalike_graded_wrong,
G11_TB_§12_9,06_correct_lookalike_graded_wrong,исправляется кодом диагностики (оценка по выбранному варианту),06_correct_lookalike_graded_wrong,
G11_TB_§12_Д1_2,09_key_not_verified,автоматическая перепроверка ключа + ручная проверка расхождений,09_key_not_verified,
G11_TB_§12_Д2_2,09_key_not_verified,автоматическая перепроверка ключа + ручная проверка расхождений,09_key_not_verified,
G11_TB_§12_Д3_1,06_correct_lookalike_graded_wrong,исправляется кодом диагностики (оценка по выбранному варианту),06_correct_lookalike_graded_wrong,
G11_TB_§12_Д3_2,06_correct_lookalike_graded_wrong,исправляется кодом диагностики (оценка по выбранному варианту),06_correct_lookalike_graded_wrong,
G11_TB_§12_Д4_2,09_key_not_verified,автоматическая перепроверка ключа + ручная проверка расхождений,09_key_not_verified,
G11_TB_§13_2_2,09_key_not_verified,автоматическая перепроверка ключа + ручная проверка расхождений,09_key_not_verified,
G11_TB_§13_4_1,09_key_not_verified,автоматическая перепроверка ключа + ручная проверка расхождений,09_key_not_verified,
G11_TB_§13_4_2,09_key_not_verified,автоматическая перепроверка ключа + ручная проверка расхождений,09_key_not_verified,
G11_TB_§13_4_3,09_key_not_verified,автоматическая перепроверка ключа + ручная проверка расхождений,09_key_not_verified,
G11_TB_§13_4_4,09_key_not_verified,автоматическая перепроверка ключа + ручная проверка расхождений,09_key_not_verified,
G11_TB_§13_6_3,06_correct_lookalike_graded_wrong,исправляется кодом диагностики (оценка по выбранному варианту),06_correct_lookalike_graded_wrong,
G11_TB_§13_6_4,09_key_not_verified,автоматическая перепроверка ключа + ручная проверка расхождений,09_key_not_verified,
G11_TB_§13_6_7,09_key_not_verified,автоматическая перепроверка ключа + ручная проверка расхождений,09_key_not_verified,
G11_TB_§13_6_9,09_key_not_verified,автоматическая перепроверка ключа + ручная проверка расхождений,09_key_not_verified,
G11_TB_§13_8_4,09_key_not_verified,автоматическая перепроверка ключа + ручная проверка расхождений,09_key_not_verified,
G11_TB_§15_10_1,09_key_not_verified,автоматическая перепроверка ключа + ручная проверка расхождений,09_key_not_verified,
G11_TB_§15_10_2,09_key_not_verified,автоматическая перепроверка ключа + ручная проверка расхождений,09_key_not_verified,
G11_TB_§15_10_3,10_latex_meaning_differs,проверить до переключения показа на question_latex,10_latex_meaning_differs,
G11_TB_§15_10_4,10_latex_meaning_differs,проверить до переключения показа на question_latex,10_latex_meaning_differs,
G11_TB_§15_10_6,02_pipeline_flagged_invalid,проверить вручную: исправить или отключить,02_pipeline_flagged_invalid;09_key_not_verified,
G11_TB_§15_11_1,09_key_not_verified,автоматическая перепроверка ключа + ручная проверка расхождений,09_key_not_verified;10_latex_meaning_differs,
G11_TB_§15_11_2,09_key_not_verified,автоматическая перепроверка ключа + ручная проверка расхождений,09_key_not_verified;10_latex_meaning_differs,
G11_TB_§15_11_3,09_key_not_verified,автоматическая перепроверка ключа + ручная проверка расхождений,09_key_not_verified;10_latex_meaning_differs,
G11_TB_§15_11_4,09_key_not_verified,автоматическая перепроверка ключа + ручная проверка расхождений,09_key_not_verified;10_latex_meaning_differs,
G11_TB_§15_3,09_key_not_verified,автоматическая перепроверка ключа + ручная проверка расхождений,09_key_not_verified,
G11_TB_§15_3_3,06_correct_lookalike_graded_wrong,исправляется кодом диагностики (оценка по выбранному варианту),06_correct_lookalike_graded_wrong,
G11_TB_§15_3_5,06_correct_lookalike_graded_wrong,исправляется кодом диагностики (оценка по выбранному варианту),06_correct_lookalike_graded_wrong,
G11_TB_§15_4,10_latex_meaning_differs,проверить до переключения показа на question_latex,10_latex_meaning_differs,
G11_TB_§15_5,06_correct_lookalike_graded_wrong,исправляется кодом диагностики (оценка по выбранному варианту),06_correct_lookalike_graded_wrong;09_key_not_verified,
G11_TB_§15_5_1,09_key_not_verified,автоматическая перепроверка ключа + ручная проверка расхождений,09_key_not_verified,
G11_TB_§15_5_2,09_key_not_verified,автоматическая перепроверка ключа + ручная проверка расхождений,09_key_not_verified,
G11_TB_§15_5_3,09_key_not_verified,автоматическая перепроверка ключа + ручная проверка расхождений,09_key_not_verified,
G11_TB_§15_5_4,09_key_not_verified,автоматическая перепроверка ключа + ручная проверка расхождений,09_key_not_verified,
G11_TB_§15_5_5,06_correct_lookalike_graded_wrong,исправляется кодом диагностики (оценка по выбранному варианту),06_correct_lookalike_graded_wrong;09_key_not_verified,
G11_TB_§15_5_6,09_key_not_verified,автоматическая перепроверка ключа + ручная проверка расхождений,09_key_not_verified,
G11_TB_§15_6_2,09_key_not_verified,автоматическая перепроверка ключа + ручная проверка расхождений,09_key_not_verified,
G11_TB_§15_6_3,09_key_not_verified,автоматическая перепроверка ключа + ручная проверка расхождений,09_key_not_verified,
G11_TB_§15_6_4,09_key_not_verified,автоматическая перепроверка ключа + ручная проверка расхождений,09_key_not_verified,
G11_TB_§15_7,09_key_not_verified,автоматическая перепроверка ключа + ручная проверка расхождений,09_key_not_verified,
G11_TB_§15_7_2,10_latex_meaning_differs,проверить до переключения показа на question_latex,10_latex_meaning_differs,
G11_TB_§15_7_4,10_latex_meaning_differs,проверить до переключения показа на question_latex,10_latex_meaning_differs,
G11_TB_§15_8_1,09_key_not_verified,автоматическая перепроверка ключа + ручная проверка расхождений,09_key_not_verified;10_latex_meaning_differs,
G11_TB_§15_8_2,09_key_not_verified,автоматическая перепроверка ключа + ручная проверка расхождений,09_key_not_verified,
G11_TB_§15_8_4,09_key_not_verified,автоматическая перепроверка ключа + ручная проверка расхождений,09_key_not_verified,
G11_TB_§15_9_1,09_key_not_verified,автоматическая перепроверка ключа + ручная проверка расхождений,09_key_not_verified,
G11_TB_§15_9_2,09_key_not_verified,автоматическая перепроверка ключа + ручная проверка расхождений,09_key_not_verified,
G11_TB_§15_9_3,09_key_not_verified,автоматическая перепроверка ключа + ручная проверка расхождений,09_key_not_verified,
G11_TB_§15_9_4,09_key_not_verified,автоматическая перепроверка ключа + ручная проверка расхождений,09_key_not_verified,
G11_TB_§15_9_5,09_key_not_verified,автоматическая перепроверка ключа + ручная проверка расхождений,09_key_not_verified,
G11_TB_§16_16_10,09_key_not_verified,автоматическая перепроверка ключа + ручная проверка расхождений,09_key_not_verified,
G11_TB_§16_16_11,09_key_not_verified,автоматическая перепроверка ключа + ручная проверка расхождений,09_key_not_verified,
G11_TB_§16_16_16,10_latex_meaning_differs,проверить до переключения показа на question_latex,10_latex_meaning_differs,
G11_TB_§16_16_18,10_latex_meaning_differs,проверить до переключения показа на question_latex,10_latex_meaning_differs,
G11_TB_§16_16_19,06_correct_lookalike_graded_wrong,исправляется кодом диагностики (оценка по выбранному варианту),06_correct_lookalike_graded_wrong,
G11_TB_§16_16_21,10_latex_meaning_differs,проверить до переключения показа на question_latex,10_latex_meaning_differs,
G11_TB_§16_16_22,10_latex_meaning_differs,проверить до переключения показа на question_latex,10_latex_meaning_differs,
G11_TB_§16_16_23,10_latex_meaning_differs,проверить до переключения показа на question_latex,10_latex_meaning_differs,
G11_TB_§16_16_24,10_latex_meaning_differs,проверить до переключения показа на question_latex,10_latex_meaning_differs,
G11_TB_§16_16_26,06_correct_lookalike_graded_wrong,исправляется кодом диагностики (оценка по выбранному варианту),06_correct_lookalike_graded_wrong,
G11_TB_§16_16_29,10_latex_meaning_differs,проверить до переключения показа на question_latex,10_latex_meaning_differs,
G11_TB_§16_16_3,10_latex_meaning_differs,проверить до переключения показа на question_latex,10_latex_meaning_differs,
G11_TB_§16_16_30,06_correct_lookalike_graded_wrong,исправляется кодом диагностики (оценка по выбранному варианту),06_correct_lookalike_graded_wrong,
G11_TB_§16_16_5,10_latex_meaning_differs,проверить до переключения показа на question_latex,10_latex_meaning_differs,
G11_TB_§16_16_6,10_latex_meaning_differs,проверить до переключения показа на question_latex,10_latex_meaning_differs,
G11_TB_§16_16_7,10_latex_meaning_differs,проверить до переключения показа на question_latex,10_latex_meaning_differs,
G11_TB_§16_16_8,06_correct_lookalike_graded_wrong,исправляется кодом диагностики (оценка по выбранному варианту),06_correct_lookalike_graded_wrong,
G11_TB_§16_16_9,10_latex_meaning_differs,проверить до переключения показа на question_latex,10_latex_meaning_differs,
G11_TB_§16_1_1,09_key_not_verified,автоматическая перепроверка ключа + ручная проверка расхождений,09_key_not_verified,
G11_TB_§16_1_10,06_correct_lookalike_graded_wrong,исправляется кодом диагностики (оценка по выбранному варианту),06_correct_lookalike_graded_wrong;09_key_not_verified,
G11_TB_§16_1_11,06_correct_lookalike_graded_wrong,исправляется кодом диагностики (оценка по выбранному варианту),06_correct_lookalike_graded_wrong,
G11_TB_§16_1_2,09_key_not_verified,автоматическая перепроверка ключа + ручная проверка расхождений,09_key_not_verified,
G11_TB_§16_1_3,09_key_not_verified,автоматическая перепроверка ключа + ручная проверка расхождений,09_key_not_verified,
G11_TB_§16_1_4,06_correct_lookalike_graded_wrong,исправляется кодом диагностики (оценка по выбранному варианту),06_correct_lookalike_graded_wrong,
G11_TB_§16_1_5,06_correct_lookalike_graded_wrong,исправляется кодом диагностики (оценка по выбранному варианту),06_correct_lookalike_graded_wrong,
G11_TB_§16_1_6,06_correct_lookalike_graded_wrong,исправляется кодом диагностики (оценка по выбранному варианту),06_correct_lookalike_graded_wrong,
G11_TB_§16_1_7,06_correct_lookalike_graded_wrong,исправляется кодом диагностики (оценка по выбранному варианту),06_correct_lookalike_graded_wrong,
G11_TB_§16_1_8,06_correct_lookalike_graded_wrong,исправляется кодом диагностики (оценка по выбранному варианту),06_correct_lookalike_graded_wrong,
G11_TB_§16_1_9,06_correct_lookalike_graded_wrong,исправляется кодом диагностики (оценка по выбранному варианту),06_correct_lookalike_graded_wrong,
G11_TB_§16_3,10_latex_meaning_differs,проверить до переключения показа на question_latex,10_latex_meaning_differs,
G11_TB_§16_4_3,09_key_not_verified,автоматическая перепроверка ключа + ручная проверка расхождений,09_key_not_verified,
G11_TB_§16_4_4,06_correct_lookalike_graded_wrong,исправляется кодом диагностики (оценка по выбранному варианту),06_correct_lookalike_graded_wrong,
G11_TB_§16_4_6,06_correct_lookalike_graded_wrong,исправляется кодом диагностики (оценка по выбранному варианту),06_correct_lookalike_graded_wrong,
G11_TB_§16_4_7,10_latex_meaning_differs,проверить до переключения показа на question_latex,10_latex_meaning_differs,
G11_TB_§16_4_9,10_latex_meaning_differs,проверить до переключения показа на question_latex,10_latex_meaning_differs,
G11_TB_§16_5_а,10_latex_meaning_differs,проверить до переключения показа на question_latex,10_latex_meaning_differs,
G11_TB_§18_10_1,06_correct_lookalike_graded_wrong,исправляется кодом диагностики (оценка по выбранному варианту),06_correct_lookalike_graded_wrong,
G11_TB_§18_10_2,06_correct_lookalike_graded_wrong,исправляется кодом диагностики (оценка по выбранному варианту),06_correct_lookalike_graded_wrong,
G11_TB_§18_1_1,09_key_not_verified,автоматическая перепроверка ключа + ручная проверка расхождений,09_key_not_verified,
G11_TB_§18_1_2,09_key_not_verified,автоматическая перепроверка ключа + ручная проверка расхождений,09_key_not_verified,
G11_TB_§18_1_4,09_key_not_verified,автоматическая перепроверка ключа + ручная проверка расхождений,09_key_not_verified,
G11_TB_§18_2_1,09_key_not_verified,автоматическая перепроверка ключа + ручная проверка расхождений,09_key_not_verified,
G11_TB_§18_2_4,09_key_not_verified,автоматическая перепроверка ключа + ручная проверка расхождений,09_key_not_verified,
G11_TB_§18_3_3,09_key_not_verified,автоматическая перепроверка ключа + ручная проверка расхождений,09_key_not_verified,
G11_TB_§18_4,03_proof_task,отключить в диагностике/экзаменах (автоматически не проверяется),03_proof_task;06_correct_lookalike_graded_wrong,
G11_TB_§18_4_1,06_correct_lookalike_graded_wrong,исправляется кодом диагностики (оценка по выбранному варианту),06_correct_lookalike_graded_wrong;09_key_not_verified,
G11_TB_§18_4_2,06_correct_lookalike_graded_wrong,исправляется кодом диагностики (оценка по выбранному варианту),06_correct_lookalike_graded_wrong,
G11_TB_§18_4_3,06_correct_lookalike_graded_wrong,исправляется кодом диагностики (оценка по выбранному варианту),06_correct_lookalike_graded_wrong,
G11_TB_§18_4_4,06_correct_lookalike_graded_wrong,исправляется кодом диагностики (оценка по выбранному варианту),06_correct_lookalike_graded_wrong;09_key_not_verified,
G11_TB_§18_5_1,09_key_not_verified,автоматическая перепроверка ключа + ручная проверка расхождений,09_key_not_verified,
G11_TB_§18_5_2,09_key_not_verified,автоматическая перепроверка ключа + ручная проверка расхождений,09_key_not_verified,
G11_TB_§18_6,09_key_not_verified,автоматическая перепроверка ключа + ручная проверка расхождений,09_key_not_verified,
G11_TB_§18_6_1,09_key_not_verified,автоматическая перепроверка ключа + ручная проверка расхождений,09_key_not_verified,
G11_TB_§18_6_2,09_key_not_verified,автоматическая перепроверка ключа + ручная проверка расхождений,09_key_not_verified,
G11_TB_§18_6_3,09_key_not_verified,автоматическая перепроверка ключа + ручная проверка расхождений,09_key_not_verified,
G11_TB_§18_8,09_key_not_verified,автоматическая перепроверка ключа + ручная проверка расхождений,09_key_not_verified,
G11_TB_§18_9_1,09_key_not_verified,автоматическая перепроверка ключа + ручная проверка расхождений,09_key_not_verified,
G11_TB_§18_9_2,09_key_not_verified,автоматическая перепроверка ключа + ручная проверка расхождений,09_key_not_verified,
G11_TB_§18_9_3,09_key_not_verified,автоматическая перепроверка ключа + ручная проверка расхождений,09_key_not_verified,
G11_TB_§19_15_1,09_key_not_verified,автоматическая перепроверка ключа + ручная проверка расхождений,09_key_not_verified,
G11_TB_§19_15_2,09_key_not_verified,автоматическая перепроверка ключа + ручная проверка расхождений,09_key_not_verified,
G11_TB_§19_16_1,03_proof_task,отключить в диагностике/экзаменах (автоматически не проверяется),03_proof_task;06_correct_lookalike_graded_wrong,
G11_TB_§19_16_2,03_proof_task,отключить в диагностике/экзаменах (автоматически не проверяется),03_proof_task;06_correct_lookalike_graded_wrong,
G11_TB_§19_16_3,03_proof_task,отключить в диагностике/экзаменах (автоматически не проверяется),03_proof_task;06_correct_lookalike_graded_wrong,
G11_TB_§19_16_4,03_proof_task,отключить в диагностике/экзаменах (автоматически не проверяется),03_proof_task,
G11_TB_§19_16_5,03_proof_task,отключить в диагностике/экзаменах (автоматически не проверяется),03_proof_task;06_correct_lookalike_graded_wrong,
G11_TB_§19_17_2,06_correct_lookalike_graded_wrong,исправляется кодом диагностики (оценка по выбранному варианту),06_correct_lookalike_graded_wrong,
G11_TB_§19_1_2,09_key_not_verified,автоматическая перепроверка ключа + ручная проверка расхождений,09_key_not_verified,
G11_TB_§19_1_3,09_key_not_verified,автоматическая перепроверка ключа + ручная проверка расхождений,09_key_not_verified,
G11_TB_§19_1_4,09_key_not_verified,автоматическая перепроверка ключа + ручная проверка расхождений,09_key_not_verified,
G11_TB_§19_1_5b,09_key_not_verified,автоматическая перепроверка ключа + ручная проверка расхождений,09_key_not_verified,
G11_TB_§19_1_6,06_correct_lookalike_graded_wrong,исправляется кодом диагностики (оценка по выбранному варианту),06_correct_lookalike_graded_wrong,
G11_TB_§19_1_9,09_key_not_verified,автоматическая перепроверка ключа + ручная проверка расхождений,09_key_not_verified,
G11_TB_§19_3_1,09_key_not_verified,автоматическая перепроверка ключа + ручная проверка расхождений,09_key_not_verified,
G11_TB_§19_3_2,09_key_not_verified,автоматическая перепроверка ключа + ручная проверка расхождений,09_key_not_verified,
G11_TB_§19_3_3,09_key_not_verified,автоматическая перепроверка ключа + ручная проверка расхождений,09_key_not_verified,
G11_TB_§19_3_4,09_key_not_verified,автоматическая перепроверка ключа + ручная проверка расхождений,09_key_not_verified,
G11_TB_§19_3_5,06_correct_lookalike_graded_wrong,исправляется кодом диагностики (оценка по выбранному варианту),06_correct_lookalike_graded_wrong;09_key_not_verified,
G11_TB_§19_4,09_key_not_verified,автоматическая перепроверка ключа + ручная проверка расхождений,09_key_not_verified,
G11_TB_§19_5,06_correct_lookalike_graded_wrong,исправляется кодом диагностики (оценка по выбранному варианту),06_correct_lookalike_graded_wrong;09_key_not_verified,
G11_TB_§1_1_1,09_key_not_verified,автоматическая перепроверка ключа + ручная проверка расхождений,09_key_not_verified,
G11_TB_§1_1_10_г,09_key_not_verified,автоматическая перепроверка ключа + ручная проверка расхождений,09_key_not_verified,
G11_TB_§1_1_10_д,09_key_not_verified,автоматическая перепроверка ключа + ручная проверка расхождений,09_key_not_verified,
G11_TB_§1_1_10_е,09_key_not_verified,автоматическая перепроверка ключа + ручная проверка расхождений,09_key_not_verified,
G11_TB_§1_1_10_з,09_key_not_verified,автоматическая перепроверка ключа + ручная проверка расхождений,09_key_not_verified,
G11_TB_§1_1_12_a,03_proof_task,отключить в диагностике/экзаменах (автоматически не проверяется),03_proof_task,
G11_TB_§1_1_12_б,03_proof_task,отключить в диагностике/экзаменах (автоматически не проверяется),03_proof_task,
G11_TB_§1_1_12_в,03_proof_task,отключить в диагностике/экзаменах (автоматически не проверяется),03_proof_task,
G11_TB_§1_1_13,03_proof_task,отключить в диагностике/экзаменах (автоматически не проверяется),03_proof_task;07_duplicate_question_conflicting_key,
G11_TB_§1_1_16_1,12_extra_copy_of_identical_task,отключить лишнюю копию (оставить одну),12_extra_copy_of_identical_task,
G11_TB_§1_1_16_2,12_extra_copy_of_identical_task,отключить лишнюю копию (оставить одну),12_extra_copy_of_identical_task,
G11_TB_§1_1_17_1,12_extra_copy_of_identical_task,отключить лишнюю копию (оставить одну),12_extra_copy_of_identical_task,
G11_TB_§1_1_17_2,12_extra_copy_of_identical_task,отключить лишнюю копию (оставить одну),12_extra_copy_of_identical_task,
G11_TB_§1_1_18_1,12_extra_copy_of_identical_task,отключить лишнюю копию (оставить одну),12_extra_copy_of_identical_task,
G11_TB_§1_1_18_2,07_duplicate_question_conflicting_key,"сравнить копии, оставить верную, остальные отключить",07_duplicate_question_conflicting_key,
G11_TB_§1_1_18_3,12_extra_copy_of_identical_task,отключить лишнюю копию (оставить одну),12_extra_copy_of_identical_task,
G11_TB_§1_1_18_4,12_extra_copy_of_identical_task,отключить лишнюю копию (оставить одну),12_extra_copy_of_identical_task,
G11_TB_§1_1_19_1,12_extra_copy_of_identical_task,отключить лишнюю копию (оставить одну),12_extra_copy_of_identical_task,
G11_TB_§1_1_19_2,12_extra_copy_of_identical_task,отключить лишнюю копию (оставить одну),12_extra_copy_of_identical_task,
G11_TB_§1_1_19_3,12_extra_copy_of_identical_task,отключить лишнюю копию (оставить одну),12_extra_copy_of_identical_task,
G11_TB_§1_1_19_4,12_extra_copy_of_identical_task,отключить лишнюю копию (оставить одну),12_extra_copy_of_identical_task,
G11_TB_§1_1_20_1,07_duplicate_question_conflicting_key,"сравнить копии, оставить верную, остальные отключить",07_duplicate_question_conflicting_key,
G11_TB_§1_1_20_2,07_duplicate_question_conflicting_key,"сравнить копии, оставить верную, остальные отключить",07_duplicate_question_conflicting_key,
G11_TB_§1_1_23_1,07_duplicate_question_conflicting_key,"сравнить копии, оставить верную, остальные отключить",07_duplicate_question_conflicting_key;10_latex_meaning_differs,
G11_TB_§1_1_23_2,07_duplicate_question_conflicting_key,"сравнить копии, оставить верную, остальные отключить",07_duplicate_question_conflicting_key;10_latex_meaning_differs,
G11_TB_§1_1_24,12_extra_copy_of_identical_task,отключить лишнюю копию (оставить одну),12_extra_copy_of_identical_task,
G11_TB_§1_1_25,07_duplicate_question_conflicting_key,"сравнить копии, оставить верную, остальные отключить",07_duplicate_question_conflicting_key,
G11_TB_§1_1_26,07_duplicate_question_conflicting_key,"сравнить копии, оставить верную, остальные отключить",07_duplicate_question_conflicting_key,
G11_TB_§1_1_27_1,12_extra_copy_of_identical_task,отключить лишнюю копию (оставить одну),12_extra_copy_of_identical_task,
G11_TB_§1_1_29_1,07_duplicate_question_conflicting_key,"сравнить копии, оставить верную, остальные отключить",07_duplicate_question_conflicting_key,
G11_TB_§1_1_29_2,07_duplicate_question_conflicting_key,"сравнить копии, оставить верную, остальные отключить",07_duplicate_question_conflicting_key,
G11_TB_§1_1_3,10_latex_meaning_differs,проверить до переключения показа на question_latex,10_latex_meaning_differs,
G11_TB_§1_1_30,03_proof_task,отключить в диагностике/экзаменах (автоматически не проверяется),03_proof_task;07_duplicate_question_conflicting_key,
G11_TB_§1_1_32_4,07_duplicate_question_conflicting_key,"сравнить копии, оставить верную, остальные отключить",07_duplicate_question_conflicting_key,
G11_TB_§1_1_32_5,07_duplicate_question_conflicting_key,"сравнить копии, оставить верную, остальные отключить",07_duplicate_question_conflicting_key,
G11_TB_§1_1_32_6,07_duplicate_question_conflicting_key,"сравнить копии, оставить верную, остальные отключить",07_duplicate_question_conflicting_key,
G11_TB_§1_1_32_7,07_duplicate_question_conflicting_key,"сравнить копии, оставить верную, остальные отключить",07_duplicate_question_conflicting_key,
G11_TB_§1_1_32_8,07_duplicate_question_conflicting_key,"сравнить копии, оставить верную, остальные отключить",07_duplicate_question_conflicting_key,
G11_TB_§1_1_32_9,07_duplicate_question_conflicting_key,"сравнить копии, оставить верную, остальные отключить",07_duplicate_question_conflicting_key,
G11_TB_§1_1_33_1,07_duplicate_question_conflicting_key,"сравнить копии, оставить верную, остальные отключить",07_duplicate_question_conflicting_key,
G11_TB_§1_1_33_2,07_duplicate_question_conflicting_key,"сравнить копии, оставить верную, остальные отключить",07_duplicate_question_conflicting_key,
G11_TB_§1_1_33_3,07_duplicate_question_conflicting_key,"сравнить копии, оставить верную, остальные отключить",07_duplicate_question_conflicting_key,
G11_TB_§1_1_33_4,07_duplicate_question_conflicting_key,"сравнить копии, оставить верную, остальные отключить",07_duplicate_question_conflicting_key,
G11_TB_§1_1_33_5,07_duplicate_question_conflicting_key,"сравнить копии, оставить верную, остальные отключить",07_duplicate_question_conflicting_key,
G11_TB_§1_1_33_6,07_duplicate_question_conflicting_key,"сравнить копии, оставить верную, остальные отключить",07_duplicate_question_conflicting_key,
G11_TB_§1_1_33_7,07_duplicate_question_conflicting_key,"сравнить копии, оставить верную, остальные отключить",07_duplicate_question_conflicting_key,
G11_TB_§1_1_33_8,07_duplicate_question_conflicting_key,"сравнить копии, оставить верную, остальные отключить",07_duplicate_question_conflicting_key,
G11_TB_§1_1_34_1,07_duplicate_question_conflicting_key,"сравнить копии, оставить верную, остальные отключить",07_duplicate_question_conflicting_key,
G11_TB_§1_1_35_1,07_duplicate_question_conflicting_key,"сравнить копии, оставить верную, остальные отключить",07_duplicate_question_conflicting_key,
G11_TB_§1_1_35_2,07_duplicate_question_conflicting_key,"сравнить копии, оставить верную, остальные отключить",07_duplicate_question_conflicting_key,
G11_TB_§1_1_35_3,07_duplicate_question_conflicting_key,"сравнить копии, оставить верную, остальные отключить",07_duplicate_question_conflicting_key,
G11_TB_§1_1_35_4,07_duplicate_question_conflicting_key,"сравнить копии, оставить верную, остальные отключить",07_duplicate_question_conflicting_key,
G11_TB_§1_1_35_5,07_duplicate_question_conflicting_key,"сравнить копии, оставить верную, остальные отключить",07_duplicate_question_conflicting_key;09_key_not_verified,
G11_TB_§1_1_35_6,07_duplicate_question_conflicting_key,"сравнить копии, оставить верную, остальные отключить",07_duplicate_question_conflicting_key;09_key_not_verified,
G11_TB_§1_1_35_7,07_duplicate_question_conflicting_key,"сравнить копии, оставить верную, остальные отключить",07_duplicate_question_conflicting_key;09_key_not_verified,
G11_TB_§1_1_35_8,07_duplicate_question_conflicting_key,"сравнить копии, оставить верную, остальные отключить",07_duplicate_question_conflicting_key;09_key_not_verified,
G11_TB_§1_1_36_1,07_duplicate_question_conflicting_key,"сравнить копии, оставить верную, остальные отключить",07_duplicate_question_conflicting_key,
G11_TB_§1_1_36_2,07_duplicate_question_conflicting_key,"сравнить копии, оставить верную, остальные отключить",07_duplicate_question_conflicting_key;09_key_not_verified,
G11_TB_§1_1_36_3,07_duplicate_question_conflicting_key,"сравнить копии, оставить верную, остальные отключить",07_duplicate_question_conflicting_key,
G11_TB_§1_1_36_4,07_duplicate_question_conflicting_key,"сравнить копии, оставить верную, остальные отключить",07_duplicate_question_conflicting_key,
G11_TB_§1_1_38,07_duplicate_question_conflicting_key,"сравнить копии, оставить верную, остальные отключить",07_duplicate_question_conflicting_key,
G11_TB_§1_1_39_1,07_duplicate_question_conflicting_key,"сравнить копии, оставить верную, остальные отключить",07_duplicate_question_conflicting_key,
G11_TB_§1_1_39_2,07_duplicate_question_conflicting_key,"сравнить копии, оставить верную, остальные отключить",07_duplicate_question_conflicting_key,
G11_TB_§1_1_40_1,07_duplicate_question_conflicting_key,"сравнить копии, оставить верную, остальные отключить",07_duplicate_question_conflicting_key,
G11_TB_§1_1_40_2,07_duplicate_question_conflicting_key,"сравнить копии, оставить верную, остальные отключить",07_duplicate_question_conflicting_key,
G11_TB_§1_1_40_3,07_duplicate_question_conflicting_key,"сравнить копии, оставить верную, остальные отключить",07_duplicate_question_conflicting_key,
G11_TB_§1_1_41_1,07_duplicate_question_conflicting_key,"сравнить копии, оставить верную, остальные отключить",07_duplicate_question_conflicting_key,
G11_TB_§1_1_41_2,07_duplicate_question_conflicting_key,"сравнить копии, оставить верную, остальные отключить",07_duplicate_question_conflicting_key,
G11_TB_§1_1_42_1,07_duplicate_question_conflicting_key,"сравнить копии, оставить верную, остальные отключить",07_duplicate_question_conflicting_key,
G11_TB_§1_1_42_2,07_duplicate_question_conflicting_key,"сравнить копии, оставить верную, остальные отключить",07_duplicate_question_conflicting_key,
G11_TB_§1_1_43_1,07_duplicate_question_conflicting_key,"сравнить копии, оставить верную, остальные отключить",07_duplicate_question_conflicting_key,
G11_TB_§1_1_43_2,07_duplicate_question_conflicting_key,"сравнить копии, оставить верную, остальные отключить",07_duplicate_question_conflicting_key,
G11_TB_§1_1_45,09_key_not_verified,автоматическая перепроверка ключа + ручная проверка расхождений,09_key_not_verified,
G11_TB_§1_1_46_2,07_duplicate_question_conflicting_key,"сравнить копии, оставить верную, остальные отключить",07_duplicate_question_conflicting_key,
G11_TB_§1_1_46_3,07_duplicate_question_conflicting_key,"сравнить копии, оставить верную, остальные отключить",07_duplicate_question_conflicting_key,
G11_TB_§1_1_47_1,07_duplicate_question_conflicting_key,"сравнить копии, оставить верную, остальные отключить",07_duplicate_question_conflicting_key;09_key_not_verified,
G11_TB_§1_1_47_2,07_duplicate_question_conflicting_key,"сравнить копии, оставить верную, остальные отключить",07_duplicate_question_conflicting_key,
G11_TB_§1_1_47_3,07_duplicate_question_conflicting_key,"сравнить копии, оставить верную, остальные отключить",07_duplicate_question_conflicting_key;09_key_not_verified,
G11_TB_§1_1_47_4,07_duplicate_question_conflicting_key,"сравнить копии, оставить верную, остальные отключить",07_duplicate_question_conflicting_key,
G11_TB_§1_1_47_5,07_duplicate_question_conflicting_key,"сравнить копии, оставить верную, остальные отключить",07_duplicate_question_conflicting_key,
G11_TB_§1_1_47_6,07_duplicate_question_conflicting_key,"сравнить копии, оставить верную, остальные отключить",07_duplicate_question_conflicting_key;09_key_not_verified,
G11_TB_§1_1_47_7,07_duplicate_question_conflicting_key,"сравнить копии, оставить верную, остальные отключить",07_duplicate_question_conflicting_key;09_key_not_verified,
G11_TB_§1_1_48_1,07_duplicate_question_conflicting_key,"сравнить копии, оставить верную, остальные отключить",07_duplicate_question_conflicting_key;09_key_not_verified,
G11_TB_§1_1_48_2,07_duplicate_question_conflicting_key,"сравнить копии, оставить верную, остальные отключить",07_duplicate_question_conflicting_key,
G11_TB_§1_1_48_3,07_duplicate_question_conflicting_key,"сравнить копии, оставить верную, остальные отключить",07_duplicate_question_conflicting_key,
G11_TB_§1_1_48_4,07_duplicate_question_conflicting_key,"сравнить копии, оставить верную, остальные отключить",07_duplicate_question_conflicting_key,
G11_TB_§1_1_48_5,09_key_not_verified,автоматическая перепроверка ключа + ручная проверка расхождений,09_key_not_verified,
G11_TB_§1_1_49_3,09_key_not_verified,автоматическая перепроверка ключа + ручная проверка расхождений,09_key_not_verified,
G11_TB_§1_1_4_1,09_key_not_verified,автоматическая перепроверка ключа + ручная проверка расхождений,09_key_not_verified;10_latex_meaning_differs,
G11_TB_§1_1_4_2,09_key_not_verified,автоматическая перепроверка ключа + ручная проверка расхождений,09_key_not_verified;10_latex_meaning_differs,
G11_TB_§1_1_4_3,09_key_not_verified,автоматическая перепроверка ключа + ручная проверка расхождений,09_key_not_verified;10_latex_meaning_differs,
G11_TB_§1_1_4_4,09_key_not_verified,автоматическая перепроверка ключа + ручная проверка расхождений,09_key_not_verified;10_latex_meaning_differs,
G11_TB_§1_1_4_5,09_key_not_verified,автоматическая перепроверка ключа + ручная проверка расхождений,09_key_not_verified;10_latex_meaning_differs,
G11_TB_§1_1_4_6,09_key_not_verified,автоматическая перепроверка ключа + ручная проверка расхождений,09_key_not_verified;10_latex_meaning_differs,
G11_TB_§1_1_4_7,09_key_not_verified,автоматическая перепроверка ключа + ручная проверка расхождений,09_key_not_verified;10_latex_meaning_differs,
G11_TB_§1_1_4_8,09_key_not_verified,автоматическая перепроверка ключа + ручная проверка расхождений,09_key_not_verified;10_latex_meaning_differs,
G11_TB_§1_1_7,07_duplicate_question_conflicting_key,"сравнить копии, оставить верную, остальные отключить",07_duplicate_question_conflicting_key,
G11_TB_§1_1_72,12_extra_copy_of_identical_task,отключить лишнюю копию (оставить одну),12_extra_copy_of_identical_task,
G11_TB_§1_1_9_а,09_key_not_verified,автоматическая перепроверка ключа + ручная проверка расхождений,09_key_not_verified,
G11_TB_§1_1_9_д,09_key_not_verified,автоматическая перепроверка ключа + ручная проверка расхождений,09_key_not_verified,
G11_TB_§1_2_1,09_key_not_verified,автоматическая перепроверка ключа + ручная проверка расхождений,09_key_not_verified,
G11_TB_§1_2_2,09_key_not_verified,автоматическая перепроверка ключа + ручная проверка расхождений,09_key_not_verified,
G11_TB_§1_2_3,09_key_not_verified,автоматическая перепроверка ключа + ручная проверка расхождений,09_key_not_verified,
G11_TB_§1_3,10_latex_meaning_differs,проверить до переключения показа на question_latex,10_latex_meaning_differs,
G11_TB_§1_6,09_key_not_verified,автоматическая перепроверка ключа + ручная проверка расхождений,09_key_not_verified,
G11_TB_§20_1,09_key_not_verified,автоматическая перепроверка ключа + ручная проверка расхождений,09_key_not_verified,
G11_TB_§20_10,06_correct_lookalike_graded_wrong,исправляется кодом диагностики (оценка по выбранному варианту),06_correct_lookalike_graded_wrong;09_key_not_verified,
G11_TB_§20_13,09_key_not_verified,автоматическая перепроверка ключа + ручная проверка расхождений,09_key_not_verified,
G11_TB_§20_1_1,09_key_not_verified,автоматическая перепроверка ключа + ручная проверка расхождений,09_key_not_verified,
G11_TB_§20_1_4,12_extra_copy_of_identical_task,отключить лишнюю копию (оставить одну),12_extra_copy_of_identical_task,
G11_TB_§20_1_5,09_key_not_verified,автоматическая перепроверка ключа + ручная проверка расхождений,09_key_not_verified,
G11_TB_§20_1_7,06_correct_lookalike_graded_wrong,исправляется кодом диагностики (оценка по выбранному варианту),06_correct_lookalike_graded_wrong,
G11_TB_§20_2_1,06_correct_lookalike_graded_wrong,исправляется кодом диагностики (оценка по выбранному варианту),06_correct_lookalike_graded_wrong;09_key_not_verified,
G11_TB_§20_2_2,06_correct_lookalike_graded_wrong,исправляется кодом диагностики (оценка по выбранному варианту),06_correct_lookalike_graded_wrong;09_key_not_verified,
G11_TB_§20_3_1,09_key_not_verified,автоматическая перепроверка ключа + ручная проверка расхождений,09_key_not_verified,
G11_TB_§20_3_3,06_correct_lookalike_graded_wrong,исправляется кодом диагностики (оценка по выбранному варианту),06_correct_lookalike_graded_wrong;09_key_not_verified,
G11_TB_§20_4,09_key_not_verified,автоматическая перепроверка ключа + ручная проверка расхождений,09_key_not_verified,
G11_TB_§20_4_1,09_key_not_verified,автоматическая перепроверка ключа + ручная проверка расхождений,09_key_not_verified,
G11_TB_§20_4_2,09_key_not_verified,автоматическая перепроверка ключа + ручная проверка расхождений,09_key_not_verified,
G11_TB_§20_5,09_key_not_verified,автоматическая перепроверка ключа + ручная проверка расхождений,09_key_not_verified,
G11_TB_§20_5_2,09_key_not_verified,автоматическая перепроверка ключа + ручная проверка расхождений,09_key_not_verified,
G11_TB_§20_5_3,09_key_not_verified,автоматическая перепроверка ключа + ручная проверка расхождений,09_key_not_verified,
G11_TB_§20_6,09_key_not_verified,автоматическая перепроверка ключа + ручная проверка расхождений,09_key_not_verified,
G11_TB_§20_6_2,06_correct_lookalike_graded_wrong,исправляется кодом диагностики (оценка по выбранному варианту),06_correct_lookalike_graded_wrong;09_key_not_verified,
G11_TB_§20_7,09_key_not_verified,автоматическая перепроверка ключа + ручная проверка расхождений,09_key_not_verified,
G11_TB_§20_7_1,06_correct_lookalike_graded_wrong,исправляется кодом диагностики (оценка по выбранному варианту),06_correct_lookalike_graded_wrong,
G11_TB_§20_7_2,06_correct_lookalike_graded_wrong,исправляется кодом диагностики (оценка по выбранному варианту),06_correct_lookalike_graded_wrong;09_key_not_verified,
G11_TB_§20_8,09_key_not_verified,автоматическая перепроверка ключа + ручная проверка расхождений,09_key_not_verified,
G11_TB_§20_8_1,09_key_not_verified,автоматическая перепроверка ключа + ручная проверка расхождений,09_key_not_verified,
G11_TB_§20_8_2,09_key_not_verified,автоматическая перепроверка ключа + ручная проверка расхождений,09_key_not_verified,
G11_TB_§20_8_3,09_key_not_verified,автоматическая перепроверка ключа + ручная проверка расхождений,09_key_not_verified,
G11_TB_§20_9,09_key_not_verified,автоматическая перепроверка ключа + ручная проверка расхождений,09_key_not_verified,
G11_TB_§24_1_1,06_correct_lookalike_graded_wrong,исправляется кодом диагностики (оценка по выбранному варианту),06_correct_lookalike_graded_wrong,
G11_TB_§24_1_2,06_correct_lookalike_graded_wrong,исправляется кодом диагностики (оценка по выбранному варианту),06_correct_lookalike_graded_wrong,
G11_TB_§24_1_3,06_correct_lookalike_graded_wrong,исправляется кодом диагностики (оценка по выбранному варианту),06_correct_lookalike_graded_wrong,
G11_TB_§24_1_4,06_correct_lookalike_graded_wrong,исправляется кодом диагностики (оценка по выбранному варианту),06_correct_lookalike_graded_wrong,
G11_TB_§24_2_1,06_correct_lookalike_graded_wrong,исправляется кодом диагностики (оценка по выбранному варианту),06_correct_lookalike_graded_wrong,
G11_TB_§24_2_2,06_correct_lookalike_graded_wrong,исправляется кодом диагностики (оценка по выбранному варианту),06_correct_lookalike_graded_wrong,
G11_TB_§24_2_4,06_correct_lookalike_graded_wrong,исправляется кодом диагностики (оценка по выбранному варианту),06_correct_lookalike_graded_wrong,
G11_TB_§24_3_1,09_key_not_verified,автоматическая перепроверка ключа + ручная проверка расхождений,09_key_not_verified,
G11_TB_§24_3_2,06_correct_lookalike_graded_wrong,исправляется кодом диагностики (оценка по выбранному варианту),06_correct_lookalike_graded_wrong;09_key_not_verified,
G11_TB_§24_3_3,09_key_not_verified,автоматическая перепроверка ключа + ручная проверка расхождений,09_key_not_verified,
G11_TB_§24_3_4,09_key_not_verified,автоматическая перепроверка ключа + ручная проверка расхождений,09_key_not_verified,
G11_TB_§24_4_2,09_key_not_verified,автоматическая перепроверка ключа + ручная проверка расхождений,09_key_not_verified,
G11_TB_§24_4_4,09_key_not_verified,автоматическая перепроверка ключа + ручная проверка расхождений,09_key_not_verified,
G11_TB_§24_5_1,09_key_not_verified,автоматическая перепроверка ключа + ручная проверка расхождений,09_key_not_verified,
G11_TB_§24_5_2,11_open_input_no_options,да/нет показывать двумя вариантами (код),11_open_input_no_options,
G11_TB_§24_5_3,09_key_not_verified,автоматическая перепроверка ключа + ручная проверка расхождений,09_key_not_verified,
G11_TB_§24_6_1,06_correct_lookalike_graded_wrong,исправляется кодом диагностики (оценка по выбранному варианту),06_correct_lookalike_graded_wrong,
G11_TB_§24_6_5,06_correct_lookalike_graded_wrong,исправляется кодом диагностики (оценка по выбранному варианту),06_correct_lookalike_graded_wrong;09_key_not_verified,
G11_TB_§24_6_8,06_correct_lookalike_graded_wrong,исправляется кодом диагностики (оценка по выбранному варианту),06_correct_lookalike_graded_wrong;09_key_not_verified,
G11_TB_§24_7_1,06_correct_lookalike_graded_wrong,исправляется кодом диагностики (оценка по выбранному варианту),06_correct_lookalike_graded_wrong,
G11_TB_§24_7_10,06_correct_lookalike_graded_wrong,исправляется кодом диагностики (оценка по выбранному варианту),06_correct_lookalike_graded_wrong,
G11_TB_§24_7_11,06_correct_lookalike_graded_wrong,исправляется кодом диагностики (оценка по выбранному варианту),06_correct_lookalike_graded_wrong,
G11_TB_§24_7_12,09_key_not_verified,автоматическая перепроверка ключа + ручная проверка расхождений,09_key_not_verified,
G11_TB_§24_7_2,06_correct_lookalike_graded_wrong,исправляется кодом диагностики (оценка по выбранному варианту),06_correct_lookalike_graded_wrong,
G11_TB_§24_7_5,06_correct_lookalike_graded_wrong,исправляется кодом диагностики (оценка по выбранному варианту),06_correct_lookalike_graded_wrong;09_key_not_verified,
G11_TB_§24_7_7,06_correct_lookalike_graded_wrong,исправляется кодом диагностики (оценка по выбранному варианту),06_correct_lookalike_graded_wrong;09_key_not_verified,
G11_TB_§24_7_9,06_correct_lookalike_graded_wrong,исправляется кодом диагностики (оценка по выбранному варианту),06_correct_lookalike_graded_wrong;09_key_not_verified,
G11_TB_§24_8_2,09_key_not_verified,автоматическая перепроверка ключа + ручная проверка расхождений,09_key_not_verified,
G11_TB_§26_1,09_key_not_verified,автоматическая перепроверка ключа + ручная проверка расхождений,09_key_not_verified,
G11_TB_§26_10_4,10_latex_meaning_differs,проверить до переключения показа на question_latex,10_latex_meaning_differs,
G11_TB_§26_11_1,06_correct_lookalike_graded_wrong,исправляется кодом диагностики (оценка по выбранному варианту),06_correct_lookalike_graded_wrong,
G11_TB_§26_11_2,06_correct_lookalike_graded_wrong,исправляется кодом диагностики (оценка по выбранному варианту),06_correct_lookalike_graded_wrong,
G11_TB_§26_12,09_key_not_verified,автоматическая перепроверка ключа + ручная проверка расхождений,09_key_not_verified,
G11_TB_§26_13,09_key_not_verified,автоматическая перепроверка ключа + ручная проверка расхождений,09_key_not_verified,
G11_TB_§26_1_1,09_key_not_verified,автоматическая перепроверка ключа + ручная проверка расхождений,09_key_not_verified,
G11_TB_§26_2_3,09_key_not_verified,автоматическая перепроверка ключа + ручная проверка расхождений,09_key_not_verified,
G11_TB_§26_3_1,06_correct_lookalike_graded_wrong,исправляется кодом диагностики (оценка по выбранному варианту),06_correct_lookalike_graded_wrong,
G11_TB_§26_3_2,06_correct_lookalike_graded_wrong,исправляется кодом диагностики (оценка по выбранному варианту),06_correct_lookalike_graded_wrong,
G11_TB_§26_3_4,09_key_not_verified,автоматическая перепроверка ключа + ручная проверка расхождений,09_key_not_verified,
G11_TB_§26_4_1,06_correct_lookalike_graded_wrong,исправляется кодом диагностики (оценка по выбранному варианту),06_correct_lookalike_graded_wrong,
G11_TB_§26_4_2,06_correct_lookalike_graded_wrong,исправляется кодом диагностики (оценка по выбранному варианту),06_correct_lookalike_graded_wrong,
G11_TB_§26_5_4,06_correct_lookalike_graded_wrong,исправляется кодом диагностики (оценка по выбранному варианту),06_correct_lookalike_graded_wrong,
G11_TB_§26_6,09_key_not_verified,автоматическая перепроверка ключа + ручная проверка расхождений,09_key_not_verified;10_latex_meaning_differs,
G11_TB_§26_6_2,06_correct_lookalike_graded_wrong,исправляется кодом диагностики (оценка по выбранному варианту),06_correct_lookalike_graded_wrong,
G11_TB_§26_6_4,06_correct_lookalike_graded_wrong,исправляется кодом диагностики (оценка по выбранному варианту),06_correct_lookalike_graded_wrong,
G11_TB_§26_7_2,09_key_not_verified,автоматическая перепроверка ключа + ручная проверка расхождений,09_key_not_verified,
G11_TB_§26_7_3,09_key_not_verified,автоматическая перепроверка ключа + ручная проверка расхождений,09_key_not_verified,
G11_TB_§26_7_4,09_key_not_verified,автоматическая перепроверка ключа + ручная проверка расхождений,09_key_not_verified,
G11_TB_§26_8_1,02_pipeline_flagged_invalid,проверить вручную: исправить или отключить,02_pipeline_flagged_invalid;09_key_not_verified,
G11_TB_§26_8_2,02_pipeline_flagged_invalid,проверить вручную: исправить или отключить,02_pipeline_flagged_invalid;09_key_not_verified,
G11_TB_§26_8_3,02_pipeline_flagged_invalid,проверить вручную: исправить или отключить,02_pipeline_flagged_invalid;09_key_not_verified,
G11_TB_§26_8_4,02_pipeline_flagged_invalid,проверить вручную: исправить или отключить,02_pipeline_flagged_invalid;09_key_not_verified,
G11_TB_§26_9_2,10_latex_meaning_differs,проверить до переключения показа на question_latex,10_latex_meaning_differs,
G11_TB_§26_9_3,10_latex_meaning_differs,проверить до переключения показа на question_latex,10_latex_meaning_differs,
G11_TB_§26_9_4,06_correct_lookalike_graded_wrong,исправляется кодом диагностики (оценка по выбранному варианту),06_correct_lookalike_graded_wrong,
G11_TB_§2_10_1,09_key_not_verified,автоматическая перепроверка ключа + ручная проверка расхождений,09_key_not_verified,
G11_TB_§2_11_3,02_pipeline_flagged_invalid,проверить вручную: исправить или отключить,02_pipeline_flagged_invalid,
G11_TB_§2_2,06_correct_lookalike_graded_wrong,исправляется кодом диагностики (оценка по выбранному варианту),06_correct_lookalike_graded_wrong,
G11_TB_§2_2_1,12_extra_copy_of_identical_task,отключить лишнюю копию (оставить одну),12_extra_copy_of_identical_task,
G11_TB_§2_2_10_г,07_duplicate_question_conflicting_key,"сравнить копии, оставить верную, остальные отключить",07_duplicate_question_conflicting_key,
G11_TB_§2_2_13_а,03_proof_task,отключить в диагностике/экзаменах (автоматически не проверяется),03_proof_task;10_latex_meaning_differs,
G11_TB_§2_2_13_в,03_proof_task,отключить в диагностике/экзаменах (автоматически не проверяется),03_proof_task,
G11_TB_§2_2_13_г,03_proof_task,отключить в диагностике/экзаменах (автоматически не проверяется),03_proof_task;10_latex_meaning_differs,
G11_TB_§2_2_13_д,03_proof_task,отключить в диагностике/экзаменах (автоматически не проверяется),03_proof_task,
G11_TB_§2_2_14_е,10_latex_meaning_differs,проверить до переключения показа на question_latex,10_latex_meaning_differs,
G11_TB_§2_2_15_б,12_extra_copy_of_identical_task,отключить лишнюю копию (оставить одну),12_extra_copy_of_identical_task,
G11_TB_§2_2_15_в,12_extra_copy_of_identical_task,отключить лишнюю копию (оставить одну),12_extra_copy_of_identical_task,
G11_TB_§2_2_15_г,12_extra_copy_of_identical_task,отключить лишнюю копию (оставить одну),12_extra_copy_of_identical_task,
G11_TB_§2_2_15_д,12_extra_copy_of_identical_task,отключить лишнюю копию (оставить одну),12_extra_copy_of_identical_task,
G11_TB_§2_2_15_е,09_key_not_verified,автоматическая перепроверка ключа + ручная проверка расхождений,09_key_not_verified;12_extra_copy_of_identical_task,
G11_TB_§2_2_15_ж,09_key_not_verified,автоматическая перепроверка ключа + ручная проверка расхождений,09_key_not_verified;12_extra_copy_of_identical_task,
G11_TB_§2_2_15_з,09_key_not_verified,автоматическая перепроверка ключа + ручная проверка расхождений,09_key_not_verified;12_extra_copy_of_identical_task,
G11_TB_§2_2_16_а,07_duplicate_question_conflicting_key,"сравнить копии, оставить верную, остальные отключить",07_duplicate_question_conflicting_key,
G11_TB_§2_2_17_а,12_extra_copy_of_identical_task,отключить лишнюю копию (оставить одну),12_extra_copy_of_identical_task,
G11_TB_§2_2_17_б,12_extra_copy_of_identical_task,отключить лишнюю копию (оставить одну),12_extra_copy_of_identical_task,
G11_TB_§2_2_17_в,12_extra_copy_of_identical_task,отключить лишнюю копию (оставить одну),12_extra_copy_of_identical_task,
G11_TB_§2_2_17_г,12_extra_copy_of_identical_task,отключить лишнюю копию (оставить одну),12_extra_copy_of_identical_task,
G11_TB_§2_2_17_д,12_extra_copy_of_identical_task,отключить лишнюю копию (оставить одну),12_extra_copy_of_identical_task,
G11_TB_§2_2_17_е,12_extra_copy_of_identical_task,отключить лишнюю копию (оставить одну),12_extra_copy_of_identical_task,
G11_TB_§2_2_17_ж,12_extra_copy_of_identical_task,отключить лишнюю копию (оставить одну),12_extra_copy_of_identical_task,
G11_TB_§2_2_17_з,12_extra_copy_of_identical_task,отключить лишнюю копию (оставить одну),12_extra_copy_of_identical_task,
G11_TB_§2_2_17_и,12_extra_copy_of_identical_task,отключить лишнюю копию (оставить одну),12_extra_copy_of_identical_task,
G11_TB_§2_2_18_а,09_key_not_verified,автоматическая перепроверка ключа + ручная проверка расхождений,09_key_not_verified;12_extra_copy_of_identical_task,
G11_TB_§2_2_18_б,09_key_not_verified,автоматическая перепроверка ключа + ручная проверка расхождений,09_key_not_verified;12_extra_copy_of_identical_task,
G11_TB_§2_2_18_в,09_key_not_verified,автоматическая перепроверка ключа + ручная проверка расхождений,09_key_not_verified;12_extra_copy_of_identical_task,
G11_TB_§2_2_18_г,09_key_not_verified,автоматическая перепроверка ключа + ручная проверка расхождений,09_key_not_verified;12_extra_copy_of_identical_task,
G11_TB_§2_2_19_а,12_extra_copy_of_identical_task,отключить лишнюю копию (оставить одну),12_extra_copy_of_identical_task,
G11_TB_§2_2_19_б,12_extra_copy_of_identical_task,отключить лишнюю копию (оставить одну),12_extra_copy_of_identical_task,
G11_TB_§2_2_19_в,12_extra_copy_of_identical_task,отключить лишнюю копию (оставить одну),12_extra_copy_of_identical_task,
G11_TB_§2_2_19_г,12_extra_copy_of_identical_task,отключить лишнюю копию (оставить одну),12_extra_copy_of_identical_task,
G11_TB_§2_2_19_д,12_extra_copy_of_identical_task,отключить лишнюю копию (оставить одну),12_extra_copy_of_identical_task,
G11_TB_§2_2_19_е,12_extra_copy_of_identical_task,отключить лишнюю копию (оставить одну),12_extra_copy_of_identical_task,
G11_TB_§2_2_2,09_key_not_verified,автоматическая перепроверка ключа + ручная проверка расхождений,09_key_not_verified;10_latex_meaning_differs,
G11_TB_§2_2_21,07_duplicate_question_conflicting_key,"сравнить копии, оставить верную, остальные отключить",07_duplicate_question_conflicting_key,
G11_TB_§2_2_22_а,10_latex_meaning_differs,проверить до переключения показа на question_latex,10_latex_meaning_differs,
G11_TB_§2_2_24_а,10_latex_meaning_differs,проверить до переключения показа на question_latex,10_latex_meaning_differs,
G11_TB_§2_2_24_б,10_latex_meaning_differs,проверить до переключения показа на question_latex,10_latex_meaning_differs,
G11_TB_§2_2_24_в,10_latex_meaning_differs,проверить до переключения показа на question_latex,10_latex_meaning_differs,
G11_TB_§2_2_24_г,10_latex_meaning_differs,проверить до переключения показа на question_latex,10_latex_meaning_differs,
G11_TB_§2_2_25_а,10_latex_meaning_differs,проверить до переключения показа на question_latex,10_latex_meaning_differs,
G11_TB_§2_2_25_б,10_latex_meaning_differs,проверить до переключения показа на question_latex,10_latex_meaning_differs,
G11_TB_§2_2_25_в,10_latex_meaning_differs,проверить до переключения показа на question_latex,10_latex_meaning_differs,
G11_TB_§2_2_27_в,07_duplicate_question_conflicting_key,"сравнить копии, оставить верную, остальные отключить",07_duplicate_question_conflicting_key,
G11_TB_§2_2_3,09_key_not_verified,автоматическая перепроверка ключа + ручная проверка расхождений,09_key_not_verified;10_latex_meaning_differs,
G11_TB_§2_2_30_а,10_latex_meaning_differs,проверить до переключения показа на question_latex,10_latex_meaning_differs,
G11_TB_§2_2_30_б,10_latex_meaning_differs,проверить до переключения показа на question_latex,10_latex_meaning_differs,
G11_TB_§2_2_30_в,10_latex_meaning_differs,проверить до переключения показа на question_latex,10_latex_meaning_differs,
G11_TB_§2_2_30_г,10_latex_meaning_differs,проверить до переключения показа на question_latex,10_latex_meaning_differs,
G11_TB_§2_2_32_а,09_key_not_verified,автоматическая перепроверка ключа + ручная проверка расхождений,09_key_not_verified,
G11_TB_§2_2_32_б,09_key_not_verified,автоматическая перепроверка ключа + ручная проверка расхождений,09_key_not_verified,
G11_TB_§2_2_32_д,09_key_not_verified,автоматическая перепроверка ключа + ручная проверка расхождений,09_key_not_verified,
G11_TB_§2_2_32_е,09_key_not_verified,автоматическая перепроверка ключа + ручная проверка расхождений,09_key_not_verified,
G11_TB_§2_2_33_б,09_key_not_verified,автоматическая перепроверка ключа + ручная проверка расхождений,09_key_not_verified,
G11_TB_§2_2_33_в,12_extra_copy_of_identical_task,отключить лишнюю копию (оставить одну),12_extra_copy_of_identical_task,
G11_TB_§2_2_33_г,09_key_not_verified,автоматическая перепроверка ключа + ручная проверка расхождений,09_key_not_verified;12_extra_copy_of_identical_task,
G11_TB_§2_2_34_a,09_key_not_verified,автоматическая перепроверка ключа + ручная проверка расхождений,09_key_not_verified,
G11_TB_§2_2_34_б,07_duplicate_question_conflicting_key,"сравнить копии, оставить верную, остальные отключить",07_duplicate_question_conflicting_key;09_key_not_verified,
G11_TB_§2_2_34_в,09_key_not_verified,автоматическая перепроверка ключа + ручная проверка расхождений,09_key_not_verified;12_extra_copy_of_identical_task,
G11_TB_§2_2_35_а,12_extra_copy_of_identical_task,отключить лишнюю копию (оставить одну),12_extra_copy_of_identical_task,
G11_TB_§2_2_35_б,07_duplicate_question_conflicting_key,"сравнить копии, оставить верную, остальные отключить",07_duplicate_question_conflicting_key,
G11_TB_§2_2_36_а,07_duplicate_question_conflicting_key,"сравнить копии, оставить верную, остальные отключить",07_duplicate_question_conflicting_key,
G11_TB_§2_2_36_б,07_duplicate_question_conflicting_key,"сравнить копии, оставить верную, остальные отключить",07_duplicate_question_conflicting_key,
G11_TB_§2_2_36_в,07_duplicate_question_conflicting_key,"сравнить копии, оставить верную, остальные отключить",07_duplicate_question_conflicting_key,
G11_TB_§2_2_37,07_duplicate_question_conflicting_key,"сравнить копии, оставить верную, остальные отключить",07_duplicate_question_conflicting_key,
G11_TB_§2_2_38,07_duplicate_question_conflicting_key,"сравнить копии, оставить верную, остальные отключить",07_duplicate_question_conflicting_key,
G11_TB_§2_2_4,06_correct_lookalike_graded_wrong,исправляется кодом диагностики (оценка по выбранному варианту),06_correct_lookalike_graded_wrong;09_key_not_verified;10_latex_meaning_differs,
G11_TB_§2_3_1,10_latex_meaning_differs,проверить до переключения показа на question_latex,10_latex_meaning_differs,
G11_TB_§2_5,06_correct_lookalike_graded_wrong,исправляется кодом диагностики (оценка по выбранному варианту),06_correct_lookalike_graded_wrong,
G11_TB_§2_5_4,09_key_not_verified,автоматическая перепроверка ключа + ручная проверка расхождений,09_key_not_verified,
G11_TB_§2_6_1,09_key_not_verified,автоматическая перепроверка ключа + ручная проверка расхождений,09_key_not_verified,
G11_TB_§2_6_2,06_correct_lookalike_graded_wrong,исправляется кодом диагностики (оценка по выбранному варианту),06_correct_lookalike_graded_wrong;09_key_not_verified,
G11_TB_§2_6_4,09_key_not_verified,автоматическая перепроверка ключа + ручная проверка расхождений,09_key_not_verified,
G11_TB_§2_8_1,09_key_not_verified,автоматическая перепроверка ключа + ручная проверка расхождений,09_key_not_verified,
G11_TB_§2_8_2,06_correct_lookalike_graded_wrong,исправляется кодом диагностики (оценка по выбранному варианту),06_correct_lookalike_graded_wrong,
G11_TB_§2_8_3,09_key_not_verified,автоматическая перепроверка ключа + ручная проверка расхождений,09_key_not_verified,
G11_TB_§2_8_4,09_key_not_verified,автоматическая перепроверка ключа + ручная проверка расхождений,09_key_not_verified,
G11_TB_§3_1,03_proof_task,отключить в диагностике/экзаменах (автоматически не проверяется),03_proof_task,
G11_TB_§3_10_1,09_key_not_verified,автоматическая перепроверка ключа + ручная проверка расхождений,09_key_not_verified,
G11_TB_§3_10_3,09_key_not_verified,автоматическая перепроверка ключа + ручная проверка расхождений,09_key_not_verified,
G11_TB_§3_10_5,06_correct_lookalike_graded_wrong,исправляется кодом диагностики (оценка по выбранному варианту),06_correct_lookalike_graded_wrong;09_key_not_verified,
G11_TB_§3_10_6,09_key_not_verified,автоматическая перепроверка ключа + ручная проверка расхождений,09_key_not_verified,
G11_TB_§3_10_7,09_key_not_verified,автоматическая перепроверка ключа + ручная проверка расхождений,09_key_not_verified,
G11_TB_§3_11_3,09_key_not_verified,автоматическая перепроверка ключа + ручная проверка расхождений,09_key_not_verified,
G11_TB_§3_11_5,09_key_not_verified,автоматическая перепроверка ключа + ручная проверка расхождений,09_key_not_verified,
G11_TB_§3_12_4,09_key_not_verified,автоматическая перепроверка ключа + ручная проверка расхождений,09_key_not_verified,
G11_TB_§3_1_3,06_correct_lookalike_graded_wrong,исправляется кодом диагностики (оценка по выбранному варианту),06_correct_lookalike_graded_wrong,
G11_TB_§3_1_6,06_correct_lookalike_graded_wrong,исправляется кодом диагностики (оценка по выбранному варианту),06_correct_lookalike_graded_wrong,
G11_TB_§3_2,03_proof_task,отключить в диагностике/экзаменах (автоматически не проверяется),03_proof_task,
G11_TB_§3_2_4,09_key_not_verified,автоматическая перепроверка ключа + ручная проверка расхождений,09_key_not_verified,
G11_TB_§3_2_40_1,09_key_not_verified,автоматическая перепроверка ключа + ручная проверка расхождений,09_key_not_verified,
G11_TB_§3_2_40_2,09_key_not_verified,автоматическая перепроверка ключа + ручная проверка расхождений,09_key_not_verified,
G11_TB_§3_2_40_3,09_key_not_verified,автоматическая перепроверка ключа + ручная проверка расхождений,09_key_not_verified,
G11_TB_§3_2_40_4,09_key_not_verified,автоматическая перепроверка ключа + ручная проверка расхождений,09_key_not_verified,
G11_TB_§3_2_40_5,09_key_not_verified,автоматическая перепроверка ключа + ручная проверка расхождений,09_key_not_verified,
G11_TB_§3_2_40_6,09_key_not_verified,автоматическая перепроверка ключа + ручная проверка расхождений,09_key_not_verified,
G11_TB_§3_2_40_7,09_key_not_verified,автоматическая перепроверка ключа + ручная проверка расхождений,09_key_not_verified,
G11_TB_§3_2_40_8,09_key_not_verified,автоматическая перепроверка ключа + ручная проверка расхождений,09_key_not_verified,
G11_TB_§3_3,03_proof_task,отключить в диагностике/экзаменах (автоматически не проверяется),03_proof_task,
G11_TB_§3_3_11,07_duplicate_question_conflicting_key,"сравнить копии, оставить верную, остальные отключить",07_duplicate_question_conflicting_key;09_key_not_verified,
G11_TB_§3_3_12_а,10_latex_meaning_differs,проверить до переключения показа на question_latex,10_latex_meaning_differs,
G11_TB_§3_3_12_б,10_latex_meaning_differs,проверить до переключения показа на question_latex,10_latex_meaning_differs,
G11_TB_§3_3_13_а,10_latex_meaning_differs,проверить до переключения показа на question_latex,10_latex_meaning_differs,
G11_TB_§3_3_13_б,10_latex_meaning_differs,проверить до переключения показа на question_latex,10_latex_meaning_differs,
G11_TB_§3_3_15_a,07_duplicate_question_conflicting_key,"сравнить копии, оставить верную, остальные отключить",07_duplicate_question_conflicting_key,
G11_TB_§3_3_15_b,07_duplicate_question_conflicting_key,"сравнить копии, оставить верную, остальные отключить",07_duplicate_question_conflicting_key,
G11_TB_§3_3_15_g,07_duplicate_question_conflicting_key,"сравнить копии, оставить верную, остальные отключить",07_duplicate_question_conflicting_key,
G11_TB_§3_3_15_v,07_duplicate_question_conflicting_key,"сравнить копии, оставить верную, остальные отключить",07_duplicate_question_conflicting_key,
G11_TB_§3_3_16_a,10_latex_meaning_differs,проверить до переключения показа на question_latex,10_latex_meaning_differs;12_extra_copy_of_identical_task,
G11_TB_§3_3_16_b,10_latex_meaning_differs,проверить до переключения показа на question_latex,10_latex_meaning_differs;12_extra_copy_of_identical_task,
G11_TB_§3_3_17_a,10_latex_meaning_differs,проверить до переключения показа на question_latex,10_latex_meaning_differs;12_extra_copy_of_identical_task,
G11_TB_§3_3_17_b,10_latex_meaning_differs,проверить до переключения показа на question_latex,10_latex_meaning_differs;12_extra_copy_of_identical_task,
G11_TB_§3_3_17_g,10_latex_meaning_differs,проверить до переключения показа на question_latex,10_latex_meaning_differs;12_extra_copy_of_identical_task,
G11_TB_§3_3_17_v,10_latex_meaning_differs,проверить до переключения показа на question_latex,10_latex_meaning_differs;12_extra_copy_of_identical_task,
G11_TB_§3_3_3_а,12_extra_copy_of_identical_task,отключить лишнюю копию (оставить одну),12_extra_copy_of_identical_task,
G11_TB_§3_3_3_б,12_extra_copy_of_identical_task,отключить лишнюю копию (оставить одну),12_extra_copy_of_identical_task,
G11_TB_§3_3_3_в,12_extra_copy_of_identical_task,отключить лишнюю копию (оставить одну),12_extra_copy_of_identical_task,
G11_TB_§3_3_3_г,12_extra_copy_of_identical_task,отключить лишнюю копию (оставить одну),12_extra_copy_of_identical_task,
G11_TB_§3_3_3_д,09_key_not_verified,автоматическая перепроверка ключа + ручная проверка расхождений,09_key_not_verified;12_extra_copy_of_identical_task,
G11_TB_§3_3_3_е,09_key_not_verified,автоматическая перепроверка ключа + ручная проверка расхождений,09_key_not_verified;12_extra_copy_of_identical_task,
G11_TB_§3_3_3_ж,12_extra_copy_of_identical_task,отключить лишнюю копию (оставить одну),12_extra_copy_of_identical_task,
G11_TB_§3_3_3_з,12_extra_copy_of_identical_task,отключить лишнюю копию (оставить одну),12_extra_copy_of_identical_task,
G11_TB_§3_3_4,09_key_not_verified,автоматическая перепроверка ключа + ручная проверка расхождений,09_key_not_verified,
G11_TB_§3_3_6_а,07_duplicate_question_conflicting_key,"сравнить копии, оставить верную, остальные отключить",07_duplicate_question_conflicting_key,
G11_TB_§3_3_6_б,10_latex_meaning_differs,проверить до переключения показа на question_latex,10_latex_meaning_differs;12_extra_copy_of_identical_task,
G11_TB_§3_3_6_в,07_duplicate_question_conflicting_key,"сравнить копии, оставить верную, остальные отключить",07_duplicate_question_conflicting_key,
G11_TB_§3_3_7_а,07_duplicate_question_conflicting_key,"сравнить копии, оставить верную, остальные отключить",07_duplicate_question_conflicting_key,
G11_TB_§3_3_7_б,07_duplicate_question_conflicting_key,"сравнить копии, оставить верную, остальные отключить",07_duplicate_question_conflicting_key,
G11_TB_§3_3_7_в,07_duplicate_question_conflicting_key,"сравнить копии, оставить верную, остальные отключить",07_duplicate_question_conflicting_key,
G11_TB_§3_3_7_г,07_duplicate_question_conflicting_key,"сравнить копии, оставить верную, остальные отключить",07_duplicate_question_conflicting_key,
G11_TB_§3_3_7_д,07_duplicate_question_conflicting_key,"сравнить копии, оставить верную, остальные отключить",07_duplicate_question_conflicting_key,
G11_TB_§3_3_7_е,07_duplicate_question_conflicting_key,"сравнить копии, оставить верную, остальные отключить",07_duplicate_question_conflicting_key,
G11_TB_§3_4,03_proof_task,отключить в диагностике/экзаменах (автоматически не проверяется),03_proof_task;10_latex_meaning_differs,
G11_TB_§3_4_1,09_key_not_verified,автоматическая перепроверка ключа + ручная проверка расхождений,09_key_not_verified,
G11_TB_§3_4_3,09_key_not_verified,автоматическая перепроверка ключа + ручная проверка расхождений,09_key_not_verified,
G11_TB_§3_4_4,09_key_not_verified,автоматическая перепроверка ключа + ручная проверка расхождений,09_key_not_verified,
G11_TB_§3_5_2,09_key_not_verified,автоматическая перепроверка ключа + ручная проверка расхождений,09_key_not_verified,
G11_TB_§3_6_3,06_correct_lookalike_graded_wrong,исправляется кодом диагностики (оценка по выбранному варианту),06_correct_lookalike_graded_wrong;09_key_not_verified,
G11_TB_§3_86_в,10_latex_meaning_differs,проверить до переключения показа на question_latex,10_latex_meaning_differs,
G11_TB_§3_8_3,09_key_not_verified,автоматическая перепроверка ключа + ручная проверка расхождений,09_key_not_verified,
G11_TB_§3_8_4,09_key_not_verified,автоматическая перепроверка ключа + ручная проверка расхождений,09_key_not_verified,
G11_TB_§3_9_4,06_correct_lookalike_graded_wrong,исправляется кодом диагностики (оценка по выбранному варианту),06_correct_lookalike_graded_wrong;09_key_not_verified,
G11_TB_§4_1,10_latex_meaning_differs,проверить до переключения показа на question_latex,10_latex_meaning_differs,
G11_TB_§4_10_1,09_key_not_verified,автоматическая перепроверка ключа + ручная проверка расхождений,09_key_not_verified,
G11_TB_§4_10_2,09_key_not_verified,автоматическая перепроверка ключа + ручная проверка расхождений,09_key_not_verified,
G11_TB_§4_10_3,09_key_not_verified,автоматическая перепроверка ключа + ручная проверка расхождений,09_key_not_verified,
G11_TB_§4_10_4,09_key_not_verified,автоматическая перепроверка ключа + ручная проверка расхождений,09_key_not_verified,
G11_TB_§4_11_1,06_correct_lookalike_graded_wrong,исправляется кодом диагностики (оценка по выбранному варианту),06_correct_lookalike_graded_wrong,
G11_TB_§4_11_2,06_correct_lookalike_graded_wrong,исправляется кодом диагностики (оценка по выбранному варианту),06_correct_lookalike_graded_wrong,
G11_TB_§4_12_2,09_key_not_verified,автоматическая перепроверка ключа + ручная проверка расхождений,09_key_not_verified,
G11_TB_§4_12_3,09_key_not_verified,автоматическая перепроверка ключа + ручная проверка расхождений,09_key_not_verified,
G11_TB_§4_1_1,06_correct_lookalike_graded_wrong,исправляется кодом диагностики (оценка по выбранному варианту),06_correct_lookalike_graded_wrong;09_key_not_verified,
G11_TB_§4_1_2,09_key_not_verified,автоматическая перепроверка ключа + ручная проверка расхождений,09_key_not_verified,
G11_TB_§4_2_1,09_key_not_verified,автоматическая перепроверка ключа + ручная проверка расхождений,09_key_not_verified,
G11_TB_§4_2_2,09_key_not_verified,автоматическая перепроверка ключа + ручная проверка расхождений,09_key_not_verified,
G11_TB_§4_2_3,09_key_not_verified,автоматическая перепроверка ключа + ручная проверка расхождений,09_key_not_verified,
G11_TB_§4_2_4,09_key_not_verified,автоматическая перепроверка ключа + ручная проверка расхождений,09_key_not_verified,
G11_TB_§4_3,12_extra_copy_of_identical_task,отключить лишнюю копию (оставить одну),12_extra_copy_of_identical_task,
G11_TB_§4_3_1,09_key_not_verified,автоматическая перепроверка ключа + ручная проверка расхождений,09_key_not_verified,
G11_TB_§4_3_18,07_duplicate_question_conflicting_key,"сравнить копии, оставить верную, остальные отключить",07_duplicate_question_conflicting_key,
G11_TB_§4_3_2,09_key_not_verified,автоматическая перепроверка ключа + ручная проверка расхождений,09_key_not_verified,
G11_TB_§4_3_22_а,09_key_not_verified,автоматическая перепроверка ключа + ручная проверка расхождений,09_key_not_verified,
G11_TB_§4_3_22_б,09_key_not_verified,автоматическая перепроверка ключа + ручная проверка расхождений,09_key_not_verified,
G11_TB_§4_3_3,09_key_not_verified,автоматическая перепроверка ключа + ручная проверка расхождений,09_key_not_verified,
G11_TB_§4_3_4,09_key_not_verified,автоматическая перепроверка ключа + ручная проверка расхождений,09_key_not_verified,
G11_TB_§4_4,12_extra_copy_of_identical_task,отключить лишнюю копию (оставить одну),12_extra_copy_of_identical_task,
G11_TB_§4_4_1,09_key_not_verified,автоматическая перепроверка ключа + ручная проверка расхождений,09_key_not_verified,
G11_TB_§4_4_15_а,06_correct_lookalike_graded_wrong,исправляется кодом диагностики (оценка по выбранному варианту),06_correct_lookalike_graded_wrong;12_extra_copy_of_identical_task,
G11_TB_§4_4_15_б,07_duplicate_question_conflicting_key,"сравнить копии, оставить верную, остальные отключить",07_duplicate_question_conflicting_key,
G11_TB_§4_4_16,03_proof_task,отключить в диагностике/экзаменах (автоматически не проверяется),03_proof_task;07_duplicate_question_conflicting_key,
G11_TB_§4_4_17_а,12_extra_copy_of_identical_task,отключить лишнюю копию (оставить одну),12_extra_copy_of_identical_task,
G11_TB_§4_4_17_б,12_extra_copy_of_identical_task,отключить лишнюю копию (оставить одну),12_extra_copy_of_identical_task,
G11_TB_§4_4_17_в,12_extra_copy_of_identical_task,отключить лишнюю копию (оставить одну),12_extra_copy_of_identical_task,
G11_TB_§4_4_17_г,12_extra_copy_of_identical_task,отключить лишнюю копию (оставить одну),12_extra_copy_of_identical_task,
G11_TB_§4_4_17_д,12_extra_copy_of_identical_task,отключить лишнюю копию (оставить одну),12_extra_copy_of_identical_task,
G11_TB_§4_4_17_е,12_extra_copy_of_identical_task,отключить лишнюю копию (оставить одну),12_extra_copy_of_identical_task,
G11_TB_§4_4_17_ж,12_extra_copy_of_identical_task,отключить лишнюю копию (оставить одну),12_extra_copy_of_identical_task,
G11_TB_§4_4_17_з,09_key_not_verified,автоматическая перепроверка ключа + ручная проверка расхождений,09_key_not_verified;12_extra_copy_of_identical_task,
G11_TB_§4_4_17_и,12_extra_copy_of_identical_task,отключить лишнюю копию (оставить одну),12_extra_copy_of_identical_task,
G11_TB_§4_4_18_а,12_extra_copy_of_identical_task,отключить лишнюю копию (оставить одну),12_extra_copy_of_identical_task,
G11_TB_§4_4_18_б,12_extra_copy_of_identical_task,отключить лишнюю копию (оставить одну),12_extra_copy_of_identical_task,
G11_TB_§4_4_18_в,12_extra_copy_of_identical_task,отключить лишнюю копию (оставить одну),12_extra_copy_of_identical_task,
G11_TB_§4_4_18_г,12_extra_copy_of_identical_task,отключить лишнюю копию (оставить одну),12_extra_copy_of_identical_task,
G11_TB_§4_4_18_д,12_extra_copy_of_identical_task,отключить лишнюю копию (оставить одну),12_extra_copy_of_identical_task,
G11_TB_§4_4_18_е,12_extra_copy_of_identical_task,отключить лишнюю копию (оставить одну),12_extra_copy_of_identical_task,
G11_TB_§4_4_18_ж,12_extra_copy_of_identical_task,отключить лишнюю копию (оставить одну),12_extra_copy_of_identical_task,
G11_TB_§4_4_18_з,09_key_not_verified,автоматическая перепроверка ключа + ручная проверка расхождений,09_key_not_verified;12_extra_copy_of_identical_task,
G11_TB_§4_4_19_а,12_extra_copy_of_identical_task,отключить лишнюю копию (оставить одну),12_extra_copy_of_identical_task,
G11_TB_§4_4_19_б,12_extra_copy_of_identical_task,отключить лишнюю копию (оставить одну),12_extra_copy_of_identical_task,
G11_TB_§4_4_19_в,12_extra_copy_of_identical_task,отключить лишнюю копию (оставить одну),12_extra_copy_of_identical_task,
G11_TB_§4_4_19_д,12_extra_copy_of_identical_task,отключить лишнюю копию (оставить одну),12_extra_copy_of_identical_task,
G11_TB_§4_4_19_е,12_extra_copy_of_identical_task,отключить лишнюю копию (оставить одну),12_extra_copy_of_identical_task,
G11_TB_§4_4_20_а,12_extra_copy_of_identical_task,отключить лишнюю копию (оставить одну),12_extra_copy_of_identical_task,
G11_TB_§4_4_20_б,09_key_not_verified,автоматическая перепроверка ключа + ручная проверка расхождений,09_key_not_verified;12_extra_copy_of_identical_task,
G11_TB_§4_4_20_в,12_extra_copy_of_identical_task,отключить лишнюю копию (оставить одну),12_extra_copy_of_identical_task,
G11_TB_§4_4_20_г,09_key_not_verified,автоматическая перепроверка ключа + ручная проверка расхождений,09_key_not_verified;12_extra_copy_of_identical_task,
G11_TB_§4_4_21_а,09_key_not_verified,автоматическая перепроверка ключа + ручная проверка расхождений,09_key_not_verified;12_extra_copy_of_identical_task,
G11_TB_§4_4_21_б,09_key_not_verified,автоматическая перепроверка ключа + ручная проверка расхождений,09_key_not_verified;12_extra_copy_of_identical_task,
G11_TB_§4_4_21_в,07_duplicate_question_conflicting_key,"сравнить копии, оставить верную, остальные отключить",07_duplicate_question_conflicting_key;09_key_not_verified,
G11_TB_§4_4_21_г,09_key_not_verified,автоматическая перепроверка ключа + ручная проверка расхождений,09_key_not_verified;12_extra_copy_of_identical_task,
G11_TB_§4_4_22_а,12_extra_copy_of_identical_task,отключить лишнюю копию (оставить одну),12_extra_copy_of_identical_task,
G11_TB_§4_4_22_б,09_key_not_verified,автоматическая перепроверка ключа + ручная проверка расхождений,09_key_not_verified;12_extra_copy_of_identical_task,
G11_TB_§4_4_22_в,12_extra_copy_of_identical_task,отключить лишнюю копию (оставить одну),12_extra_copy_of_identical_task,
G11_TB_§4_4_22_г,12_extra_copy_of_identical_task,отключить лишнюю копию (оставить одну),12_extra_copy_of_identical_task,
G11_TB_§4_4_26_1,07_duplicate_question_conflicting_key,"сравнить копии, оставить верную, остальные отключить",07_duplicate_question_conflicting_key,
G11_TB_§4_4_26_2,07_duplicate_question_conflicting_key,"сравнить копии, оставить верную, остальные отключить",07_duplicate_question_conflicting_key,
G11_TB_§4_4_26_3,07_duplicate_question_conflicting_key,"сравнить копии, оставить верную, остальные отключить",07_duplicate_question_conflicting_key;09_key_not_verified,
G11_TB_§4_4_29,07_duplicate_question_conflicting_key,"сравнить копии, оставить верную, остальные отключить",07_duplicate_question_conflicting_key,
G11_TB_§4_4_2_1,09_key_not_verified,автоматическая перепроверка ключа + ручная проверка расхождений,09_key_not_verified;10_latex_meaning_differs,
G11_TB_§4_4_2_2,09_key_not_verified,автоматическая перепроверка ключа + ручная проверка расхождений,09_key_not_verified;10_latex_meaning_differs,
G11_TB_§4_4_2_4,02_pipeline_flagged_invalid,проверить вручную: исправить или отключить,02_pipeline_flagged_invalid;09_key_not_verified,
G11_TB_§4_4_3,09_key_not_verified,автоматическая перепроверка ключа + ручная проверка расхождений,09_key_not_verified,
G11_TB_§4_4_30_2,09_key_not_verified,автоматическая перепроверка ключа + ручная проверка расхождений,09_key_not_verified;12_extra_copy_of_identical_task,
G11_TB_§4_4_30_3,09_key_not_verified,автоматическая перепроверка ключа + ручная проверка расхождений,09_key_not_verified;12_extra_copy_of_identical_task,
G11_TB_§4_4_30_4,09_key_not_verified,автоматическая перепроверка ключа + ручная проверка расхождений,09_key_not_verified;12_extra_copy_of_identical_task,
G11_TB_§4_4_30_6,09_key_not_verified,автоматическая перепроверка ключа + ручная проверка расхождений,09_key_not_verified;12_extra_copy_of_identical_task,
G11_TB_§4_4_31_1,09_key_not_verified,автоматическая перепроверка ключа + ручная проверка расхождений,09_key_not_verified;12_extra_copy_of_identical_task,
G11_TB_§4_4_31_2,09_key_not_verified,автоматическая перепроверка ключа + ручная проверка расхождений,09_key_not_verified;12_extra_copy_of_identical_task,
G11_TB_§4_4_31_3,09_key_not_verified,автоматическая перепроверка ключа + ручная проверка расхождений,09_key_not_verified;12_extra_copy_of_identical_task,
G11_TB_§4_4_31_4,09_key_not_verified,автоматическая перепроверка ключа + ручная проверка расхождений,09_key_not_verified;12_extra_copy_of_identical_task,
G11_TB_§4_4_33_а,12_extra_copy_of_identical_task,отключить лишнюю копию (оставить одну),12_extra_copy_of_identical_task,
G11_TB_§4_4_33_б,12_extra_copy_of_identical_task,отключить лишнюю копию (оставить одну),12_extra_copy_of_identical_task,
G11_TB_§4_4_33_в,12_extra_copy_of_identical_task,отключить лишнюю копию (оставить одну),12_extra_copy_of_identical_task,
G11_TB_§4_4_33_г,09_key_not_verified,автоматическая перепроверка ключа + ручная проверка расхождений,09_key_not_verified,
G11_TB_§4_4_33_и,09_key_not_verified,автоматическая перепроверка ключа + ручная проверка расхождений,09_key_not_verified,
G11_TB_§4_4_34_г,09_key_not_verified,автоматическая перепроверка ключа + ручная проверка расхождений,09_key_not_verified,
G11_TB_§4_4_36,12_extra_copy_of_identical_task,отключить лишнюю копию (оставить одну),12_extra_copy_of_identical_task,
G11_TB_§4_4_38_а,09_key_not_verified,автоматическая перепроверка ключа + ручная проверка расхождений,09_key_not_verified,
G11_TB_§4_4_38_б,09_key_not_verified,автоматическая перепроверка ключа + ручная проверка расхождений,09_key_not_verified,
G11_TB_§4_4_38_в,09_key_not_verified,автоматическая перепроверка ключа + ручная проверка расхождений,09_key_not_verified,
G11_TB_§4_4_39_а,09_key_not_verified,автоматическая перепроверка ключа + ручная проверка расхождений,09_key_not_verified,
G11_TB_§4_4_39_б,09_key_not_verified,автоматическая перепроверка ключа + ручная проверка расхождений,09_key_not_verified,
G11_TB_§4_4_39_в,09_key_not_verified,автоматическая перепроверка ключа + ручная проверка расхождений,09_key_not_verified,
G11_TB_§4_4_3_1,10_latex_meaning_differs,проверить до переключения показа на question_latex,10_latex_meaning_differs,
G11_TB_§4_4_3_4,10_latex_meaning_differs,проверить до переключения показа на question_latex,10_latex_meaning_differs,
G11_TB_§4_4_3_5,10_latex_meaning_differs,проверить до переключения показа на question_latex,10_latex_meaning_differs,
G11_TB_§4_4_3_6,10_latex_meaning_differs,проверить до переключения показа на question_latex,10_latex_meaning_differs,
G11_TB_§4_4_40_а,09_key_not_verified,автоматическая перепроверка ключа + ручная проверка расхождений,09_key_not_verified,
G11_TB_§4_4_40_б,09_key_not_verified,автоматическая перепроверка ключа + ручная проверка расхождений,09_key_not_verified,
G11_TB_§4_4_40_в,09_key_not_verified,автоматическая перепроверка ключа + ручная проверка расхождений,09_key_not_verified,
G11_TB_§4_4_41_а,09_key_not_verified,автоматическая перепроверка ключа + ручная проверка расхождений,09_key_not_verified,
G11_TB_§4_4_41_б,09_key_not_verified,автоматическая перепроверка ключа + ручная проверка расхождений,09_key_not_verified,
G11_TB_§4_4_41_в,09_key_not_verified,автоматическая перепроверка ключа + ручная проверка расхождений,09_key_not_verified,
G11_TB_§4_4_42_а,09_key_not_verified,автоматическая перепроверка ключа + ручная проверка расхождений,09_key_not_verified,
G11_TB_§4_4_42_б,09_key_not_verified,автоматическая перепроверка ключа + ручная проверка расхождений,09_key_not_verified,
G11_TB_§4_4_42_в,09_key_not_verified,автоматическая перепроверка ключа + ручная проверка расхождений,09_key_not_verified,
G11_TB_§4_4_42_г,09_key_not_verified,автоматическая перепроверка ключа + ручная проверка расхождений,09_key_not_verified,
G11_TB_§4_4_43_а,09_key_not_verified,автоматическая перепроверка ключа + ручная проверка расхождений,09_key_not_verified,
G11_TB_§4_4_43_б,09_key_not_verified,автоматическая перепроверка ключа + ручная проверка расхождений,09_key_not_verified,
G11_TB_§4_4_43_в,09_key_not_verified,автоматическая перепроверка ключа + ручная проверка расхождений,09_key_not_verified,
G11_TB_§4_4_44_а,09_key_not_verified,автоматическая перепроверка ключа + ручная проверка расхождений,09_key_not_verified,
G11_TB_§4_4_44_б,09_key_not_verified,автоматическая перепроверка ключа + ручная проверка расхождений,09_key_not_verified,
G11_TB_§4_4_44_в,09_key_not_verified,автоматическая перепроверка ключа + ручная проверка расхождений,09_key_not_verified,
G11_TB_§4_4_44_г,09_key_not_verified,автоматическая перепроверка ключа + ручная проверка расхождений,09_key_not_verified,
G11_TB_§4_4_44_д,09_key_not_verified,автоматическая перепроверка ключа + ручная проверка расхождений,09_key_not_verified,
G11_TB_§4_4_44_е,09_key_not_verified,автоматическая перепроверка ключа + ручная проверка расхождений,09_key_not_verified,
G11_TB_§4_4_44_ж,09_key_not_verified,автоматическая перепроверка ключа + ручная проверка расхождений,09_key_not_verified,
G11_TB_§4_4_44_з,09_key_not_verified,автоматическая перепроверка ключа + ручная проверка расхождений,09_key_not_verified,
G11_TB_§4_4_44_и,09_key_not_verified,автоматическая перепроверка ключа + ручная проверка расхождений,09_key_not_verified,
G11_TB_§4_4_45_а,09_key_not_verified,автоматическая перепроверка ключа + ручная проверка расхождений,09_key_not_verified,
G11_TB_§4_4_45_б,09_key_not_verified,автоматическая перепроверка ключа + ручная проверка расхождений,09_key_not_verified,
G11_TB_§4_4_45_в,09_key_not_verified,автоматическая перепроверка ключа + ручная проверка расхождений,09_key_not_verified,
G11_TB_§4_4_45_г,09_key_not_verified,автоматическая перепроверка ключа + ручная проверка расхождений,09_key_not_verified,
G11_TB_§4_4_46_а,09_key_not_verified,автоматическая перепроверка ключа + ручная проверка расхождений,09_key_not_verified,
G11_TB_§4_4_46_б,09_key_not_verified,автоматическая перепроверка ключа + ручная проверка расхождений,09_key_not_verified,
G11_TB_§4_4_46_в,09_key_not_verified,автоматическая перепроверка ключа + ручная проверка расхождений,09_key_not_verified,
G11_TB_§4_4_46_г,09_key_not_verified,автоматическая перепроверка ключа + ручная проверка расхождений,09_key_not_verified,
G11_TB_§4_4_47,03_proof_task,отключить в диагностике/экзаменах (автоматически не проверяется),03_proof_task,
G11_TB_§4_4_48_б,09_key_not_verified,автоматическая перепроверка ключа + ручная проверка расхождений,09_key_not_verified,
G11_TB_§4_4_48_в,09_key_not_verified,автоматическая перепроверка ключа + ручная проверка расхождений,09_key_not_verified,
G11_TB_§4_4_52_1,09_key_not_verified,автоматическая перепроверка ключа + ручная проверка расхождений,09_key_not_verified;12_extra_copy_of_identical_task,
G11_TB_§4_4_52_2,09_key_not_verified,автоматическая перепроверка ключа + ручная проверка расхождений,09_key_not_verified;12_extra_copy_of_identical_task,
G11_TB_§4_4_52_3,09_key_not_verified,автоматическая перепроверка ключа + ручная проверка расхождений,09_key_not_verified;12_extra_copy_of_identical_task,
G11_TB_§4_4_52_4,12_extra_copy_of_identical_task,отключить лишнюю копию (оставить одну),12_extra_copy_of_identical_task,
G11_TB_§4_4_53_1,09_key_not_verified,автоматическая перепроверка ключа + ручная проверка расхождений,09_key_not_verified;12_extra_copy_of_identical_task,
G11_TB_§4_4_53_2,09_key_not_verified,автоматическая перепроверка ключа + ручная проверка расхождений,09_key_not_verified;12_extra_copy_of_identical_task,
G11_TB_§4_4_53_3,09_key_not_verified,автоматическая перепроверка ключа + ручная проверка расхождений,09_key_not_verified;12_extra_copy_of_identical_task,
G11_TB_§4_4_53_4,09_key_not_verified,автоматическая перепроверка ключа + ручная проверка расхождений,09_key_not_verified;12_extra_copy_of_identical_task,
G11_TB_§4_4_53_5,09_key_not_verified,автоматическая перепроверка ключа + ручная проверка расхождений,09_key_not_verified;12_extra_copy_of_identical_task,
G11_TB_§4_4_53_6,09_key_not_verified,автоматическая перепроверка ключа + ручная проверка расхождений,09_key_not_verified;12_extra_copy_of_identical_task,
G11_TB_§4_4_53_7,09_key_not_verified,автоматическая перепроверка ключа + ручная проверка расхождений,09_key_not_verified;12_extra_copy_of_identical_task,
G11_TB_§4_4_53_8,09_key_not_verified,автоматическая перепроверка ключа + ручная проверка расхождений,09_key_not_verified;12_extra_copy_of_identical_task,
G11_TB_§4_4_53_9,09_key_not_verified,автоматическая перепроверка ключа + ручная проверка расхождений,09_key_not_verified;12_extra_copy_of_identical_task,
G11_TB_§4_4_54_1,09_key_not_verified,автоматическая перепроверка ключа + ручная проверка расхождений,09_key_not_verified;12_extra_copy_of_identical_task,
G11_TB_§4_4_54_2,09_key_not_verified,автоматическая перепроверка ключа + ручная проверка расхождений,09_key_not_verified;12_extra_copy_of_identical_task,
G11_TB_§4_4_54_3,09_key_not_verified,автоматическая перепроверка ключа + ручная проверка расхождений,09_key_not_verified;12_extra_copy_of_identical_task,
G11_TB_§4_4_54_4,09_key_not_verified,автоматическая перепроверка ключа + ручная проверка расхождений,09_key_not_verified;12_extra_copy_of_identical_task,
G11_TB_§4_4_54_5,09_key_not_verified,автоматическая перепроверка ключа + ручная проверка расхождений,09_key_not_verified;12_extra_copy_of_identical_task,
G11_TB_§4_4_54_6,09_key_not_verified,автоматическая перепроверка ключа + ручная проверка расхождений,09_key_not_verified;12_extra_copy_of_identical_task,
G11_TB_§4_4_55_1,09_key_not_verified,автоматическая перепроверка ключа + ручная проверка расхождений,09_key_not_verified;12_extra_copy_of_identical_task,
G11_TB_§4_4_55_2,09_key_not_verified,автоматическая перепроверка ключа + ручная проверка расхождений,09_key_not_verified;12_extra_copy_of_identical_task,
G11_TB_§4_4_55_3,09_key_not_verified,автоматическая перепроверка ключа + ручная проверка расхождений,09_key_not_verified;12_extra_copy_of_identical_task,
G11_TB_§4_4_55_4,09_key_not_verified,автоматическая перепроверка ключа + ручная проверка расхождений,09_key_not_verified;12_extra_copy_of_identical_task,
G11_TB_§4_4_56_1,09_key_not_verified,автоматическая перепроверка ключа + ручная проверка расхождений,09_key_not_verified;12_extra_copy_of_identical_task,
G11_TB_§4_4_56_2,09_key_not_verified,автоматическая перепроверка ключа + ручная проверка расхождений,09_key_not_verified;12_extra_copy_of_identical_task,
G11_TB_§4_4_56_3,09_key_not_verified,автоматическая перепроверка ключа + ручная проверка расхождений,09_key_not_verified;12_extra_copy_of_identical_task,
G11_TB_§4_4_56_4,07_duplicate_question_conflicting_key,"сравнить копии, оставить верную, остальные отключить",07_duplicate_question_conflicting_key;09_key_not_verified,
G11_TB_§4_4_57_1,12_extra_copy_of_identical_task,отключить лишнюю копию (оставить одну),12_extra_copy_of_identical_task,
G11_TB_§4_4_57_2,12_extra_copy_of_identical_task,отключить лишнюю копию (оставить одну),12_extra_copy_of_identical_task,
G11_TB_§4_4_57_3,09_key_not_verified,автоматическая перепроверка ключа + ручная проверка расхождений,09_key_not_verified;12_extra_copy_of_identical_task,
G11_TB_§4_4_57_4,07_duplicate_question_conflicting_key,"сравнить копии, оставить верную, остальные отключить",07_duplicate_question_conflicting_key;09_key_not_verified,
G11_TB_§4_4_58_1,12_extra_copy_of_identical_task,отключить лишнюю копию (оставить одну),12_extra_copy_of_identical_task,
G11_TB_§4_4_58_2,12_extra_copy_of_identical_task,отключить лишнюю копию (оставить одну),12_extra_copy_of_identical_task,
G11_TB_§4_4_58_3,09_key_not_verified,автоматическая перепроверка ключа + ручная проверка расхождений,09_key_not_verified;12_extra_copy_of_identical_task,
G11_TB_§4_4_58_4,09_key_not_verified,автоматическая перепроверка ключа + ручная проверка расхождений,09_key_not_verified;12_extra_copy_of_identical_task,
G11_TB_§4_4_58_5,09_key_not_verified,автоматическая перепроверка ключа + ручная проверка расхождений,09_key_not_verified;12_extra_copy_of_identical_task,
G11_TB_§4_4_58_6,09_key_not_verified,автоматическая перепроверка ключа + ручная проверка расхождений,09_key_not_verified;12_extra_copy_of_identical_task,
G11_TB_§4_4_58_7,09_key_not_verified,автоматическая перепроверка ключа + ручная проверка расхождений,09_key_not_verified;12_extra_copy_of_identical_task,
G11_TB_§4_4_58_8,09_key_not_verified,автоматическая перепроверка ключа + ручная проверка расхождений,09_key_not_verified,
G11_TB_§4_4_59_1,09_key_not_verified,автоматическая перепроверка ключа + ручная проверка расхождений,09_key_not_verified;12_extra_copy_of_identical_task,
G11_TB_§4_4_59_2,07_duplicate_question_conflicting_key,"сравнить копии, оставить верную, остальные отключить",07_duplicate_question_conflicting_key;09_key_not_verified,
G11_TB_§4_4_5_1,10_latex_meaning_differs,проверить до переключения показа на question_latex,10_latex_meaning_differs,
G11_TB_§4_4_5_2,10_latex_meaning_differs,проверить до переключения показа на question_latex,10_latex_meaning_differs,
G11_TB_§4_4_5_3,10_latex_meaning_differs,проверить до переключения показа на question_latex,10_latex_meaning_differs,
G11_TB_§4_4_5_4,10_latex_meaning_differs,проверить до переключения показа на question_latex,10_latex_meaning_differs,
G11_TB_§4_4_7_1,09_key_not_verified,автоматическая перепроверка ключа + ручная проверка расхождений,09_key_not_verified,
G11_TB_§4_5_1,09_key_not_verified,автоматическая перепроверка ключа + ручная проверка расхождений,09_key_not_verified,
G11_TB_§4_5_2,09_key_not_verified,автоматическая перепроверка ключа + ручная проверка расхождений,09_key_not_verified,
G11_TB_§4_5_3,09_key_not_verified,автоматическая перепроверка ключа + ручная проверка расхождений,09_key_not_verified,
G11_TB_§4_5_4,09_key_not_verified,автоматическая перепроверка ключа + ручная проверка расхождений,09_key_not_verified,
G11_TB_§4_6_2,09_key_not_verified,автоматическая перепроверка ключа + ручная проверка расхождений,09_key_not_verified,
G11_TB_§4_6_3,09_key_not_verified,автоматическая перепроверка ключа + ручная проверка расхождений,09_key_not_verified,
G11_TB_§4_6_4,09_key_not_verified,автоматическая перепроверка ключа + ручная проверка расхождений,09_key_not_verified,
G11_TB_§4_7_1,09_key_not_verified,автоматическая перепроверка ключа + ручная проверка расхождений,09_key_not_verified,
G11_TB_§4_7_2,09_key_not_verified,автоматическая перепроверка ключа + ручная проверка расхождений,09_key_not_verified,
G11_TB_§4_7_3,09_key_not_verified,автоматическая перепроверка ключа + ручная проверка расхождений,09_key_not_verified,
G11_TB_§4_7_4,09_key_not_verified,автоматическая перепроверка ключа + ручная проверка расхождений,09_key_not_verified,
G11_TB_§4_8,12_extra_copy_of_identical_task,отключить лишнюю копию (оставить одну),12_extra_copy_of_identical_task,
G11_TB_§4_8_3,09_key_not_verified,автоматическая перепроверка ключа + ручная проверка расхождений,09_key_not_verified,
G11_TB_§5_119_г,07_duplicate_question_conflicting_key,"сравнить копии, оставить верную, остальные отключить",07_duplicate_question_conflicting_key,
G11_TB_§5_119_д,07_duplicate_question_conflicting_key,"сравнить копии, оставить верную, остальные отключить",07_duplicate_question_conflicting_key,
G11_TB_§5_119_е,07_duplicate_question_conflicting_key,"сравнить копии, оставить верную, остальные отключить",07_duplicate_question_conflicting_key,
G11_TB_§5_119_з,07_duplicate_question_conflicting_key,"сравнить копии, оставить верную, остальные отключить",07_duplicate_question_conflicting_key,
G11_TB_§5_119_и,07_duplicate_question_conflicting_key,"сравнить копии, оставить верную, остальные отключить",07_duplicate_question_conflicting_key,
G11_TB_§5_119_к,07_duplicate_question_conflicting_key,"сравнить копии, оставить верную, остальные отключить",07_duplicate_question_conflicting_key,
G11_TB_§5_4_71_b,10_latex_meaning_differs,проверить до переключения показа на question_latex,10_latex_meaning_differs,
G11_TB_§5_4_73_b,09_key_not_verified,автоматическая перепроверка ключа + ручная проверка расхождений,09_key_not_verified,
G11_TB_§5_4_73_в,09_key_not_verified,автоматическая перепроверка ключа + ручная проверка расхождений,09_key_not_verified,
G11_TB_§5_4_73_г,09_key_not_verified,автоматическая перепроверка ключа + ручная проверка расхождений,09_key_not_verified,
G11_TB_§5_4_73_д,09_key_not_verified,автоматическая перепроверка ключа + ручная проверка расхождений,09_key_not_verified,
G11_TB_§5_4_73_е,09_key_not_verified,автоматическая перепроверка ключа + ручная проверка расхождений,09_key_not_verified,
G11_TB_§5_5_100,07_duplicate_question_conflicting_key,"сравнить копии, оставить верную, остальные отключить",07_duplicate_question_conflicting_key;09_key_not_verified,
G11_TB_§5_5_101,10_latex_meaning_differs,проверить до переключения показа на question_latex,10_latex_meaning_differs,
G11_TB_§5_5_104_а,12_extra_copy_of_identical_task,отключить лишнюю копию (оставить одну),12_extra_copy_of_identical_task,
G11_TB_§5_5_104_б,12_extra_copy_of_identical_task,отключить лишнюю копию (оставить одну),12_extra_copy_of_identical_task,
G11_TB_§5_5_104_в,12_extra_copy_of_identical_task,отключить лишнюю копию (оставить одну),12_extra_copy_of_identical_task,
G11_TB_§5_5_104_г,07_duplicate_question_conflicting_key,"сравнить копии, оставить верную, остальные отключить",07_duplicate_question_conflicting_key,
G11_TB_§5_5_104_д,07_duplicate_question_conflicting_key,"сравнить копии, оставить верную, остальные отключить",07_duplicate_question_conflicting_key,
G11_TB_§5_5_104_е,12_extra_copy_of_identical_task,отключить лишнюю копию (оставить одну),12_extra_copy_of_identical_task,
G11_TB_§5_5_106_а,07_duplicate_question_conflicting_key,"сравнить копии, оставить верную, остальные отключить",07_duplicate_question_conflicting_key;09_key_not_verified;11_open_input_no_options,
G11_TB_§5_5_106_б,12_extra_copy_of_identical_task,отключить лишнюю копию (оставить одну),12_extra_copy_of_identical_task,
G11_TB_§5_5_106_в,12_extra_copy_of_identical_task,отключить лишнюю копию (оставить одну),12_extra_copy_of_identical_task,
G11_TB_§5_5_106_г,09_key_not_verified,автоматическая перепроверка ключа + ручная проверка расхождений,09_key_not_verified;11_open_input_no_options;12_extra_copy_of_identical_task,
G11_TB_§5_5_119,12_extra_copy_of_identical_task,отключить лишнюю копию (оставить одну),12_extra_copy_of_identical_task,
G11_TB_§5_5_18,12_extra_copy_of_identical_task,отключить лишнюю копию (оставить одну),12_extra_copy_of_identical_task,
G11_TB_§5_5_21_r,09_key_not_verified,автоматическая перепроверка ключа + ручная проверка расхождений,09_key_not_verified,
G11_TB_§5_5_24_r,05_answer_radical_scope,проверить область корня в ключе и исправить,05_answer_radical_scope;09_key_not_verified,
G11_TB_§5_5_25_r,09_key_not_verified,автоматическая перепроверка ключа + ручная проверка расхождений,09_key_not_verified,
G11_TB_§5_5_26_r,09_key_not_verified,автоматическая перепроверка ключа + ручная проверка расхождений,09_key_not_verified,
G11_TB_§5_5_27_v,09_key_not_verified,автоматическая перепроверка ключа + ручная проверка расхождений,09_key_not_verified,
G11_TB_§5_5_3,09_key_not_verified,автоматическая перепроверка ключа + ручная проверка расхождений,09_key_not_verified,
G11_TB_§5_5_36_1,07_duplicate_question_conflicting_key,"сравнить копии, оставить верную, остальные отключить",07_duplicate_question_conflicting_key,
G11_TB_§5_5_36_2,09_key_not_verified,автоматическая перепроверка ключа + ручная проверка расхождений,09_key_not_verified;12_extra_copy_of_identical_task,
G11_TB_§5_5_37,09_key_not_verified,автоматическая перепроверка ключа + ручная проверка расхождений,09_key_not_verified;10_latex_meaning_differs,
G11_TB_§5_5_38_5,09_key_not_verified,автоматическая перепроверка ключа + ручная проверка расхождений,09_key_not_verified,
G11_TB_§5_5_46,07_duplicate_question_conflicting_key,"сравнить копии, оставить верную, остальные отключить",07_duplicate_question_conflicting_key,
G11_TB_§5_5_48,07_duplicate_question_conflicting_key,"сравнить копии, оставить верную, остальные отключить",07_duplicate_question_conflicting_key;09_key_not_verified,
G11_TB_§5_5_49,07_duplicate_question_conflicting_key,"сравнить копии, оставить верную, остальные отключить",07_duplicate_question_conflicting_key,
G11_TB_§5_5_54,07_duplicate_question_conflicting_key,"сравнить копии, оставить верную, остальные отключить",07_duplicate_question_conflicting_key,
G11_TB_§5_5_56_a,07_duplicate_question_conflicting_key,"сравнить копии, оставить верную, остальные отключить",07_duplicate_question_conflicting_key,
G11_TB_§5_5_56_b,07_duplicate_question_conflicting_key,"сравнить копии, оставить верную, остальные отключить",07_duplicate_question_conflicting_key,
G11_TB_§5_5_5_б,07_duplicate_question_conflicting_key,"сравнить копии, оставить верную, остальные отключить",07_duplicate_question_conflicting_key,
G11_TB_§5_5_5_в,07_duplicate_question_conflicting_key,"сравнить копии, оставить верную, остальные отключить",07_duplicate_question_conflicting_key,
G11_TB_§5_5_5_г,07_duplicate_question_conflicting_key,"сравнить копии, оставить верную, остальные отключить",07_duplicate_question_conflicting_key,
G11_TB_§5_5_62_a,07_duplicate_question_conflicting_key,"сравнить копии, оставить верную, остальные отключить",07_duplicate_question_conflicting_key,
G11_TB_§5_5_62_b,07_duplicate_question_conflicting_key,"сравнить копии, оставить верную, остальные отключить",07_duplicate_question_conflicting_key,
G11_TB_§5_5_63_a,02_pipeline_flagged_invalid,проверить вручную: исправить или отключить,02_pipeline_flagged_invalid;07_duplicate_question_conflicting_key,
G11_TB_§5_5_63_b,07_duplicate_question_conflicting_key,"сравнить копии, оставить верную, остальные отключить",07_duplicate_question_conflicting_key,
G11_TB_§5_5_65_a,07_duplicate_question_conflicting_key,"сравнить копии, оставить верную, остальные отключить",07_duplicate_question_conflicting_key,
G11_TB_§5_5_65_b,07_duplicate_question_conflicting_key,"сравнить копии, оставить верную, остальные отключить",07_duplicate_question_conflicting_key,
G11_TB_§5_5_67,07_duplicate_question_conflicting_key,"сравнить копии, оставить верную, остальные отключить",07_duplicate_question_conflicting_key,
G11_TB_§5_5_68_a,07_duplicate_question_conflicting_key,"сравнить копии, оставить верную, остальные отключить",07_duplicate_question_conflicting_key,
G11_TB_§5_5_68_b,07_duplicate_question_conflicting_key,"сравнить копии, оставить верную, остальные отключить",07_duplicate_question_conflicting_key;09_key_not_verified,
G11_TB_§5_5_69,07_duplicate_question_conflicting_key,"сравнить копии, оставить верную, остальные отключить",07_duplicate_question_conflicting_key;09_key_not_verified,
G11_TB_§5_5_6_а,09_key_not_verified,автоматическая перепроверка ключа + ручная проверка расхождений,09_key_not_verified,
G11_TB_§5_5_6_б,09_key_not_verified,автоматическая перепроверка ключа + ручная проверка расхождений,09_key_not_verified,
G11_TB_§5_5_6_в,09_key_not_verified,автоматическая перепроверка ключа + ручная проверка расхождений,09_key_not_verified,
G11_TB_§5_5_6_г,09_key_not_verified,автоматическая перепроверка ключа + ручная проверка расхождений,09_key_not_verified,
G11_TB_§5_5_71,09_key_not_verified,автоматическая перепроверка ключа + ручная проверка расхождений,09_key_not_verified,
G11_TB_§5_5_76_а,07_duplicate_question_conflicting_key,"сравнить копии, оставить верную, остальные отключить",07_duplicate_question_conflicting_key,
G11_TB_§5_5_76_б,07_duplicate_question_conflicting_key,"сравнить копии, оставить верную, остальные отключить",07_duplicate_question_conflicting_key,
G11_TB_§5_5_76_в,09_key_not_verified,автоматическая перепроверка ключа + ручная проверка расхождений,09_key_not_verified;12_extra_copy_of_identical_task,
G11_TB_§5_5_76_г,07_duplicate_question_conflicting_key,"сравнить копии, оставить верную, остальные отключить",07_duplicate_question_conflicting_key;09_key_not_verified,
G11_TB_§5_5_76_д,12_extra_copy_of_identical_task,отключить лишнюю копию (оставить одну),12_extra_copy_of_identical_task,
G11_TB_§5_5_76_е,07_duplicate_question_conflicting_key,"сравнить копии, оставить верную, остальные отключить",07_duplicate_question_conflicting_key,
G11_TB_§5_5_76_ж,12_extra_copy_of_identical_task,отключить лишнюю копию (оставить одну),12_extra_copy_of_identical_task,
G11_TB_§5_5_76_з,07_duplicate_question_conflicting_key,"сравнить копии, оставить верную, остальные отключить",07_duplicate_question_conflicting_key,
G11_TB_§5_5_76_и,07_duplicate_question_conflicting_key,"сравнить копии, оставить верную, остальные отключить",07_duplicate_question_conflicting_key;09_key_not_verified,
G11_TB_§5_5_76_к,07_duplicate_question_conflicting_key,"сравнить копии, оставить верную, остальные отключить",07_duplicate_question_conflicting_key;09_key_not_verified,
G11_TB_§5_5_76_л,07_duplicate_question_conflicting_key,"сравнить копии, оставить верную, остальные отключить",07_duplicate_question_conflicting_key;09_key_not_verified,
G11_TB_§5_5_76_м,09_key_not_verified,автоматическая перепроверка ключа + ручная проверка расхождений,09_key_not_verified;12_extra_copy_of_identical_task,
G11_TB_§5_5_77,09_key_not_verified,автоматическая перепроверка ключа + ручная проверка расхождений,09_key_not_verified;12_extra_copy_of_identical_task,
G11_TB_§5_5_78_а,07_duplicate_question_conflicting_key,"сравнить копии, оставить верную, остальные отключить",07_duplicate_question_conflicting_key,
G11_TB_§5_5_78_б,07_duplicate_question_conflicting_key,"сравнить копии, оставить верную, остальные отключить",07_duplicate_question_conflicting_key;09_key_not_verified,
G11_TB_§5_5_78_в,07_duplicate_question_conflicting_key,"сравнить копии, оставить верную, остальные отключить",07_duplicate_question_conflicting_key;09_key_not_verified,
G11_TB_§5_5_7_в,07_duplicate_question_conflicting_key,"сравнить копии, оставить верную, остальные отключить",07_duplicate_question_conflicting_key;09_key_not_verified,
G11_TB_§5_5_7_г,07_duplicate_question_conflicting_key,"сравнить копии, оставить верную, остальные отключить",07_duplicate_question_conflicting_key,
G11_TB_§5_5_80,07_duplicate_question_conflicting_key,"сравнить копии, оставить верную, остальные отключить",07_duplicate_question_conflicting_key,
G11_TB_§5_5_81,07_duplicate_question_conflicting_key,"сравнить копии, оставить верную, остальные отключить",07_duplicate_question_conflicting_key,
G11_TB_§5_5_82_а,07_duplicate_question_conflicting_key,"сравнить копии, оставить верную, остальные отключить",07_duplicate_question_conflicting_key,
G11_TB_§5_5_82_б,07_duplicate_question_conflicting_key,"сравнить копии, оставить верную, остальные отключить",07_duplicate_question_conflicting_key,
G11_TB_§5_5_82_в,07_duplicate_question_conflicting_key,"сравнить копии, оставить верную, остальные отключить",07_duplicate_question_conflicting_key,
G11_TB_§5_5_82_г,07_duplicate_question_conflicting_key,"сравнить копии, оставить верную, остальные отключить",07_duplicate_question_conflicting_key,
G11_TB_§5_5_83_а,07_duplicate_question_conflicting_key,"сравнить копии, оставить верную, остальные отключить",07_duplicate_question_conflicting_key,
G11_TB_§5_5_83_б,07_duplicate_question_conflicting_key,"сравнить копии, оставить верную, остальные отключить",07_duplicate_question_conflicting_key;09_key_not_verified,
G11_TB_§5_5_83_в,07_duplicate_question_conflicting_key,"сравнить копии, оставить верную, остальные отключить",07_duplicate_question_conflicting_key;09_key_not_verified,
G11_TB_§5_5_83_г,07_duplicate_question_conflicting_key,"сравнить копии, оставить верную, остальные отключить",07_duplicate_question_conflicting_key;09_key_not_verified,
G11_TB_§5_5_84_а,07_duplicate_question_conflicting_key,"сравнить копии, оставить верную, остальные отключить",07_duplicate_question_conflicting_key,
G11_TB_§5_5_84_б,07_duplicate_question_conflicting_key,"сравнить копии, оставить верную, остальные отключить",07_duplicate_question_conflicting_key,
G11_TB_§5_5_85_а,07_duplicate_question_conflicting_key,"сравнить копии, оставить верную, остальные отключить",07_duplicate_question_conflicting_key,
G11_TB_§5_5_85_б,07_duplicate_question_conflicting_key,"сравнить копии, оставить верную, остальные отключить",07_duplicate_question_conflicting_key,
G11_TB_§5_5_86,07_duplicate_question_conflicting_key,"сравнить копии, оставить верную, остальные отключить",07_duplicate_question_conflicting_key,
G11_TB_§5_5_87,07_duplicate_question_conflicting_key,"сравнить копии, оставить верную, остальные отключить",07_duplicate_question_conflicting_key,
G11_TB_§5_5_88_а,07_duplicate_question_conflicting_key,"сравнить копии, оставить верную, остальные отключить",07_duplicate_question_conflicting_key,
G11_TB_§5_5_88_б,07_duplicate_question_conflicting_key,"сравнить копии, оставить верную, остальные отключить",07_duplicate_question_conflicting_key,
G11_TB_§5_5_89,07_duplicate_question_conflicting_key,"сравнить копии, оставить верную, остальные отключить",07_duplicate_question_conflicting_key;09_key_not_verified,
G11_TB_§5_5_8_в,07_duplicate_question_conflicting_key,"сравнить копии, оставить верную, остальные отключить",07_duplicate_question_conflicting_key;09_key_not_verified,
G11_TB_§5_5_8_г,07_duplicate_question_conflicting_key,"сравнить копии, оставить верную, остальные отключить",07_duplicate_question_conflicting_key;09_key_not_verified,
G11_TB_§5_5_90,07_duplicate_question_conflicting_key,"сравнить копии, оставить верную, остальные отключить",07_duplicate_question_conflicting_key;09_key_not_verified,
G11_TB_§5_5_91,09_key_not_verified,автоматическая перепроверка ключа + ручная проверка расхождений,09_key_not_verified;12_extra_copy_of_identical_task,
G11_TB_§5_5_92_1,09_key_not_verified,автоматическая перепроверка ключа + ручная проверка расхождений,09_key_not_verified;12_extra_copy_of_identical_task,
G11_TB_§5_5_92_2,12_extra_copy_of_identical_task,отключить лишнюю копию (оставить одну),12_extra_copy_of_identical_task,
G11_TB_§5_5_93,12_extra_copy_of_identical_task,отключить лишнюю копию (оставить одну),12_extra_copy_of_identical_task,
G11_TB_§5_5_94_1,07_duplicate_question_conflicting_key,"сравнить копии, оставить верную, остальные отключить",07_duplicate_question_conflicting_key,
G11_TB_§5_5_94_2,03_proof_task,отключить в диагностике/экзаменах (автоматически не проверяется),03_proof_task;07_duplicate_question_conflicting_key,
G11_TB_§5_5_95,09_key_not_verified,автоматическая перепроверка ключа + ручная проверка расхождений,09_key_not_verified;12_extra_copy_of_identical_task,
G11_TB_§5_5_97,12_extra_copy_of_identical_task,отключить лишнюю копию (оставить одну),12_extra_copy_of_identical_task,
G11_TB_§5_5_99,09_key_not_verified,автоматическая перепроверка ключа + ручная проверка расхождений,09_key_not_verified;10_latex_meaning_differs,
G11_TB_§5_5_9_а,09_key_not_verified,автоматическая перепроверка ключа + ручная проверка расхождений,09_key_not_verified,
G11_TB_§6_5_123_1,07_duplicate_question_conflicting_key,"сравнить копии, оставить верную, остальные отключить",07_duplicate_question_conflicting_key;09_key_not_verified,
G11_TB_§6_5_123_2,07_duplicate_question_conflicting_key,"сравнить копии, оставить верную, остальные отключить",07_duplicate_question_conflicting_key;09_key_not_verified,
G11_TB_§6_5_123_3,07_duplicate_question_conflicting_key,"сравнить копии, оставить верную, остальные отключить",07_duplicate_question_conflicting_key;09_key_not_verified,
G11_TB_§6_5_123_4,07_duplicate_question_conflicting_key,"сравнить копии, оставить верную, остальные отключить",07_duplicate_question_conflicting_key;09_key_not_verified,
G11_TB_§6_5_123_5,07_duplicate_question_conflicting_key,"сравнить копии, оставить верную, остальные отключить",07_duplicate_question_conflicting_key;09_key_not_verified,
G11_TB_§6_5_123_6,07_duplicate_question_conflicting_key,"сравнить копии, оставить верную, остальные отключить",07_duplicate_question_conflicting_key;09_key_not_verified,
G11_TB_§6_5_124_1,12_extra_copy_of_identical_task,отключить лишнюю копию (оставить одну),12_extra_copy_of_identical_task,
G11_TB_§6_5_124_2,12_extra_copy_of_identical_task,отключить лишнюю копию (оставить одну),12_extra_copy_of_identical_task,
G11_TB_§6_5_124_3,12_extra_copy_of_identical_task,отключить лишнюю копию (оставить одну),12_extra_copy_of_identical_task,
G11_TB_§6_5_124_4,12_extra_copy_of_identical_task,отключить лишнюю копию (оставить одну),12_extra_copy_of_identical_task,
G11_TB_§6_5_124_5,12_extra_copy_of_identical_task,отключить лишнюю копию (оставить одну),12_extra_copy_of_identical_task,
G11_TB_§6_5_124_6,06_correct_lookalike_graded_wrong,исправляется кодом диагностики (оценка по выбранному варианту),06_correct_lookalike_graded_wrong;12_extra_copy_of_identical_task,
G11_TB_§8_1_2,06_correct_lookalike_graded_wrong,исправляется кодом диагностики (оценка по выбранному варианту),06_correct_lookalike_graded_wrong;09_key_not_verified,
G11_TB_§8_1_3,06_correct_lookalike_graded_wrong,исправляется кодом диагностики (оценка по выбранному варианту),06_correct_lookalike_graded_wrong,
G11_TB_§8_1_4,09_key_not_verified,автоматическая перепроверка ключа + ручная проверка расхождений,09_key_not_verified,
G11_TB_§8_1_5,09_key_not_verified,автоматическая перепроверка ключа + ручная проверка расхождений,09_key_not_verified,
G11_TB_§8_2_3,06_correct_lookalike_graded_wrong,исправляется кодом диагностики (оценка по выбранному варианту),06_correct_lookalike_graded_wrong,
G11_TB_§8_2_4,06_correct_lookalike_graded_wrong,исправляется кодом диагностики (оценка по выбранному варианту),06_correct_lookalike_graded_wrong,
G11_TB_§9_3_1,03_proof_task,отключить в диагностике/экзаменах (автоматически не проверяется),03_proof_task,
G11_TB_§9_3_2,03_proof_task,отключить в диагностике/экзаменах (автоматически не проверяется),03_proof_task,
G11_TB_§9_3_3,03_proof_task,отключить в диагностике/экзаменах (автоматически не проверяется),03_proof_task,
G11_TB_§9_3_4,03_proof_task,отключить в диагностике/экзаменах (автоматически не проверяется),03_proof_task,
G11_TB_§9_3_5,03_proof_task,отключить в диагностике/экзаменах (автоматически не проверяется),03_proof_task,
G11_TB_§9_3_6,03_proof_task,отключить в диагностике/экзаменах (автоматически не проверяется),03_proof_task,
G11_TB_§9_3_7,03_proof_task,отключить в диагностике/экзаменах (автоматически не проверяется),03_proof_task,
G5_TB_10_161.1,10_latex_meaning_differs,проверить до переключения показа на question_latex,10_latex_meaning_differs,
G5_TB_10_161.2,10_latex_meaning_differs,проверить до переключения показа на question_latex,10_latex_meaning_differs,
G5_TB_10_161.3,10_latex_meaning_differs,проверить до переключения показа на question_latex,10_latex_meaning_differs,
G5_TB_10_161.5,10_latex_meaning_differs,проверить до переключения показа на question_latex,10_latex_meaning_differs,
G5_TB_10_161.6,10_latex_meaning_differs,проверить до переключения показа на question_latex,10_latex_meaning_differs,
G5_TB_10_178.2,10_latex_meaning_differs,проверить до переключения показа на question_latex,10_latex_meaning_differs,
G5_TB_10_372.5,10_latex_meaning_differs,проверить до переключения показа на question_latex,10_latex_meaning_differs,
G5_TB_11_403.2,10_latex_meaning_differs,проверить до переключения показа на question_latex,10_latex_meaning_differs,
G5_TB_11_411,10_latex_meaning_differs,проверить до переключения показа на question_latex,10_latex_meaning_differs,
G5_TB_11_412.14,06_correct_lookalike_graded_wrong,исправляется кодом диагностики (оценка по выбранному варианту),06_correct_lookalike_graded_wrong;10_latex_meaning_differs,
G5_TB_11_412.15,10_latex_meaning_differs,проверить до переключения показа на question_latex,10_latex_meaning_differs,
G5_TB_11_412.16,10_latex_meaning_differs,проверить до переключения показа на question_latex,10_latex_meaning_differs,
G5_TB_11_414.1,10_latex_meaning_differs,проверить до переключения показа на question_latex,10_latex_meaning_differs,
G5_TB_11_418,10_latex_meaning_differs,проверить до переключения показа на question_latex,10_latex_meaning_differs,
G5_TB_12_222.3,10_latex_meaning_differs,проверить до переключения показа на question_latex,10_latex_meaning_differs,
G5_TB_12_231.1,10_latex_meaning_differs,проверить до переключения показа на question_latex,10_latex_meaning_differs,
G5_TB_12_472.12,06_correct_lookalike_graded_wrong,исправляется кодом диагностики (оценка по выбранному варианту),06_correct_lookalike_graded_wrong,
G5_TB_13_236.1,10_latex_meaning_differs,проверить до переключения показа на question_latex,10_latex_meaning_differs,
G5_TB_13_236.5,10_latex_meaning_differs,проверить до переключения показа на question_latex,10_latex_meaning_differs,
G5_TB_13_243.2,12_extra_copy_of_identical_task,отключить лишнюю копию (оставить одну),12_extra_copy_of_identical_task,
G5_TB_13_518.2,06_correct_lookalike_graded_wrong,исправляется кодом диагностики (оценка по выбранному варианту),06_correct_lookalike_graded_wrong,
G5_TB_14_267.4,06_correct_lookalike_graded_wrong,исправляется кодом диагностики (оценка по выбранному варианту),06_correct_lookalike_graded_wrong,
G5_TB_14_556.1,12_extra_copy_of_identical_task,отключить лишнюю копию (оставить одну),12_extra_copy_of_identical_task,
G5_TB_14_556.2,12_extra_copy_of_identical_task,отключить лишнюю копию (оставить одну),12_extra_copy_of_identical_task,
G5_TB_14_566.1,06_correct_lookalike_graded_wrong,исправляется кодом диагностики (оценка по выбранному варианту),06_correct_lookalike_graded_wrong,
G5_TB_14_566.2,06_correct_lookalike_graded_wrong,исправляется кодом диагностики (оценка по выбранному варианту),06_correct_lookalike_graded_wrong,
G5_TB_18_333.1,12_extra_copy_of_identical_task,отключить лишнюю копию (оставить одну),12_extra_copy_of_identical_task,
G5_TB_18_333.2,12_extra_copy_of_identical_task,отключить лишнюю копию (оставить одну),12_extra_copy_of_identical_task,
G5_TB_18_333.3,12_extra_copy_of_identical_task,отключить лишнюю копию (оставить одну),12_extra_copy_of_identical_task,
G5_TB_18_333.5,12_extra_copy_of_identical_task,отключить лишнюю копию (оставить одну),12_extra_copy_of_identical_task,
G5_TB_18_333.6,12_extra_copy_of_identical_task,отключить лишнюю копию (оставить одну),12_extra_copy_of_identical_task,
G5_TB_19_350.3,12_extra_copy_of_identical_task,отключить лишнюю копию (оставить одну),12_extra_copy_of_identical_task,
G5_TB_19_350.6,12_extra_copy_of_identical_task,отключить лишнюю копию (оставить одну),12_extra_copy_of_identical_task,
G5_TB_19_360.5,01_confirmed_wrong_key,исправить ключ или отключить (см. decision_note),01_confirmed_wrong_key,fix_key: 27
G5_TB_1_17.1,06_correct_lookalike_graded_wrong,исправляется кодом диагностики (оценка по выбранному варианту),06_correct_lookalike_graded_wrong,
G5_TB_1_3.7,06_correct_lookalike_graded_wrong,исправляется кодом диагностики (оценка по выбранному варианту),06_correct_lookalike_graded_wrong,
G5_TB_23_405,12_extra_copy_of_identical_task,отключить лишнюю копию (оставить одну),12_extra_copy_of_identical_task,
G5_TB_26_1008,06_correct_lookalike_graded_wrong,исправляется кодом диагностики (оценка по выбранному варианту),06_correct_lookalike_graded_wrong,
G5_TB_27_1059.3,06_correct_lookalike_graded_wrong,исправляется кодом диагностики (оценка по выбранному варианту),06_correct_lookalike_graded_wrong,
G5_TB_27_473.2,10_latex_meaning_differs,проверить до переключения показа на question_latex,10_latex_meaning_differs,
G5_TB_30_1154,06_correct_lookalike_graded_wrong,исправляется кодом диагностики (оценка по выбранному варианту),06_correct_lookalike_graded_wrong,
G5_TB_32_1238.3,10_latex_meaning_differs,проверить до переключения показа на question_latex,10_latex_meaning_differs,
G5_TB_34_602,10_latex_meaning_differs,проверить до переключения показа на question_latex,10_latex_meaning_differs,
G5_TB_35_1326.4,10_latex_meaning_differs,проверить до переключения показа на question_latex,10_latex_meaning_differs,
G5_TB_35_1339.2,10_latex_meaning_differs,проверить до переключения показа на question_latex,10_latex_meaning_differs,
G5_TB_35_1340.4,06_correct_lookalike_graded_wrong,исправляется кодом диагностики (оценка по выбранному варианту),06_correct_lookalike_graded_wrong,
G5_TB_36_637,10_latex_meaning_differs,проверить до переключения показа на question_latex,10_latex_meaning_differs,
G5_TB_37_1446.1,10_latex_meaning_differs,проверить до переключения показа на question_latex,10_latex_meaning_differs,
G5_TB_37_1446.2,10_latex_meaning_differs,проверить до переключения показа на question_latex,10_latex_meaning_differs,
G5_TB_37_1459.7,10_latex_meaning_differs,проверить до переключения показа на question_latex,10_latex_meaning_differs,
G5_TB_37_655,12_extra_copy_of_identical_task,отключить лишнюю копию (оставить одну),12_extra_copy_of_identical_task,
G5_TB_38_1483.5,06_correct_lookalike_graded_wrong,исправляется кодом диагностики (оценка по выбранному варианту),06_correct_lookalike_graded_wrong,
G5_TB_38_1502,06_correct_lookalike_graded_wrong,исправляется кодом диагностики (оценка по выбранному варианту),06_correct_lookalike_graded_wrong,
G5_TB_38_1506,10_latex_meaning_differs,проверить до переключения показа на question_latex,10_latex_meaning_differs,
G5_TB_38_1517.2,10_latex_meaning_differs,проверить до переключения показа на question_latex,10_latex_meaning_differs,
G5_TB_38_1517.4,10_latex_meaning_differs,проверить до переключения показа на question_latex,10_latex_meaning_differs,
G5_TB_38_656,10_latex_meaning_differs,проверить до переключения показа на question_latex,10_latex_meaning_differs,
G5_TB_41_23,10_latex_meaning_differs,проверить до переключения показа на question_latex,10_latex_meaning_differs,
G5_TB_41_703.1,10_latex_meaning_differs,проверить до переключения показа на question_latex,10_latex_meaning_differs,
G5_TB_41_703.2,10_latex_meaning_differs,проверить до переключения показа на question_latex,10_latex_meaning_differs,
G5_TB_41_703.3,10_latex_meaning_differs,проверить до переключения показа на question_latex,10_latex_meaning_differs,
G5_TB_41_718.4,10_latex_meaning_differs,проверить до переключения показа на question_latex,10_latex_meaning_differs,
G5_TB_41_723.4,10_latex_meaning_differs,проверить до переключения показа на question_latex,10_latex_meaning_differs,
G5_TB_43_765.3,10_latex_meaning_differs,проверить до переключения показа на question_latex,10_latex_meaning_differs,
G5_TB_43_765.4,10_latex_meaning_differs,проверить до переключения показа на question_latex,10_latex_meaning_differs,
G5_TB_43_766.1,07_duplicate_question_conflicting_key,"сравнить копии, оставить верную, остальные отключить",07_duplicate_question_conflicting_key,
G5_TB_43_797,12_extra_copy_of_identical_task,отключить лишнюю копию (оставить одну),12_extra_copy_of_identical_task,
G5_TB_43_809.1,07_duplicate_question_conflicting_key,"сравнить копии, оставить верную, остальные отключить",07_duplicate_question_conflicting_key,
G5_TB_44_102.2,06_correct_lookalike_graded_wrong,исправляется кодом диагностики (оценка по выбранному варианту),06_correct_lookalike_graded_wrong,
G5_TB_44_1729,06_correct_lookalike_graded_wrong,исправляется кодом диагностики (оценка по выбранному варианту),06_correct_lookalike_graded_wrong,
G5_TB_45_903.4,06_correct_lookalike_graded_wrong,исправляется кодом диагностики (оценка по выбранному варианту),06_correct_lookalike_graded_wrong,
G5_TB_45_905,10_latex_meaning_differs,проверить до переключения показа на question_latex,10_latex_meaning_differs,
G5_TB_47_1000.1,06_correct_lookalike_graded_wrong,исправляется кодом диагностики (оценка по выбранному варианту),06_correct_lookalike_graded_wrong,
G5_TB_47_1001.1,06_correct_lookalike_graded_wrong,исправляется кодом диагностики (оценка по выбранному варианту),06_correct_lookalike_graded_wrong,
G5_TB_47_1001.3,06_correct_lookalike_graded_wrong,исправляется кодом диагностики (оценка по выбранному варианту),06_correct_lookalike_graded_wrong,
G5_TB_47_1001.4,06_correct_lookalike_graded_wrong,исправляется кодом диагностики (оценка по выбранному варианту),06_correct_lookalike_graded_wrong,
G5_TB_47_1001.5,06_correct_lookalike_graded_wrong,исправляется кодом диагностики (оценка по выбранному варианту),06_correct_lookalike_graded_wrong,
G5_TB_47_1003.1,06_correct_lookalike_graded_wrong,исправляется кодом диагностики (оценка по выбранному варианту),06_correct_lookalike_graded_wrong,
G5_TB_47_1006.1,07_duplicate_question_conflicting_key,"сравнить копии, оставить верную, остальные отключить",07_duplicate_question_conflicting_key,
G5_TB_47_1006.2,07_duplicate_question_conflicting_key,"сравнить копии, оставить верную, остальные отключить",07_duplicate_question_conflicting_key,
G5_TB_47_1010,07_duplicate_question_conflicting_key,"сравнить копии, оставить верную, остальные отключить",07_duplicate_question_conflicting_key,
G5_TB_47_1013.1,12_extra_copy_of_identical_task,отключить лишнюю копию (оставить одну),12_extra_copy_of_identical_task,
G5_TB_47_1013.3,12_extra_copy_of_identical_task,отключить лишнюю копию (оставить одну),12_extra_copy_of_identical_task,
G5_TB_47_1013.4,12_extra_copy_of_identical_task,отключить лишнюю копию (оставить одну),12_extra_copy_of_identical_task,
G5_TB_47_1017.1,06_correct_lookalike_graded_wrong,исправляется кодом диагностики (оценка по выбранному варианту),06_correct_lookalike_graded_wrong,
G5_TB_47_1017.2,06_correct_lookalike_graded_wrong,исправляется кодом диагностики (оценка по выбранному варианту),06_correct_lookalike_graded_wrong,
G5_TB_47_1017.3,06_correct_lookalike_graded_wrong,исправляется кодом диагностики (оценка по выбранному варианту),06_correct_lookalike_graded_wrong,
G5_TB_47_1017.4,06_correct_lookalike_graded_wrong,исправляется кодом диагностики (оценка по выбранному варианту),06_correct_lookalike_graded_wrong,
G5_TB_47_1017.5,06_correct_lookalike_graded_wrong,исправляется кодом диагностики (оценка по выбранному варианту),06_correct_lookalike_graded_wrong,
G5_TB_47_1035.4,12_extra_copy_of_identical_task,отключить лишнюю копию (оставить одну),12_extra_copy_of_identical_task,
G5_TB_47_1035.5,12_extra_copy_of_identical_task,отключить лишнюю копию (оставить одну),12_extra_copy_of_identical_task,
G5_TB_47_1036.3,06_correct_lookalike_graded_wrong,исправляется кодом диагностики (оценка по выбранному варианту),06_correct_lookalike_graded_wrong,
G5_TB_47_1036.5,06_correct_lookalike_graded_wrong,исправляется кодом диагностики (оценка по выбранному варианту),06_correct_lookalike_graded_wrong,
G5_TB_47_1037.1,12_extra_copy_of_identical_task,отключить лишнюю копию (оставить одну),12_extra_copy_of_identical_task,
G5_TB_47_1037.2,12_extra_copy_of_identical_task,отключить лишнюю копию (оставить одну),12_extra_copy_of_identical_task,
G5_TB_47_1037.3,12_extra_copy_of_identical_task,отключить лишнюю копию (оставить одну),12_extra_copy_of_identical_task,
G5_TB_47_1037.4,12_extra_copy_of_identical_task,отключить лишнюю копию (оставить одну),12_extra_copy_of_identical_task,
G5_TB_47_1039.1,12_extra_copy_of_identical_task,отключить лишнюю копию (оставить одну),12_extra_copy_of_identical_task,
G5_TB_47_1039.2,12_extra_copy_of_identical_task,отключить лишнюю копию (оставить одну),12_extra_copy_of_identical_task,
G5_TB_47_1039.3,12_extra_copy_of_identical_task,отключить лишнюю копию (оставить одну),12_extra_copy_of_identical_task,
G5_TB_47_1039.4,12_extra_copy_of_identical_task,отключить лишнюю копию (оставить одну),12_extra_copy_of_identical_task,
G5_TB_47_1039.5,12_extra_copy_of_identical_task,отключить лишнюю копию (оставить одну),12_extra_copy_of_identical_task,
G5_TB_47_1039.6,12_extra_copy_of_identical_task,отключить лишнюю копию (оставить одну),12_extra_copy_of_identical_task,
G5_TB_47_1040.1,12_extra_copy_of_identical_task,отключить лишнюю копию (оставить одну),12_extra_copy_of_identical_task,
G5_TB_47_1040.2,12_extra_copy_of_identical_task,отключить лишнюю копию (оставить одну),12_extra_copy_of_identical_task,
G5_TB_47_1040.3,12_extra_copy_of_identical_task,отключить лишнюю копию (оставить одну),12_extra_copy_of_identical_task,
G5_TB_47_1040.4,12_extra_copy_of_identical_task,отключить лишнюю копию (оставить одну),12_extra_copy_of_identical_task,
G5_TB_47_1040.5,12_extra_copy_of_identical_task,отключить лишнюю копию (оставить одну),12_extra_copy_of_identical_task,
G5_TB_47_1050,12_extra_copy_of_identical_task,отключить лишнюю копию (оставить одну),12_extra_copy_of_identical_task,
G5_TB_47_1052,07_duplicate_question_conflicting_key,"сравнить копии, оставить верную, остальные отключить",07_duplicate_question_conflicting_key,
G5_TB_47_1087.1,07_duplicate_question_conflicting_key,"сравнить копии, оставить верную, остальные отключить",07_duplicate_question_conflicting_key,
G5_TB_47_1087.2,07_duplicate_question_conflicting_key,"сравнить копии, оставить верную, остальные отключить",07_duplicate_question_conflicting_key,
G5_TB_47_1087.4,06_correct_lookalike_graded_wrong,исправляется кодом диагностики (оценка по выбранному варианту),06_correct_lookalike_graded_wrong,
G5_TB_47_996.4,06_correct_lookalike_graded_wrong,исправляется кодом диагностики (оценка по выбранному варианту),06_correct_lookalike_graded_wrong,
G5_TB_47_997.1,12_extra_copy_of_identical_task,отключить лишнюю копию (оставить одну),12_extra_copy_of_identical_task,
G5_TB_47_997.2,12_extra_copy_of_identical_task,отключить лишнюю копию (оставить одну),12_extra_copy_of_identical_task,
G5_TB_47_997.3,12_extra_copy_of_identical_task,отключить лишнюю копию (оставить одну),12_extra_copy_of_identical_task,
G5_TB_47_997.4,12_extra_copy_of_identical_task,отключить лишнюю копию (оставить одну),12_extra_copy_of_identical_task,
G5_TB_47_997.5,12_extra_copy_of_identical_task,отключить лишнюю копию (оставить одну),12_extra_copy_of_identical_task,
G5_TB_47_997.6,12_extra_copy_of_identical_task,отключить лишнюю копию (оставить одну),12_extra_copy_of_identical_task,
G5_TB_47_999.1,12_extra_copy_of_identical_task,отключить лишнюю копию (оставить одну),12_extra_copy_of_identical_task,
G5_TB_47_999.2,12_extra_copy_of_identical_task,отключить лишнюю копию (оставить одну),12_extra_copy_of_identical_task,
G5_TB_47_999.3,12_extra_copy_of_identical_task,отключить лишнюю копию (оставить одну),12_extra_copy_of_identical_task,
G5_TB_47_999.4,12_extra_copy_of_identical_task,отключить лишнюю копию (оставить одну),12_extra_copy_of_identical_task,
G5_TB_47_999.5,12_extra_copy_of_identical_task,отключить лишнюю копию (оставить одну),12_extra_copy_of_identical_task,
G5_TB_47_999.6,12_extra_copy_of_identical_task,отключить лишнюю копию (оставить одну),12_extra_copy_of_identical_task,
G5_TB_48_1191.1,06_correct_lookalike_graded_wrong,исправляется кодом диагностики (оценка по выбранному варианту),06_correct_lookalike_graded_wrong;12_extra_copy_of_identical_task,
G5_TB_48_1191.4,12_extra_copy_of_identical_task,отключить лишнюю копию (оставить одну),12_extra_copy_of_identical_task,
G5_TB_4_106.1,06_correct_lookalike_graded_wrong,исправляется кодом диагностики (оценка по выбранному варианту),06_correct_lookalike_graded_wrong,
G5_TB_50_1215.1,12_extra_copy_of_identical_task,отключить лишнюю копию (оставить одну),12_extra_copy_of_identical_task,
G5_TB_50_1215.2,12_extra_copy_of_identical_task,отключить лишнюю копию (оставить одну),12_extra_copy_of_identical_task,
G5_TB_50_1215.3,12_extra_copy_of_identical_task,отключить лишнюю копию (оставить одну),12_extra_copy_of_identical_task,
G5_TB_50_1215.4,12_extra_copy_of_identical_task,отключить лишнюю копию (оставить одну),12_extra_copy_of_identical_task,
G5_TB_54_1276.3,10_latex_meaning_differs,проверить до переключения показа на question_latex,10_latex_meaning_differs,
G5_TB_54_1276.4,10_latex_meaning_differs,проверить до переключения показа на question_latex,10_latex_meaning_differs,
G5_TB_54_1277.3,10_latex_meaning_differs,проверить до переключения показа на question_latex,10_latex_meaning_differs,
G5_TB_54_1277.4,10_latex_meaning_differs,проверить до переключения показа на question_latex,10_latex_meaning_differs,
G5_TB_54_1283.3,10_latex_meaning_differs,проверить до переключения показа на question_latex,10_latex_meaning_differs,
G5_TB_54_1283.5,10_latex_meaning_differs,проверить до переключения показа на question_latex,10_latex_meaning_differs,
G5_TB_55_1299,10_latex_meaning_differs,проверить до переключения показа на question_latex,10_latex_meaning_differs,
G5_TB_55_1300,10_latex_meaning_differs,проверить до переключения показа на question_latex,10_latex_meaning_differs,
G5_TB_56_1316.1,10_latex_meaning_differs,проверить до переключения показа на question_latex,10_latex_meaning_differs,
G5_TB_56_1325.1,12_extra_copy_of_identical_task,отключить лишнюю копию (оставить одну),12_extra_copy_of_identical_task,
G5_TB_56_1325.2,12_extra_copy_of_identical_task,отключить лишнюю копию (оставить одну),12_extra_copy_of_identical_task,
G5_TB_56_1325.3,12_extra_copy_of_identical_task,отключить лишнюю копию (оставить одну),12_extra_copy_of_identical_task,
G5_TB_56_1325.4,12_extra_copy_of_identical_task,отключить лишнюю копию (оставить одну),12_extra_copy_of_identical_task,
G5_TB_56_1325.5,12_extra_copy_of_identical_task,отключить лишнюю копию (оставить одну),12_extra_copy_of_identical_task,
G5_TB_56_1325.6,12_extra_copy_of_identical_task,отключить лишнюю копию (оставить одну),12_extra_copy_of_identical_task,
G5_TB_56_1330.1,12_extra_copy_of_identical_task,отключить лишнюю копию (оставить одну),12_extra_copy_of_identical_task,
G5_TB_56_1330.2,12_extra_copy_of_identical_task,отключить лишнюю копию (оставить одну),12_extra_copy_of_identical_task,
G5_TB_56_1330.3,12_extra_copy_of_identical_task,отключить лишнюю копию (оставить одну),12_extra_copy_of_identical_task,
G5_TB_56_1333,12_extra_copy_of_identical_task,отключить лишнюю копию (оставить одну),12_extra_copy_of_identical_task,
G5_TB_57_1340.3,10_latex_meaning_differs,проверить до переключения показа на question_latex,10_latex_meaning_differs,
G5_TB_57_1340.4,10_latex_meaning_differs,проверить до переключения показа на question_latex,10_latex_meaning_differs,
G5_TB_57_1341,10_latex_meaning_differs,проверить до переключения показа на question_latex,10_latex_meaning_differs,
G5_TB_57_1357.1,12_extra_copy_of_identical_task,отключить лишнюю копию (оставить одну),12_extra_copy_of_identical_task,
G5_TB_57_1357.2,12_extra_copy_of_identical_task,отключить лишнюю копию (оставить одну),12_extra_copy_of_identical_task,
G5_TB_57_1357.4,12_extra_copy_of_identical_task,отключить лишнюю копию (оставить одну),12_extra_copy_of_identical_task,
G5_TB_57_1357.5,12_extra_copy_of_identical_task,отключить лишнюю копию (оставить одну),12_extra_copy_of_identical_task,
G5_TB_57_1357.6,12_extra_copy_of_identical_task,отключить лишнюю копию (оставить одну),12_extra_copy_of_identical_task,
G5_TB_57_1357.7,12_extra_copy_of_identical_task,отключить лишнюю копию (оставить одну),12_extra_copy_of_identical_task,
G5_TB_57_1357.8,12_extra_copy_of_identical_task,отключить лишнюю копию (оставить одну),12_extra_copy_of_identical_task,
G5_TB_59_1392.1,10_latex_meaning_differs,проверить до переключения показа на question_latex,10_latex_meaning_differs,
G5_TB_59_1392.2,10_latex_meaning_differs,проверить до переключения показа на question_latex,10_latex_meaning_differs,
G5_TB_59_1392.3,10_latex_meaning_differs,проверить до переключения показа на question_latex,10_latex_meaning_differs,
G5_TB_59_1392.4,10_latex_meaning_differs,проверить до переключения показа на question_latex,10_latex_meaning_differs,
G5_TB_59_1401.4,07_duplicate_question_conflicting_key,"сравнить копии, оставить верную, остальные отключить",07_duplicate_question_conflicting_key,
G5_TB_59_1401.5,07_duplicate_question_conflicting_key,"сравнить копии, оставить верную, остальные отключить",07_duplicate_question_conflicting_key,
G5_TB_59_1401.6,07_duplicate_question_conflicting_key,"сравнить копии, оставить верную, остальные отключить",07_duplicate_question_conflicting_key,
G5_TB_59_1404.1,10_latex_meaning_differs,проверить до переключения показа на question_latex,10_latex_meaning_differs,
G5_TB_59_1404.2,10_latex_meaning_differs,проверить до переключения показа на question_latex,10_latex_meaning_differs,
G5_TB_59_1404.3,10_latex_meaning_differs,проверить до переключения показа на question_latex,10_latex_meaning_differs,
G5_TB_59_1411.1,12_extra_copy_of_identical_task,отключить лишнюю копию (оставить одну),12_extra_copy_of_identical_task,
G5_TB_59_1411.2,07_duplicate_question_conflicting_key,"сравнить копии, оставить верную, остальные отключить",07_duplicate_question_conflicting_key,
G5_TB_59_1411.3,12_extra_copy_of_identical_task,отключить лишнюю копию (оставить одну),12_extra_copy_of_identical_task,
G5_TB_59_1411.4,07_duplicate_question_conflicting_key,"сравнить копии, оставить верную, остальные отключить",07_duplicate_question_conflicting_key,
G5_TB_59_1411.6,07_duplicate_question_conflicting_key,"сравнить копии, оставить верную, остальные отключить",07_duplicate_question_conflicting_key,
G5_TB_5_148.1,10_latex_meaning_differs,проверить до переключения показа на question_latex,10_latex_meaning_differs,
G5_TB_5_167.4,06_correct_lookalike_graded_wrong,исправляется кодом диагностики (оценка по выбранному варианту),06_correct_lookalike_graded_wrong,
G5_TB_62_1468.1,12_extra_copy_of_identical_task,отключить лишнюю копию (оставить одну),12_extra_copy_of_identical_task,
G5_TB_62_1468.2,12_extra_copy_of_identical_task,отключить лишнюю копию (оставить одну),12_extra_copy_of_identical_task,
G5_TB_62_1468.3,12_extra_copy_of_identical_task,отключить лишнюю копию (оставить одну),12_extra_copy_of_identical_task,
G5_TB_62_1468.4,12_extra_copy_of_identical_task,отключить лишнюю копию (оставить одну),12_extra_copy_of_identical_task,
G5_TB_62_1468.5,12_extra_copy_of_identical_task,отключить лишнюю копию (оставить одну),12_extra_copy_of_identical_task,
G5_TB_62_1468.6,12_extra_copy_of_identical_task,отключить лишнюю копию (оставить одну),12_extra_copy_of_identical_task,
G5_TB_62_1468.7,12_extra_copy_of_identical_task,отключить лишнюю копию (оставить одну),12_extra_copy_of_identical_task,
G5_TB_62_1468.8,12_extra_copy_of_identical_task,отключить лишнюю копию (оставить одну),12_extra_copy_of_identical_task,
G5_TB_62_1468.9,12_extra_copy_of_identical_task,отключить лишнюю копию (оставить одну),12_extra_copy_of_identical_task,
G5_TB_62_1474.2,10_latex_meaning_differs,проверить до переключения показа на question_latex,10_latex_meaning_differs,
G5_TB_62_1476.1,12_extra_copy_of_identical_task,отключить лишнюю копию (оставить одну),12_extra_copy_of_identical_task,
G5_TB_62_1476.2,12_extra_copy_of_identical_task,отключить лишнюю копию (оставить одну),12_extra_copy_of_identical_task,
G5_TB_62_1476.3,12_extra_copy_of_identical_task,отключить лишнюю копию (оставить одну),12_extra_copy_of_identical_task,
G5_TB_62_1476.4,12_extra_copy_of_identical_task,отключить лишнюю копию (оставить одну),12_extra_copy_of_identical_task,
G5_TB_62_1476.5,12_extra_copy_of_identical_task,отключить лишнюю копию (оставить одну),12_extra_copy_of_identical_task,
G5_TB_62_1476.6,12_extra_copy_of_identical_task,отключить лишнюю копию (оставить одну),12_extra_copy_of_identical_task,
G5_TB_62_1479.2,10_latex_meaning_differs,проверить до переключения показа на question_latex,10_latex_meaning_differs,
G5_TB_62_1479.3,10_latex_meaning_differs,проверить до переключения показа на question_latex,10_latex_meaning_differs,
G5_TB_62_1479.5,10_latex_meaning_differs,проверить до переключения показа на question_latex,10_latex_meaning_differs,
G5_TB_62_1479.6,10_latex_meaning_differs,проверить до переключения показа на question_latex,10_latex_meaning_differs,
G5_TB_63_1488.3,12_extra_copy_of_identical_task,отключить лишнюю копию (оставить одну),12_extra_copy_of_identical_task,
G5_TB_63_1489.3,12_extra_copy_of_identical_task,отключить лишнюю копию (оставить одну),12_extra_copy_of_identical_task,
G5_TB_63_1492.1,12_extra_copy_of_identical_task,отключить лишнюю копию (оставить одну),12_extra_copy_of_identical_task,
G5_TB_63_1492.2,12_extra_copy_of_identical_task,отключить лишнюю копию (оставить одну),12_extra_copy_of_identical_task,
G5_TB_63_1492.3,12_extra_copy_of_identical_task,отключить лишнюю копию (оставить одну),12_extra_copy_of_identical_task,
G5_TB_63_1492.4,12_extra_copy_of_identical_task,отключить лишнюю копию (оставить одну),12_extra_copy_of_identical_task,
G5_TB_63_1492.5,12_extra_copy_of_identical_task,отключить лишнюю копию (оставить одну),12_extra_copy_of_identical_task,
G5_TB_63_1492.6,12_extra_copy_of_identical_task,отключить лишнюю копию (оставить одну),12_extra_copy_of_identical_task,
G5_TB_63_1493.2,12_extra_copy_of_identical_task,отключить лишнюю копию (оставить одну),12_extra_copy_of_identical_task,
G5_TB_63_1493.3,12_extra_copy_of_identical_task,отключить лишнюю копию (оставить одну),12_extra_copy_of_identical_task,
G5_TB_63_1498.8,10_latex_meaning_differs,проверить до переключения показа на question_latex,10_latex_meaning_differs,
G5_TB_63_1514.1,12_extra_copy_of_identical_task,отключить лишнюю копию (оставить одну),12_extra_copy_of_identical_task,
G5_TB_63_1514.2,12_extra_copy_of_identical_task,отключить лишнюю копию (оставить одну),12_extra_copy_of_identical_task,
G5_TB_64_1521.3,10_latex_meaning_differs,проверить до переключения показа на question_latex,10_latex_meaning_differs,
G5_TB_64_1521.4,12_extra_copy_of_identical_task,отключить лишнюю копию (оставить одну),12_extra_copy_of_identical_task,
G5_TB_64_1521.5,10_latex_meaning_differs,проверить до переключения показа на question_latex,10_latex_meaning_differs,
G5_TB_64_1521.7,10_latex_meaning_differs,проверить до переключения показа на question_latex,10_latex_meaning_differs,
G5_TB_64_1524,10_latex_meaning_differs,проверить до переключения показа на question_latex,10_latex_meaning_differs,
G5_TB_64_1526.2,10_latex_meaning_differs,проверить до переключения показа на question_latex,10_latex_meaning_differs,
G5_TB_64_1526.3,10_latex_meaning_differs,проверить до переключения показа на question_latex,10_latex_meaning_differs,
G5_TB_64_1526.4,10_latex_meaning_differs,проверить до переключения показа на question_latex,10_latex_meaning_differs,
G5_TB_64_1528.4,12_extra_copy_of_identical_task,отключить лишнюю копию (оставить одну),12_extra_copy_of_identical_task,
G5_TB_64_1536.1,10_latex_meaning_differs,проверить до переключения показа на question_latex,10_latex_meaning_differs,
G5_TB_64_1536.9,10_latex_meaning_differs,проверить до переключения показа на question_latex,10_latex_meaning_differs,
G5_TB_64_1538.4,12_extra_copy_of_identical_task,отключить лишнюю копию (оставить одну),12_extra_copy_of_identical_task,
G5_TB_64_1540.2,12_extra_copy_of_identical_task,отключить лишнюю копию (оставить одну),12_extra_copy_of_identical_task,
G5_TB_64_1543.1,06_correct_lookalike_graded_wrong,исправляется кодом диагностики (оценка по выбранному варианту),06_correct_lookalike_graded_wrong,
G5_TB_64_1544.2,10_latex_meaning_differs,проверить до переключения показа на question_latex,10_latex_meaning_differs,
G5_TB_64_1544.4,10_latex_meaning_differs,проверить до переключения показа на question_latex,10_latex_meaning_differs,
G5_TB_64_1544.6,10_latex_meaning_differs,проверить до переключения показа на question_latex,10_latex_meaning_differs,
G5_TB_64_1545.1,12_extra_copy_of_identical_task,отключить лишнюю копию (оставить одну),12_extra_copy_of_identical_task,
G5_TB_64_1550.4,12_extra_copy_of_identical_task,отключить лишнюю копию (оставить одну),12_extra_copy_of_identical_task,
G5_TB_64_1551.1,12_extra_copy_of_identical_task,отключить лишнюю копию (оставить одну),12_extra_copy_of_identical_task,
G5_TB_64_1551.2,12_extra_copy_of_identical_task,отключить лишнюю копию (оставить одну),12_extra_copy_of_identical_task,
G5_TB_64_1551.3,12_extra_copy_of_identical_task,отключить лишнюю копию (оставить одну),12_extra_copy_of_identical_task,
G5_TB_64_1551.4,12_extra_copy_of_identical_task,отключить лишнюю копию (оставить одну),12_extra_copy_of_identical_task,
G5_TB_64_1551.5,12_extra_copy_of_identical_task,отключить лишнюю копию (оставить одну),12_extra_copy_of_identical_task,
G5_TB_64_1551.6,12_extra_copy_of_identical_task,отключить лишнюю копию (оставить одну),12_extra_copy_of_identical_task,
G5_TB_64_1552.2,12_extra_copy_of_identical_task,отключить лишнюю копию (оставить одну),12_extra_copy_of_identical_task,
G5_TB_64_1556.2,10_latex_meaning_differs,проверить до переключения показа на question_latex,10_latex_meaning_differs,
G5_TB_65_545.2,12_extra_copy_of_identical_task,отключить лишнюю копию (оставить одну),12_extra_copy_of_identical_task,
G5_TB_65_551.1,12_extra_copy_of_identical_task,отключить лишнюю копию (оставить одну),12_extra_copy_of_identical_task,
G5_TB_65_551.2,12_extra_copy_of_identical_task,отключить лишнюю копию (оставить одну),12_extra_copy_of_identical_task,
G5_TB_65_551.3,12_extra_copy_of_identical_task,отключить лишнюю копию (оставить одну),12_extra_copy_of_identical_task,
G5_TB_65_551.4,12_extra_copy_of_identical_task,отключить лишнюю копию (оставить одну),12_extra_copy_of_identical_task,
G5_TB_65_551.5,12_extra_copy_of_identical_task,отключить лишнюю копию (оставить одну),12_extra_copy_of_identical_task,
G5_TB_65_555.4,10_latex_meaning_differs,проверить до переключения показа на question_latex,10_latex_meaning_differs,
G5_TB_65_559.1,10_latex_meaning_differs,проверить до переключения показа на question_latex,10_latex_meaning_differs,
G5_TB_66_1581,10_latex_meaning_differs,проверить до переключения показа на question_latex,10_latex_meaning_differs,
G5_TB_66_1599,10_latex_meaning_differs,проверить до переключения показа на question_latex,10_latex_meaning_differs,
G5_TB_67_1604,10_latex_meaning_differs,проверить до переключения показа на question_latex,10_latex_meaning_differs,
G5_TB_67_1606,10_latex_meaning_differs,проверить до переключения показа на question_latex,10_latex_meaning_differs,
G5_TB_67_1611,10_latex_meaning_differs,проверить до переключения показа на question_latex,10_latex_meaning_differs,
G5_TB_67_1612,10_latex_meaning_differs,проверить до переключения показа на question_latex,10_latex_meaning_differs,
G5_TB_67_1615,10_latex_meaning_differs,проверить до переключения показа на question_latex,10_latex_meaning_differs,
G5_TB_69_1681,10_latex_meaning_differs,проверить до переключения показа на question_latex,10_latex_meaning_differs,
G5_TB_6_88.5,06_correct_lookalike_graded_wrong,исправляется кодом диагностики (оценка по выбранному варианту),06_correct_lookalike_graded_wrong,
G5_TB_6_97.4,12_extra_copy_of_identical_task,отключить лишнюю копию (оставить одну),12_extra_copy_of_identical_task,
G5_TB_6_99.2,06_correct_lookalike_graded_wrong,исправляется кодом диагностики (оценка по выбранному варианту),06_correct_lookalike_graded_wrong,
G5_TB_70_1707.3,10_latex_meaning_differs,проверить до переключения показа на question_latex,10_latex_meaning_differs,
G5_TB_7_123.1,06_correct_lookalike_graded_wrong,исправляется кодом диагностики (оценка по выбранному варианту),06_correct_lookalike_graded_wrong,
G5_TB_8_304.1,10_latex_meaning_differs,проверить до переключения показа на question_latex,10_latex_meaning_differs,
G5_TB_8_304.2,10_latex_meaning_differs,проверить до переключения показа на question_latex,10_latex_meaning_differs,
G6_TB_105–106_910,06_correct_lookalike_graded_wrong,исправляется кодом диагностики (оценка по выбранному варианту),06_correct_lookalike_graded_wrong,
G6_TB_107–109_919.5,12_extra_copy_of_identical_task,отключить лишнюю копию (оставить одну),12_extra_copy_of_identical_task,
G6_TB_107–109_934.1,06_correct_lookalike_graded_wrong,исправляется кодом диагностики (оценка по выбранному варианту),06_correct_lookalike_graded_wrong,
G6_TB_110–112_942.7,12_extra_copy_of_identical_task,отключить лишнюю копию (оставить одну),12_extra_copy_of_identical_task,
G6_TB_116–117_984.1,07_duplicate_question_conflicting_key,"сравнить копии, оставить верную, остальные отключить",07_duplicate_question_conflicting_key,
G6_TB_116–117_984.2,07_duplicate_question_conflicting_key,"сравнить копии, оставить верную, остальные отключить",07_duplicate_question_conflicting_key,
G6_TB_116–117_984.3,07_duplicate_question_conflicting_key,"сравнить копии, оставить верную, остальные отключить",07_duplicate_question_conflicting_key,
G6_TB_116–117_984.4,07_duplicate_question_conflicting_key,"сравнить копии, оставить верную, остальные отключить",07_duplicate_question_conflicting_key,
G6_TB_118–119_1027.2,12_extra_copy_of_identical_task,отключить лишнюю копию (оставить одну),12_extra_copy_of_identical_task,
G6_TB_11_426.2,10_latex_meaning_differs,проверить до переключения показа на question_latex,10_latex_meaning_differs,
G6_TB_11–12_104.4,10_latex_meaning_differs,проверить до переключения показа на question_latex,10_latex_meaning_differs,
G6_TB_124–125_1047.1,01_confirmed_wrong_key,исправить ключ или отключить (см. decision_note),01_confirmed_wrong_key,fix_key: answer of sub-question 1 only
G6_TB_12_472.5,06_correct_lookalike_graded_wrong,исправляется кодом диагностики (оценка по выбранному варианту),06_correct_lookalike_graded_wrong,
G6_TB_12_513.1,12_extra_copy_of_identical_task,отключить лишнюю копию (оставить одну),12_extra_copy_of_identical_task,
G6_TB_12_513.8,06_correct_lookalike_graded_wrong,исправляется кодом диагностики (оценка по выбранному варианту),06_correct_lookalike_graded_wrong,
G6_TB_139–142_1126.4,10_latex_meaning_differs,проверить до переключения показа на question_latex,10_latex_meaning_differs,
G6_TB_139–142_1132.1,12_extra_copy_of_identical_task,отключить лишнюю копию (оставить одну),12_extra_copy_of_identical_task,
G6_TB_139–142_1132.2,10_latex_meaning_differs,проверить до переключения показа на question_latex,10_latex_meaning_differs;12_extra_copy_of_identical_task,
G6_TB_139–142_1136.2,12_extra_copy_of_identical_task,отключить лишнюю копию (оставить одну),12_extra_copy_of_identical_task,
G6_TB_13_567.3,06_correct_lookalike_graded_wrong,исправляется кодом диагностики (оценка по выбранному варианту),06_correct_lookalike_graded_wrong,
G6_TB_13_578.4,07_duplicate_question_conflicting_key,"сравнить копии, оставить верную, остальные отключить",07_duplicate_question_conflicting_key,
G6_TB_13–14_146.1,07_duplicate_question_conflicting_key,"сравнить копии, оставить верную, остальные отключить",07_duplicate_question_conflicting_key,
G6_TB_13–14_146.2,07_duplicate_question_conflicting_key,"сравнить копии, оставить верную, остальные отключить",07_duplicate_question_conflicting_key,
G6_TB_15_626.4,07_duplicate_question_conflicting_key,"сравнить копии, оставить верную, остальные отключить",07_duplicate_question_conflicting_key,
G6_TB_15–16_146.1,07_duplicate_question_conflicting_key,"сравнить копии, оставить верную, остальные отключить",07_duplicate_question_conflicting_key,
G6_TB_15–16_146.2,07_duplicate_question_conflicting_key,"сравнить копии, оставить верную, остальные отключить",07_duplicate_question_conflicting_key,
G6_TB_15–16_154.4,12_extra_copy_of_identical_task,отключить лишнюю копию (оставить одну),12_extra_copy_of_identical_task,
G6_TB_17_692.2,10_latex_meaning_differs,проверить до переключения показа на question_latex,10_latex_meaning_differs,
G6_TB_17_693,06_correct_lookalike_graded_wrong,исправляется кодом диагностики (оценка по выбранному варианту),06_correct_lookalike_graded_wrong,
G6_TB_19–20_170,10_latex_meaning_differs,проверить до переключения показа на question_latex,10_latex_meaning_differs,
G6_TB_19–20_180,10_latex_meaning_differs,проверить до переключения показа на question_latex,10_latex_meaning_differs,
G6_TB_1_32.4,10_latex_meaning_differs,проверить до переключения показа на question_latex,10_latex_meaning_differs,
G6_TB_1_52.2,10_latex_meaning_differs,проверить до переключения показа на question_latex,10_latex_meaning_differs,
G6_TB_1_59.1,10_latex_meaning_differs,проверить до переключения показа на question_latex,10_latex_meaning_differs,
G6_TB_1–2_41.1,10_latex_meaning_differs,проверить до переключения показа на question_latex,10_latex_meaning_differs,
G6_TB_1–2_41.2,10_latex_meaning_differs,проверить до переключения показа на question_latex,10_latex_meaning_differs,
G6_TB_1–2_41.3,10_latex_meaning_differs,проверить до переключения показа на question_latex,10_latex_meaning_differs,
G6_TB_1–2_41.4,10_latex_meaning_differs,проверить до переключения показа на question_latex,10_latex_meaning_differs,
G6_TB_1–2_65,10_latex_meaning_differs,проверить до переключения показа на question_latex,10_latex_meaning_differs,
G6_TB_20_859.1,06_correct_lookalike_graded_wrong,исправляется кодом диагностики (оценка по выбранному варианту),06_correct_lookalike_graded_wrong,
G6_TB_21–23_202,10_latex_meaning_differs,проверить до переключения показа на question_latex,10_latex_meaning_differs,
G6_TB_21–23_206,10_latex_meaning_differs,проверить до переключения показа на question_latex,10_latex_meaning_differs,
G6_TB_23_927.6,06_correct_lookalike_graded_wrong,исправляется кодом диагностики (оценка по выбранному варианту),06_correct_lookalike_graded_wrong,
G6_TB_23_935,06_correct_lookalike_graded_wrong,исправляется кодом диагностики (оценка по выбранному варианту),06_correct_lookalike_graded_wrong,
G6_TB_24_954,06_correct_lookalike_graded_wrong,исправляется кодом диагностики (оценка по выбранному варианту),06_correct_lookalike_graded_wrong,
G6_TB_24_958.4,06_correct_lookalike_graded_wrong,исправляется кодом диагностики (оценка по выбранному варианту),06_correct_lookalike_graded_wrong,
G6_TB_25_1020.7,07_duplicate_question_conflicting_key,"сравнить копии, оставить верную, остальные отключить",07_duplicate_question_conflicting_key,
G6_TB_25_1028.1,07_duplicate_question_conflicting_key,"сравнить копии, оставить верную, остальные отключить",07_duplicate_question_conflicting_key,
G6_TB_25_1028.2,07_duplicate_question_conflicting_key,"сравнить копии, оставить верную, остальные отключить",07_duplicate_question_conflicting_key,
G6_TB_25_1028.3,07_duplicate_question_conflicting_key,"сравнить копии, оставить верную, остальные отключить",07_duplicate_question_conflicting_key,
G6_TB_25_1030.1,12_extra_copy_of_identical_task,отключить лишнюю копию (оставить одну),12_extra_copy_of_identical_task,
G6_TB_25_1030.2,12_extra_copy_of_identical_task,отключить лишнюю копию (оставить одну),12_extra_copy_of_identical_task,
G6_TB_25_1030.3,07_duplicate_question_conflicting_key,"сравнить копии, оставить верную, остальные отключить",07_duplicate_question_conflicting_key,
G6_TB_25_1030.4,12_extra_copy_of_identical_task,отключить лишнюю копию (оставить одну),12_extra_copy_of_identical_task,
G6_TB_25_1030.5,12_extra_copy_of_identical_task,отключить лишнюю копию (оставить одну),12_extra_copy_of_identical_task,
G6_TB_25_1030.6,12_extra_copy_of_identical_task,отключить лишнюю копию (оставить одну),12_extra_copy_of_identical_task,
G6_TB_25_1034,12_extra_copy_of_identical_task,отключить лишнюю копию (оставить одну),12_extra_copy_of_identical_task,
G6_TB_25_1038.1,07_duplicate_question_conflicting_key,"сравнить копии, оставить верную, остальные отключить",07_duplicate_question_conflicting_key,
G6_TB_25_1038.2,07_duplicate_question_conflicting_key,"сравнить копии, оставить верную, остальные отключить",07_duplicate_question_conflicting_key,
G6_TB_25_1038.3,07_duplicate_question_conflicting_key,"сравнить копии, оставить верную, остальные отключить",07_duplicate_question_conflicting_key,
G6_TB_27_1078.4,06_correct_lookalike_graded_wrong,исправляется кодом диагностики (оценка по выбранному варианту),06_correct_lookalike_graded_wrong,
G6_TB_27_1086,10_latex_meaning_differs,проверить до переключения показа на question_latex,10_latex_meaning_differs,
G6_TB_2_73.2,10_latex_meaning_differs,проверить до переключения показа на question_latex,10_latex_meaning_differs,
G6_TB_30_1171.1,10_latex_meaning_differs,проверить до переключения показа на question_latex,10_latex_meaning_differs,
G6_TB_30_1171.2,10_latex_meaning_differs,проверить до переключения показа на question_latex,10_latex_meaning_differs,
G6_TB_30_1171.3,10_latex_meaning_differs,проверить до переключения показа на question_latex,10_latex_meaning_differs,
G6_TB_34_1238.11,07_duplicate_question_conflicting_key,"сравнить копии, оставить верную, остальные отключить",07_duplicate_question_conflicting_key,
G6_TB_34_1272.2,12_extra_copy_of_identical_task,отключить лишнюю копию (оставить одну),12_extra_copy_of_identical_task,
G6_TB_34_1279.10,12_extra_copy_of_identical_task,отключить лишнюю копию (оставить одну),12_extra_copy_of_identical_task,
G6_TB_34_1279.11,07_duplicate_question_conflicting_key,"сравнить копии, оставить верную, остальные отключить",07_duplicate_question_conflicting_key,
G6_TB_34_1279.12,12_extra_copy_of_identical_task,отключить лишнюю копию (оставить одну),12_extra_copy_of_identical_task,
G6_TB_34_1279.13,12_extra_copy_of_identical_task,отключить лишнюю копию (оставить одну),12_extra_copy_of_identical_task,
G6_TB_34_1279.14,12_extra_copy_of_identical_task,отключить лишнюю копию (оставить одну),12_extra_copy_of_identical_task,
G6_TB_34_1279.15,12_extra_copy_of_identical_task,отключить лишнюю копию (оставить одну),12_extra_copy_of_identical_task,
G6_TB_34_1279.16,12_extra_copy_of_identical_task,отключить лишнюю копию (оставить одну),12_extra_copy_of_identical_task,
G6_TB_34_1279.9,12_extra_copy_of_identical_task,отключить лишнюю копию (оставить одну),12_extra_copy_of_identical_task,
G6_TB_3_112.1,10_latex_meaning_differs,проверить до переключения показа на question_latex,10_latex_meaning_differs,
G6_TB_3_112.2,10_latex_meaning_differs,проверить до переключения показа на question_latex,10_latex_meaning_differs,
G6_TB_3_135.2,10_latex_meaning_differs,проверить до переключения показа на question_latex,10_latex_meaning_differs,
G6_TB_40–42_356.5,06_correct_lookalike_graded_wrong,исправляется кодом диагностики (оценка по выбранному варианту),06_correct_lookalike_graded_wrong,
G6_TB_42_1493.1,12_extra_copy_of_identical_task,отключить лишнюю копию (оставить одну),12_extra_copy_of_identical_task,
G6_TB_42_1493.2,12_extra_copy_of_identical_task,отключить лишнюю копию (оставить одну),12_extra_copy_of_identical_task,
G6_TB_46–48_397,12_extra_copy_of_identical_task,отключить лишнюю копию (оставить одну),12_extra_copy_of_identical_task,
G6_TB_46–48_403.2,10_latex_meaning_differs,проверить до переключения показа на question_latex,10_latex_meaning_differs,
G6_TB_46–48_403.4,10_latex_meaning_differs,проверить до переключения показа на question_latex,10_latex_meaning_differs,
G6_TB_51–52_457.1,12_extra_copy_of_identical_task,отключить лишнюю копию (оставить одну),12_extra_copy_of_identical_task,
G6_TB_53–54_479,06_correct_lookalike_graded_wrong,исправляется кодом диагностики (оценка по выбранному варианту),06_correct_lookalike_graded_wrong,
G6_TB_62–64_568,10_latex_meaning_differs,проверить до переключения показа на question_latex,10_latex_meaning_differs,
G6_TB_65–66_568,10_latex_meaning_differs,проверить до переключения показа на question_latex,10_latex_meaning_differs;12_extra_copy_of_identical_task,
G6_TB_69–74_639,10_latex_meaning_differs,проверить до переключения показа на question_latex,10_latex_meaning_differs,
G6_TB_6–7_78.1,12_extra_copy_of_identical_task,отключить лишнюю копию (оставить одну),12_extra_copy_of_identical_task,
G6_TB_6–7_78.2,12_extra_copy_of_identical_task,отключить лишнюю копию (оставить одну),12_extra_copy_of_identical_task,
G6_TB_6–7_78.3,12_extra_copy_of_identical_task,отключить лишнюю копию (оставить одну),12_extra_copy_of_identical_task,
G6_TB_75–78_653,10_latex_meaning_differs,проверить до переключения показа на question_latex,10_latex_meaning_differs,
G6_TB_7_261.2,06_correct_lookalike_graded_wrong,исправляется кодом диагностики (оценка по выбранному варианту),06_correct_lookalike_graded_wrong,
G6_TB_7_297.4,12_extra_copy_of_identical_task,отключить лишнюю копию (оставить одну),12_extra_copy_of_identical_task,
G6_TB_81–83_691,11_open_input_no_options,да/нет показывать двумя вариантами (код),11_open_input_no_options,
G6_TB_95–97_830,01_confirmed_wrong_key,исправить ключ или отключить (см. decision_note),01_confirmed_wrong_key,deactivate: false key and two true options
G6_TB_ТестII_4,10_latex_meaning_differs,проверить до переключения показа на question_latex,10_latex_meaning_differs,
G6_TB_ТестX_1,11_open_input_no_options,да/нет показывать двумя вариантами (код),11_open_input_no_options,
G6_TB_ТестX_1171.2,06_correct_lookalike_graded_wrong,исправляется кодом диагностики (оценка по выбранному варианту),06_correct_lookalike_graded_wrong,
G6_TB_ТестX_1206.2,07_duplicate_question_conflicting_key,"сравнить копии, оставить верную, остальные отключить",07_duplicate_question_conflicting_key,
G6_TB_ТестX_2,11_open_input_no_options,да/нет показывать двумя вариантами (код),11_open_input_no_options,
G6_TB_ТестX_3,11_open_input_no_options,да/нет показывать двумя вариантами (код),11_open_input_no_options,
G6_TB_ТестX_4,11_open_input_no_options,да/нет показывать двумя вариантами (код),11_open_input_no_options,
G7_ALG_0_25,10_latex_meaning_differs,проверить до переключения показа на question_latex,10_latex_meaning_differs,
G7_ALG_0_26.2,10_latex_meaning_differs,проверить до переключения показа на question_latex,10_latex_meaning_differs,
G7_ALG_0_26.3,10_latex_meaning_differs,проверить до переключения показа на question_latex,10_latex_meaning_differs,
G7_ALG_0_29.1,10_latex_meaning_differs,проверить до переключения показа на question_latex,10_latex_meaning_differs,
G7_ALG_0_29.4,10_latex_meaning_differs,проверить до переключения показа на question_latex,10_latex_meaning_differs,
G7_ALG_0_30.1,10_latex_meaning_differs,проверить до переключения показа на question_latex,10_latex_meaning_differs,
G7_ALG_0_30.2,10_latex_meaning_differs,проверить до переключения показа на question_latex,10_latex_meaning_differs,
G7_ALG_0_30.3,10_latex_meaning_differs,проверить до переключения показа на question_latex,10_latex_meaning_differs,
G7_ALG_11_16.2,10_latex_meaning_differs,проверить до переключения показа на question_latex,10_latex_meaning_differs,
G7_ALG_11_9.1,12_extra_copy_of_identical_task,отключить лишнюю копию (оставить одну),12_extra_copy_of_identical_task,
G7_ALG_11_9.2,12_extra_copy_of_identical_task,отключить лишнюю копию (оставить одну),12_extra_copy_of_identical_task,
G7_ALG_11_9.3,12_extra_copy_of_identical_task,отключить лишнюю копию (оставить одну),12_extra_copy_of_identical_task,
G7_ALG_15_6.4,12_extra_copy_of_identical_task,отключить лишнюю копию (оставить одну),12_extra_copy_of_identical_task,
G7_ALG_18_2.1,10_latex_meaning_differs,проверить до переключения показа на question_latex,10_latex_meaning_differs,
G7_ALG_18_2.10,10_latex_meaning_differs,проверить до переключения показа на question_latex,10_latex_meaning_differs,
G7_ALG_18_2.2,10_latex_meaning_differs,проверить до переключения показа на question_latex,10_latex_meaning_differs,
G7_ALG_18_2.3,10_latex_meaning_differs,проверить до переключения показа на question_latex,10_latex_meaning_differs,
G7_ALG_18_2.4,10_latex_meaning_differs,проверить до переключения показа на question_latex,10_latex_meaning_differs,
G7_ALG_18_2.5,10_latex_meaning_differs,проверить до переключения показа на question_latex,10_latex_meaning_differs,
G7_ALG_18_2.6,10_latex_meaning_differs,проверить до переключения показа на question_latex,10_latex_meaning_differs,
G7_ALG_18_2.7,10_latex_meaning_differs,проверить до переключения показа на question_latex,10_latex_meaning_differs,
G7_ALG_18_2.8,10_latex_meaning_differs,проверить до переключения показа на question_latex,10_latex_meaning_differs,
G7_ALG_18_2.9,10_latex_meaning_differs,проверить до переключения показа на question_latex,10_latex_meaning_differs,
G7_ALG_18_7.1,10_latex_meaning_differs,проверить до переключения показа на question_latex,10_latex_meaning_differs,
G7_ALG_18_7.2,10_latex_meaning_differs,проверить до переключения показа на question_latex,10_latex_meaning_differs,
G7_ALG_18_7.3,10_latex_meaning_differs,проверить до переключения показа на question_latex,10_latex_meaning_differs,
G7_ALG_18_7.4,10_latex_meaning_differs,проверить до переключения показа на question_latex,10_latex_meaning_differs,
G7_ALG_19_10.1,10_latex_meaning_differs,проверить до переключения показа на question_latex,10_latex_meaning_differs,
G7_ALG_19_10.2,10_latex_meaning_differs,проверить до переключения показа на question_latex,10_latex_meaning_differs,
G7_ALG_19_10.3,10_latex_meaning_differs,проверить до переключения показа на question_latex,10_latex_meaning_differs,
G7_ALG_19_10.5,10_latex_meaning_differs,проверить до переключения показа на question_latex,10_latex_meaning_differs,
G7_ALG_19_15.1,10_latex_meaning_differs,проверить до переключения показа на question_latex,10_latex_meaning_differs,
G7_ALG_19_15.2,10_latex_meaning_differs,проверить до переключения показа на question_latex,10_latex_meaning_differs,
G7_ALG_19_15.3,10_latex_meaning_differs,проверить до переключения показа на question_latex,10_latex_meaning_differs,
G7_ALG_19_15.4,10_latex_meaning_differs,проверить до переключения показа на question_latex,10_latex_meaning_differs,
G7_ALG_19_15.5,10_latex_meaning_differs,проверить до переключения показа на question_latex,10_latex_meaning_differs,
G7_ALG_19_15.6,10_latex_meaning_differs,проверить до переключения показа на question_latex,10_latex_meaning_differs,
G7_ALG_19_2.4,06_correct_lookalike_graded_wrong,исправляется кодом диагностики (оценка по выбранному варианту),06_correct_lookalike_graded_wrong,
G7_ALG_19_4.4,10_latex_meaning_differs,проверить до переключения показа на question_latex,10_latex_meaning_differs,
G7_ALG_19_4.6,10_latex_meaning_differs,проверить до переключения показа на question_latex,10_latex_meaning_differs,
G7_ALG_19_7.5,12_extra_copy_of_identical_task,отключить лишнюю копию (оставить одну),12_extra_copy_of_identical_task,
G7_ALG_19_9.1,10_latex_meaning_differs,проверить до переключения показа на question_latex,10_latex_meaning_differs,
G7_ALG_19_9.2,10_latex_meaning_differs,проверить до переключения показа на question_latex,10_latex_meaning_differs,
G7_ALG_19_9.6,10_latex_meaning_differs,проверить до переключения показа на question_latex,10_latex_meaning_differs,
G7_ALG_1_7.2,10_latex_meaning_differs,проверить до переключения показа на question_latex,10_latex_meaning_differs,
G7_ALG_1_8.1,12_extra_copy_of_identical_task,отключить лишнюю копию (оставить одну),12_extra_copy_of_identical_task,
G7_ALG_1_8.2,12_extra_copy_of_identical_task,отключить лишнюю копию (оставить одну),12_extra_copy_of_identical_task,
G7_ALG_23_10.3,06_correct_lookalike_graded_wrong,исправляется кодом диагностики (оценка по выбранному варианту),06_correct_lookalike_graded_wrong,
G7_ALG_26_1,10_latex_meaning_differs,проверить до переключения показа на question_latex,10_latex_meaning_differs,
G7_ALG_27_1,10_latex_meaning_differs,проверить до переключения показа на question_latex,10_latex_meaning_differs,
G7_ALG_29_14,10_latex_meaning_differs,проверить до переключения показа на question_latex,10_latex_meaning_differs,
G7_ALG_29_17,10_latex_meaning_differs,проверить до переключения показа на question_latex,10_latex_meaning_differs,
G7_ALG_29_25,10_latex_meaning_differs,проверить до переключения показа на question_latex,10_latex_meaning_differs,
G7_ALG_29_26,10_latex_meaning_differs,проверить до переключения показа на question_latex,10_latex_meaning_differs,
G7_ALG_29_7,10_latex_meaning_differs,проверить до переключения показа на question_latex,10_latex_meaning_differs,
G7_ALG_2_6.2,12_extra_copy_of_identical_task,отключить лишнюю копию (оставить одну),12_extra_copy_of_identical_task,
G7_ALG_2_6.3,12_extra_copy_of_identical_task,отключить лишнюю копию (оставить одну),12_extra_copy_of_identical_task,
G7_ALG_2_6.4,12_extra_copy_of_identical_task,отключить лишнюю копию (оставить одну),12_extra_copy_of_identical_task,
G7_ALG_31_12,10_latex_meaning_differs,проверить до переключения показа на question_latex,10_latex_meaning_differs,
G7_ALG_33_3,10_latex_meaning_differs,проверить до переключения показа на question_latex,10_latex_meaning_differs,
G7_ALG_35_10,10_latex_meaning_differs,проверить до переключения показа на question_latex,10_latex_meaning_differs,
G7_ALG_36_6,10_latex_meaning_differs,проверить до переключения показа на question_latex,10_latex_meaning_differs,
G7_ALG_37_15,10_latex_meaning_differs,проверить до переключения показа на question_latex,10_latex_meaning_differs,
G7_ALG_37_27,10_latex_meaning_differs,проверить до переключения показа на question_latex,10_latex_meaning_differs,
G7_ALG_38_15,10_latex_meaning_differs,проверить до переключения показа на question_latex,10_latex_meaning_differs,
G7_ALG_39_32,06_correct_lookalike_graded_wrong,исправляется кодом диагностики (оценка по выбранному варианту),06_correct_lookalike_graded_wrong,
G7_ALG_39_92.1,12_extra_copy_of_identical_task,отключить лишнюю копию (оставить одну),12_extra_copy_of_identical_task,
G7_ALG_39_92.2,12_extra_copy_of_identical_task,отключить лишнюю копию (оставить одну),12_extra_copy_of_identical_task,
G7_ALG_39_93,10_latex_meaning_differs,проверить до переключения показа на question_latex,10_latex_meaning_differs,
G7_ALG_39_99,10_latex_meaning_differs,проверить до переключения показа на question_latex,10_latex_meaning_differs,
G7_ALG_3_1.5,06_correct_lookalike_graded_wrong,исправляется кодом диагностики (оценка по выбранному варианту),06_correct_lookalike_graded_wrong,
G7_ALG_3_3,10_latex_meaning_differs,проверить до переключения показа на question_latex,10_latex_meaning_differs,
G7_ALG_3_6,10_latex_meaning_differs,проверить до переключения показа на question_latex,10_latex_meaning_differs,
G7_ALG_4_11.2,10_latex_meaning_differs,проверить до переключения показа на question_latex,10_latex_meaning_differs,
G7_ALG_4_11.3,10_latex_meaning_differs,проверить до переключения показа на question_latex,10_latex_meaning_differs,
G7_ALG_9_5.9,06_correct_lookalike_graded_wrong,исправляется кодом диагностики (оценка по выбранному варианту),06_correct_lookalike_graded_wrong,
G7_ALG_9_8.6,06_correct_lookalike_graded_wrong,исправляется кодом диагностики (оценка по выбранному варианту),06_correct_lookalike_graded_wrong,
G7_ALG_9_9.5,06_correct_lookalike_graded_wrong,исправляется кодом диагностики (оценка по выбранному варианту),06_correct_lookalike_graded_wrong,
G7_TB_13_277.1,07_duplicate_question_conflicting_key,"сравнить копии, оставить верную, остальные отключить",07_duplicate_question_conflicting_key,
G7_TB_15_305.1,12_extra_copy_of_identical_task,отключить лишнюю копию (оставить одну),12_extra_copy_of_identical_task,
G7_TB_15_305.2,12_extra_copy_of_identical_task,отключить лишнюю копию (оставить одну),12_extra_copy_of_identical_task,
G7_TB_15_305.3,12_extra_copy_of_identical_task,отключить лишнюю копию (оставить одну),12_extra_copy_of_identical_task,
G7_TB_15_305.4,12_extra_copy_of_identical_task,отключить лишнюю копию (оставить одну),12_extra_copy_of_identical_task,
G7_TB_16_319.1,12_extra_copy_of_identical_task,отключить лишнюю копию (оставить одну),12_extra_copy_of_identical_task,
G7_TB_16_319.3,12_extra_copy_of_identical_task,отключить лишнюю копию (оставить одну),12_extra_copy_of_identical_task,
G7_TB_1_10.1,07_duplicate_question_conflicting_key,"сравнить копии, оставить верную, остальные отключить",07_duplicate_question_conflicting_key,
G7_TB_1_10.2,07_duplicate_question_conflicting_key,"сравнить копии, оставить верную, остальные отключить",07_duplicate_question_conflicting_key,
G7_TB_1_11.3,07_duplicate_question_conflicting_key,"сравнить копии, оставить верную, остальные отключить",07_duplicate_question_conflicting_key,
G7_TB_1_11.4,07_duplicate_question_conflicting_key,"сравнить копии, оставить верную, остальные отключить",07_duplicate_question_conflicting_key,
G7_TB_1_7.1,07_duplicate_question_conflicting_key,"сравнить копии, оставить верную, остальные отключить",07_duplicate_question_conflicting_key,
G7_TB_1_7.2,07_duplicate_question_conflicting_key,"сравнить копии, оставить верную, остальные отключить",07_duplicate_question_conflicting_key,
G7_TB_1_8.3,07_duplicate_question_conflicting_key,"сравнить копии, оставить верную, остальные отключить",07_duplicate_question_conflicting_key,
G7_TB_1_8.4,07_duplicate_question_conflicting_key,"сравнить копии, оставить верную, остальные отключить",07_duplicate_question_conflicting_key,
G7_TB_20_444.3,06_correct_lookalike_graded_wrong,исправляется кодом диагностики (оценка по выбранному варианту),06_correct_lookalike_graded_wrong,
G7_TB_25_598.1,12_extra_copy_of_identical_task,отключить лишнюю копию (оставить одну),12_extra_copy_of_identical_task,
G7_TB_25_598.2,12_extra_copy_of_identical_task,отключить лишнюю копию (оставить одну),12_extra_copy_of_identical_task,
G7_TB_26_627.1,12_extra_copy_of_identical_task,отключить лишнюю копию (оставить одну),12_extra_copy_of_identical_task,
G7_TB_26_627.2,12_extra_copy_of_identical_task,отключить лишнюю копию (оставить одну),12_extra_copy_of_identical_task,
G7_TB_28_688.2,06_correct_lookalike_graded_wrong,исправляется кодом диагностики (оценка по выбранному варианту),06_correct_lookalike_graded_wrong,
G7_TB_2_27.1,12_extra_copy_of_identical_task,отключить лишнюю копию (оставить одну),12_extra_copy_of_identical_task,
G7_TB_2_27.2,12_extra_copy_of_identical_task,отключить лишнюю копию (оставить одну),12_extra_copy_of_identical_task,
G7_TB_2_27.3,12_extra_copy_of_identical_task,отключить лишнюю копию (оставить одну),12_extra_copy_of_identical_task,
G7_TB_2_27.4,12_extra_copy_of_identical_task,отключить лишнюю копию (оставить одну),12_extra_copy_of_identical_task,
G7_TB_2_27.5,12_extra_copy_of_identical_task,отключить лишнюю копию (оставить одну),12_extra_copy_of_identical_task,
G7_TB_2_29.1,12_extra_copy_of_identical_task,отключить лишнюю копию (оставить одну),12_extra_copy_of_identical_task,
G7_TB_2_29.2,12_extra_copy_of_identical_task,отключить лишнюю копию (оставить одну),12_extra_copy_of_identical_task,
G7_TB_2_29.3,12_extra_copy_of_identical_task,отключить лишнюю копию (оставить одну),12_extra_copy_of_identical_task,
G7_TB_2_29.4,12_extra_copy_of_identical_task,отключить лишнюю копию (оставить одну),12_extra_copy_of_identical_task,
G7_TB_2_31,12_extra_copy_of_identical_task,отключить лишнюю копию (оставить одну),12_extra_copy_of_identical_task,
G7_TB_2_36.1,12_extra_copy_of_identical_task,отключить лишнюю копию (оставить одну),12_extra_copy_of_identical_task,
G7_TB_2_36.2,12_extra_copy_of_identical_task,отключить лишнюю копию (оставить одну),12_extra_copy_of_identical_task,
G7_TB_2_36.4,12_extra_copy_of_identical_task,отключить лишнюю копию (оставить одну),12_extra_copy_of_identical_task,
G7_TB_30_730.4,12_extra_copy_of_identical_task,отключить лишнюю копию (оставить одну),12_extra_copy_of_identical_task,
G7_TB_30_732.1,12_extra_copy_of_identical_task,отключить лишнюю копию (оставить одну),12_extra_copy_of_identical_task,
G7_TB_30_732.2,12_extra_copy_of_identical_task,отключить лишнюю копию (оставить одну),12_extra_copy_of_identical_task,
G7_TB_30_735.4,12_extra_copy_of_identical_task,отключить лишнюю копию (оставить одну),12_extra_copy_of_identical_task,
G7_TB_30_737.1,12_extra_copy_of_identical_task,отключить лишнюю копию (оставить одну),12_extra_copy_of_identical_task,
G7_TB_30_737.2,12_extra_copy_of_identical_task,отключить лишнюю копию (оставить одну),12_extra_copy_of_identical_task,
G7_TB_32_826.1,10_latex_meaning_differs,проверить до переключения показа на question_latex,10_latex_meaning_differs,
G7_TB_32_826.2,10_latex_meaning_differs,проверить до переключения показа на question_latex,10_latex_meaning_differs,
G7_TB_32_826.3,10_latex_meaning_differs,проверить до переключения показа на question_latex,10_latex_meaning_differs,
G7_TB_32_826.4,10_latex_meaning_differs,проверить до переключения показа на question_latex,10_latex_meaning_differs,
G7_TB_32_826.5,10_latex_meaning_differs,проверить до переключения показа на question_latex,10_latex_meaning_differs,
G7_TB_33_840.1,07_duplicate_question_conflicting_key,"сравнить копии, оставить верную, остальные отключить",07_duplicate_question_conflicting_key,
G7_TB_35_902.2,12_extra_copy_of_identical_task,отключить лишнюю копию (оставить одну),12_extra_copy_of_identical_task,
G7_TB_35_913.2,12_extra_copy_of_identical_task,отключить лишнюю копию (оставить одну),12_extra_copy_of_identical_task,
G7_TB_35_924.2,12_extra_copy_of_identical_task,отключить лишнюю копию (оставить одну),12_extra_copy_of_identical_task,
G7_TB_37_967.1,12_extra_copy_of_identical_task,отключить лишнюю копию (оставить одну),12_extra_copy_of_identical_task,
G7_TB_37_967.2,07_duplicate_question_conflicting_key,"сравнить копии, оставить верную, остальные отключить",07_duplicate_question_conflicting_key,
G7_TB_39_1040.1,12_extra_copy_of_identical_task,отключить лишнюю копию (оставить одну),12_extra_copy_of_identical_task,
G7_TB_39_1040.2,07_duplicate_question_conflicting_key,"сравнить копии, оставить верную, остальные отключить",07_duplicate_question_conflicting_key,
G7_TB_3_56.4,06_correct_lookalike_graded_wrong,исправляется кодом диагностики (оценка по выбранному варианту),06_correct_lookalike_graded_wrong,
G7_TB_3_61.3,06_correct_lookalike_graded_wrong,исправляется кодом диагностики (оценка по выбранному варианту),06_correct_lookalike_graded_wrong,
G7_TB_40_1043.1,01_confirmed_wrong_key,исправить ключ или отключить (см. decision_note),01_confirmed_wrong_key,"fix_key: (-4; 3), (-1; -3), (0; -5)"
G7_TB_43_1091.3,07_duplicate_question_conflicting_key,"сравнить копии, оставить верную, остальные отключить",07_duplicate_question_conflicting_key,
G7_TB_44_1098.1,12_extra_copy_of_identical_task,отключить лишнюю копию (оставить одну),12_extra_copy_of_identical_task,
G7_TB_44_1098.2,12_extra_copy_of_identical_task,отключить лишнюю копию (оставить одну),12_extra_copy_of_identical_task,
G7_TB_44_1098.3,07_duplicate_question_conflicting_key,"сравнить копии, оставить верную, остальные отключить",07_duplicate_question_conflicting_key,
G7_TB_6_126.2,12_extra_copy_of_identical_task,отключить лишнюю копию (оставить одну),12_extra_copy_of_identical_task,
G8_ALG_17_267.2,07_duplicate_question_conflicting_key,"сравнить копии, оставить верную, остальные отключить",07_duplicate_question_conflicting_key,
G8_ALG_25_385.1,07_duplicate_question_conflicting_key,"сравнить копии, оставить верную, остальные отключить",07_duplicate_question_conflicting_key,
G8_ALG_25_385.4,07_duplicate_question_conflicting_key,"сравнить копии, оставить верную, остальные отключить",07_duplicate_question_conflicting_key,
G8_ALG_25_386.5,07_duplicate_question_conflicting_key,"сравнить копии, оставить верную, остальные отключить",07_duplicate_question_conflicting_key,
G8_ALG_25_388.1,07_duplicate_question_conflicting_key,"сравнить копии, оставить верную, остальные отключить",07_duplicate_question_conflicting_key,
G8_ALG_25_388.2,07_duplicate_question_conflicting_key,"сравнить копии, оставить верную, остальные отключить",07_duplicate_question_conflicting_key,
G8_ALG_25_388.3,07_duplicate_question_conflicting_key,"сравнить копии, оставить верную, остальные отключить",07_duplicate_question_conflicting_key,
G8_ALG_26_384.1,12_extra_copy_of_identical_task,отключить лишнюю копию (оставить одну),12_extra_copy_of_identical_task,
G8_ALG_26_384.2,12_extra_copy_of_identical_task,отключить лишнюю копию (оставить одну),12_extra_copy_of_identical_task,
G8_ALG_26_384.3,12_extra_copy_of_identical_task,отключить лишнюю копию (оставить одну),12_extra_copy_of_identical_task,
G8_ALG_26_384.4,12_extra_copy_of_identical_task,отключить лишнюю копию (оставить одну),12_extra_copy_of_identical_task,
G8_ALG_26_384.5,12_extra_copy_of_identical_task,отключить лишнюю копию (оставить одну),12_extra_copy_of_identical_task,
G8_ALG_26_384.6,12_extra_copy_of_identical_task,отключить лишнюю копию (оставить одну),12_extra_copy_of_identical_task,
G8_ALG_26_385.1,07_duplicate_question_conflicting_key,"сравнить копии, оставить верную, остальные отключить",07_duplicate_question_conflicting_key,
G8_ALG_26_385.4,07_duplicate_question_conflicting_key,"сравнить копии, оставить верную, остальные отключить",07_duplicate_question_conflicting_key,
G8_ALG_26_386.1,12_extra_copy_of_identical_task,отключить лишнюю копию (оставить одну),12_extra_copy_of_identical_task,
G8_ALG_26_386.2,12_extra_copy_of_identical_task,отключить лишнюю копию (оставить одну),12_extra_copy_of_identical_task,
G8_ALG_26_386.3,12_extra_copy_of_identical_task,отключить лишнюю копию (оставить одну),12_extra_copy_of_identical_task,
G8_ALG_26_386.4,12_extra_copy_of_identical_task,отключить лишнюю копию (оставить одну),12_extra_copy_of_identical_task,
G8_ALG_26_386.5,07_duplicate_question_conflicting_key,"сравнить копии, оставить верную, остальные отключить",07_duplicate_question_conflicting_key,
G8_ALG_26_386.6,12_extra_copy_of_identical_task,отключить лишнюю копию (оставить одну),12_extra_copy_of_identical_task,
G8_ALG_26_387.1,12_extra_copy_of_identical_task,отключить лишнюю копию (оставить одну),12_extra_copy_of_identical_task,
G8_ALG_26_387.2,12_extra_copy_of_identical_task,отключить лишнюю копию (оставить одну),12_extra_copy_of_identical_task,
G8_ALG_26_387.3,12_extra_copy_of_identical_task,отключить лишнюю копию (оставить одну),12_extra_copy_of_identical_task,
G8_ALG_26_387.4,12_extra_copy_of_identical_task,отключить лишнюю копию (оставить одну),12_extra_copy_of_identical_task,
G8_ALG_26_388.1,07_duplicate_question_conflicting_key,"сравнить копии, оставить верную, остальные отключить",07_duplicate_question_conflicting_key,
G8_ALG_26_388.2,07_duplicate_question_conflicting_key,"сравнить копии, оставить верную, остальные отключить",07_duplicate_question_conflicting_key,
G8_ALG_26_388.3,07_duplicate_question_conflicting_key,"сравнить копии, оставить верную, остальные отключить",07_duplicate_question_conflicting_key,
G8_ALG_26_388.4,12_extra_copy_of_identical_task,отключить лишнюю копию (оставить одну),12_extra_copy_of_identical_task,
G8_ALG_26_399.2,06_correct_lookalike_graded_wrong,исправляется кодом диагностики (оценка по выбранному варианту),06_correct_lookalike_graded_wrong,
G8_ALG_26_399.3,06_correct_lookalike_graded_wrong,исправляется кодом диагностики (оценка по выбранному варианту),06_correct_lookalike_graded_wrong,
G8_ALG_26_399.6,07_duplicate_question_conflicting_key,"сравнить копии, оставить верную, остальные отключить",07_duplicate_question_conflicting_key,
G8_ALG_32_582,06_correct_lookalike_graded_wrong,исправляется кодом диагностики (оценка по выбранному варианту),06_correct_lookalike_graded_wrong,
G8_ALG_4_58.4,06_correct_lookalike_graded_wrong,исправляется кодом диагностики (оценка по выбранному варианту),06_correct_lookalike_graded_wrong,
G8_ALG_8_106.1.1,10_latex_meaning_differs,проверить до переключения показа на question_latex,10_latex_meaning_differs,
G8_ALG_8_106.2.1,10_latex_meaning_differs,проверить до переключения показа на question_latex,10_latex_meaning_differs,
G8_ALG_8_106.5.1,10_latex_meaning_differs,проверить до переключения показа на question_latex,10_latex_meaning_differs,
G8_ALG_8_107.2,10_latex_meaning_differs,проверить до переключения показа на question_latex,10_latex_meaning_differs,
G8_ALG_8_107.5.1,10_latex_meaning_differs,проверить до переключения показа на question_latex,10_latex_meaning_differs,
G8_ALG_8_108.2,10_latex_meaning_differs,проверить до переключения показа на question_latex,10_latex_meaning_differs,
G8_ALG_8_109.1,07_duplicate_question_conflicting_key,"сравнить копии, оставить верную, остальные отключить",07_duplicate_question_conflicting_key,
G8_ALG_8_111.5,10_latex_meaning_differs,проверить до переключения показа на question_latex,10_latex_meaning_differs,
G8_ALG_9_129.3,06_correct_lookalike_graded_wrong,исправляется кодом диагностики (оценка по выбранному варианту),06_correct_lookalike_graded_wrong,
G8_TB_11_279.3,06_correct_lookalike_graded_wrong,исправляется кодом диагностики (оценка по выбранному варианту),06_correct_lookalike_graded_wrong,
G8_TB_12_313.2,07_duplicate_question_conflicting_key,"сравнить копии, оставить верную, остальные отключить",07_duplicate_question_conflicting_key,
G8_TB_14_345.1,06_correct_lookalike_graded_wrong,исправляется кодом диагностики (оценка по выбранному варианту),06_correct_lookalike_graded_wrong,
G8_TB_17_389.2,12_extra_copy_of_identical_task,отключить лишнюю копию (оставить одну),12_extra_copy_of_identical_task,
G8_TB_17_389.4.4,10_latex_meaning_differs,проверить до переключения показа на question_latex,10_latex_meaning_differs,
G8_TB_17_390.2,10_latex_meaning_differs,проверить до переключения показа на question_latex,10_latex_meaning_differs,
G8_TB_17_399,06_correct_lookalike_graded_wrong,исправляется кодом диагностики (оценка по выбранному варианту),06_correct_lookalike_graded_wrong,
G8_TB_18_420.2.2,10_latex_meaning_differs,проверить до переключения показа на question_latex,10_latex_meaning_differs,
G8_TB_18_422.4.2,06_correct_lookalike_graded_wrong,исправляется кодом диагностики (оценка по выбранному варианту),06_correct_lookalike_graded_wrong,
G8_TB_19_445.2,10_latex_meaning_differs,проверить до переключения показа на question_latex,10_latex_meaning_differs,
G8_TB_19_446.1,10_latex_meaning_differs,проверить до переключения показа на question_latex,10_latex_meaning_differs,
G8_TB_19_446.2,10_latex_meaning_differs,проверить до переключения показа на question_latex,10_latex_meaning_differs,
G8_TB_21_543.3,07_duplicate_question_conflicting_key,"сравнить копии, оставить верную, остальные отключить",07_duplicate_question_conflicting_key,
G8_TB_25_615.1,07_duplicate_question_conflicting_key,"сравнить копии, оставить верную, остальные отключить",07_duplicate_question_conflicting_key,
G8_TB_2_28.4,06_correct_lookalike_graded_wrong,исправляется кодом диагностики (оценка по выбранному варианту),06_correct_lookalike_graded_wrong,
G8_TB_39_944.4.1,10_latex_meaning_differs,проверить до переключения показа на question_latex,10_latex_meaning_differs,
G8_TB_39_948.4.4,10_latex_meaning_differs,проверить до переключения показа на question_latex,10_latex_meaning_differs,
G8_TB_39_949.4.1,10_latex_meaning_differs,проверить до переключения показа на question_latex,10_latex_meaning_differs,
G8_TB_40_975.4.3,10_latex_meaning_differs,проверить до переключения показа на question_latex,10_latex_meaning_differs,
G8_TB_42_1071.1,07_duplicate_question_conflicting_key,"сравнить копии, оставить верную, остальные отключить",07_duplicate_question_conflicting_key,
G8_TB_47_1166.4,06_correct_lookalike_graded_wrong,исправляется кодом диагностики (оценка по выбранному варианту),06_correct_lookalike_graded_wrong,
G8_TB_48_1187.2.1,07_duplicate_question_conflicting_key,"сравнить копии, оставить верную, остальные отключить",07_duplicate_question_conflicting_key,
G8_TB_48_1187.3,07_duplicate_question_conflicting_key,"сравнить копии, оставить верную, остальные отключить",07_duplicate_question_conflicting_key,
G8_TB_49_1210.4.2,06_correct_lookalike_graded_wrong,исправляется кодом диагностики (оценка по выбранному варианту),06_correct_lookalike_graded_wrong,
G8_TB_49_1212.4,06_correct_lookalike_graded_wrong,исправляется кодом диагностики (оценка по выбранному варианту),06_correct_lookalike_graded_wrong,
G8_TB_4_69.2,06_correct_lookalike_graded_wrong,исправляется кодом диагностики (оценка по выбранному варианту),06_correct_lookalike_graded_wrong,
G8_TB_4_70,06_correct_lookalike_graded_wrong,исправляется кодом диагностики (оценка по выбранному варианту),06_correct_lookalike_graded_wrong,
G9_TB_10_124_3,09_key_not_verified,автоматическая перепроверка ключа + ручная проверка расхождений,09_key_not_verified,
G9_TB_10_125_3,09_key_not_verified,автоматическая перепроверка ключа + ручная проверка расхождений,09_key_not_verified,
G9_TB_10_133,09_key_not_verified,автоматическая перепроверка ключа + ручная проверка расхождений,09_key_not_verified,
G9_TB_10_2,03_proof_task,отключить в диагностике/экзаменах (автоматически не проверяется),03_proof_task;06_correct_lookalike_graded_wrong,
G9_TB_10_87_1,09_key_not_verified,автоматическая перепроверка ключа + ручная проверка расхождений,09_key_not_verified,
G9_TB_10_87_2,11_open_input_no_options,да/нет показывать двумя вариантами (код),11_open_input_no_options,
G9_TB_10_87_3,09_key_not_verified,автоматическая перепроверка ключа + ручная проверка расхождений,09_key_not_verified,
G9_TB_10_87_4,11_open_input_no_options,да/нет показывать двумя вариантами (код),11_open_input_no_options,
G9_TB_10_89_2,09_key_not_verified,автоматическая перепроверка ключа + ручная проверка расхождений,09_key_not_verified,
G9_TB_11_149.2,10_latex_meaning_differs,проверить до переключения показа на question_latex,10_latex_meaning_differs,
G9_TB_11_149.3,10_latex_meaning_differs,проверить до переключения показа на question_latex,10_latex_meaning_differs,
G9_TB_11_96_1,03_proof_task,отключить в диагностике/экзаменах (автоматически не проверяется),03_proof_task,
G9_TB_11_96_2,03_proof_task,отключить в диагностике/экзаменах (автоматически не проверяется),03_proof_task,
G9_TB_11_96_3,03_proof_task,отключить в диагностике/экзаменах (автоматически не проверяется),03_proof_task,
G9_TB_11_96_4,03_proof_task,отключить в диагностике/экзаменах (автоматически не проверяется),03_proof_task,
G9_TB_12_111_1,09_key_not_verified,автоматическая перепроверка ключа + ручная проверка расхождений,09_key_not_verified,
G9_TB_12_111_2,09_key_not_verified,автоматическая перепроверка ключа + ручная проверка расхождений,09_key_not_verified,
G9_TB_12_115_3,06_correct_lookalike_graded_wrong,исправляется кодом диагностики (оценка по выбранному варианту),06_correct_lookalike_graded_wrong,
G9_TB_12_115_4,06_correct_lookalike_graded_wrong,исправляется кодом диагностики (оценка по выбранному варианту),06_correct_lookalike_graded_wrong,
G9_TB_12_117_2,06_correct_lookalike_graded_wrong,исправляется кодом диагностики (оценка по выбранному варианту),06_correct_lookalike_graded_wrong,
G9_TB_12_119_5,06_correct_lookalike_graded_wrong,исправляется кодом диагностики (оценка по выбранному варианту),06_correct_lookalike_graded_wrong,
G9_TB_12_166,09_key_not_verified,автоматическая перепроверка ключа + ручная проверка расхождений,09_key_not_verified,
G9_TB_12_8,09_key_not_verified,автоматическая перепроверка ключа + ручная проверка расхождений,09_key_not_verified,
G9_TB_13_13_4,07_duplicate_question_conflicting_key,"сравнить копии, оставить верную, остальные отключить",07_duplicate_question_conflicting_key,
G9_TB_13_158_5,07_duplicate_question_conflicting_key,"сравнить копии, оставить верную, остальные отключить",07_duplicate_question_conflicting_key,
G9_TB_13_202,09_key_not_verified,автоматическая перепроверка ключа + ручная проверка расхождений,09_key_not_verified,
G9_TB_13_206_1,09_key_not_verified,автоматическая перепроверка ключа + ручная проверка расхождений,09_key_not_verified,
G9_TB_13_206_2,09_key_not_verified,автоматическая перепроверка ключа + ручная проверка расхождений,09_key_not_verified,
G9_TB_13_206_3,09_key_not_verified,автоматическая перепроверка ключа + ручная проверка расхождений,09_key_not_verified,
G9_TB_13_206_4,09_key_not_verified,автоматическая перепроверка ключа + ручная проверка расхождений,09_key_not_verified,
G9_TB_13_211_1,09_key_not_verified,автоматическая перепроверка ключа + ручная проверка расхождений,09_key_not_verified,
G9_TB_13_211_4,09_key_not_verified,автоматическая перепроверка ключа + ручная проверка расхождений,09_key_not_verified,
G9_TB_13_212_3,09_key_not_verified,автоматическая перепроверка ключа + ручная проверка расхождений,09_key_not_verified,
G9_TB_13_215,09_key_not_verified,автоматическая перепроверка ключа + ручная проверка расхождений,09_key_not_verified,
G9_TB_13_216,09_key_not_verified,автоматическая перепроверка ключа + ручная проверка расхождений,09_key_not_verified,
G9_TB_13_217_3,09_key_not_verified,автоматическая перепроверка ключа + ручная проверка расхождений,09_key_not_verified,
G9_TB_13_217_7,09_key_not_verified,автоматическая перепроверка ключа + ручная проверка расхождений,09_key_not_verified,
G9_TB_13_218_2,09_key_not_verified,автоматическая перепроверка ключа + ручная проверка расхождений,09_key_not_verified,
G9_TB_13_219_1,09_key_not_verified,автоматическая перепроверка ключа + ручная проверка расхождений,09_key_not_verified,
G9_TB_13_221_4,09_key_not_verified,автоматическая перепроверка ключа + ручная проверка расхождений,09_key_not_verified,
G9_TB_14_14_168_2,07_duplicate_question_conflicting_key,"сравнить копии, оставить верную, остальные отключить",07_duplicate_question_conflicting_key,
G9_TB_14_14_170_1,07_duplicate_question_conflicting_key,"сравнить копии, оставить верную, остальные отключить",07_duplicate_question_conflicting_key,
G9_TB_14_222_2,09_key_not_verified,автоматическая перепроверка ключа + ручная проверка расхождений,09_key_not_verified,
G9_TB_14_227_2,09_key_not_verified,автоматическая перепроверка ключа + ручная проверка расхождений,09_key_not_verified,
G9_TB_14_228_2,09_key_not_verified,автоматическая перепроверка ключа + ручная проверка расхождений,09_key_not_verified,
G9_TB_14_229_2,09_key_not_verified,автоматическая перепроверка ключа + ручная проверка расхождений,09_key_not_verified,
G9_TB_14_231_1,09_key_not_verified,автоматическая перепроверка ключа + ручная проверка расхождений,09_key_not_verified,
G9_TB_14_231_2,09_key_not_verified,автоматическая перепроверка ключа + ручная проверка расхождений,09_key_not_verified,
G9_TB_14_234_1,09_key_not_verified,автоматическая перепроверка ключа + ручная проверка расхождений,09_key_not_verified,
G9_TB_14_234_2,09_key_not_verified,автоматическая перепроверка ключа + ручная проверка расхождений,09_key_not_verified,
G9_TB_14_235_1,09_key_not_verified,автоматическая перепроверка ключа + ручная проверка расхождений,09_key_not_verified,
G9_TB_14_235_2,09_key_not_verified,автоматическая перепроверка ключа + ручная проверка расхождений,09_key_not_verified,
G9_TB_14_236_1,09_key_not_verified,автоматическая перепроверка ключа + ручная проверка расхождений,09_key_not_verified,
G9_TB_14_236_2,09_key_not_verified,автоматическая перепроверка ключа + ручная проверка расхождений,09_key_not_verified,
G9_TB_14_236_3,09_key_not_verified,автоматическая перепроверка ключа + ручная проверка расхождений,09_key_not_verified,
G9_TB_14_237_1,09_key_not_verified,автоматическая перепроверка ключа + ручная проверка расхождений,09_key_not_verified,
G9_TB_14_237_2,09_key_not_verified,автоматическая перепроверка ключа + ручная проверка расхождений,09_key_not_verified,
G9_TB_14_238_2,09_key_not_verified,автоматическая перепроверка ключа + ручная проверка расхождений,09_key_not_verified,
G9_TB_14_239_1,09_key_not_verified,автоматическая перепроверка ключа + ручная проверка расхождений,09_key_not_verified,
G9_TB_14_239_2,09_key_not_verified,автоматическая перепроверка ключа + ручная проверка расхождений,09_key_not_verified,
G9_TB_14_241_1,09_key_not_verified,автоматическая перепроверка ключа + ручная проверка расхождений,09_key_not_verified,
G9_TB_14_241_2,09_key_not_verified,автоматическая перепроверка ключа + ручная проверка расхождений,09_key_not_verified,
G9_TB_14_242_1,09_key_not_verified,автоматическая перепроверка ключа + ручная проверка расхождений,09_key_not_verified,
G9_TB_14_242_2,09_key_not_verified,автоматическая перепроверка ключа + ручная проверка расхождений,09_key_not_verified,
G9_TB_14_242_3,09_key_not_verified,автоматическая перепроверка ключа + ручная проверка расхождений,09_key_not_verified,
G9_TB_15_243_a,09_key_not_verified,автоматическая перепроверка ключа + ручная проверка расхождений,09_key_not_verified,
G9_TB_15_243_б,09_key_not_verified,автоматическая перепроверка ключа + ручная проверка расхождений,09_key_not_verified,
G9_TB_15_245_a,09_key_not_verified,автоматическая перепроверка ключа + ручная проверка расхождений,09_key_not_verified,
G9_TB_15_245_б,09_key_not_verified,автоматическая перепроверка ключа + ручная проверка расхождений,09_key_not_verified,
G9_TB_15_246_a,09_key_not_verified,автоматическая перепроверка ключа + ручная проверка расхождений,09_key_not_verified,
G9_TB_15_248,09_key_not_verified,автоматическая перепроверка ключа + ручная проверка расхождений,09_key_not_verified,
G9_TB_15_249,09_key_not_verified,автоматическая перепроверка ключа + ручная проверка расхождений,09_key_not_verified,
G9_TB_15_250,09_key_not_verified,автоматическая перепроверка ключа + ручная проверка расхождений,09_key_not_verified,
G9_TB_15_251,09_key_not_verified,автоматическая перепроверка ключа + ручная проверка расхождений,09_key_not_verified,
G9_TB_15_253,09_key_not_verified,автоматическая перепроверка ключа + ручная проверка расхождений,09_key_not_verified,
G9_TB_15_255,09_key_not_verified,автоматическая перепроверка ключа + ручная проверка расхождений,09_key_not_verified,
G9_TB_15_256,09_key_not_verified,автоматическая перепроверка ключа + ручная проверка расхождений,09_key_not_verified,
G9_TB_16_1,03_proof_task,отключить в диагностике/экзаменах (автоматически не проверяется),03_proof_task,
G9_TB_16_176_1,09_key_not_verified,автоматическая перепроверка ключа + ручная проверка расхождений,09_key_not_verified,
G9_TB_16_178_1,09_key_not_verified,автоматическая перепроверка ключа + ручная проверка расхождений,09_key_not_verified;10_latex_meaning_differs,
G9_TB_16_179_1,09_key_not_verified,автоматическая перепроверка ключа + ручная проверка расхождений,09_key_not_verified;10_latex_meaning_differs,
G9_TB_16_179_2,09_key_not_verified,автоматическая перепроверка ключа + ручная проверка расхождений,09_key_not_verified,
G9_TB_16_180_2,09_key_not_verified,автоматическая перепроверка ключа + ручная проверка расхождений,09_key_not_verified,
G9_TB_16_181_1,09_key_not_verified,автоматическая перепроверка ключа + ручная проверка расхождений,09_key_not_verified,
G9_TB_16_182_1,06_correct_lookalike_graded_wrong,исправляется кодом диагностики (оценка по выбранному варианту),06_correct_lookalike_graded_wrong;09_key_not_verified,
G9_TB_16_186,09_key_not_verified,автоматическая перепроверка ключа + ручная проверка расхождений,09_key_not_verified,
G9_TB_16_2,03_proof_task,отключить в диагностике/экзаменах (автоматически не проверяется),03_proof_task,
G9_TB_16_268_д,09_key_not_verified,автоматическая перепроверка ключа + ручная проверка расхождений,09_key_not_verified,
G9_TB_16_270_a,09_key_not_verified,автоматическая перепроверка ключа + ручная проверка расхождений,09_key_not_verified,
G9_TB_16_270_б,09_key_not_verified,автоматическая перепроверка ключа + ручная проверка расхождений,09_key_not_verified,
G9_TB_16_271_a,09_key_not_verified,автоматическая перепроверка ключа + ручная проверка расхождений,09_key_not_verified,
G9_TB_16_271_б,09_key_not_verified,автоматическая перепроверка ключа + ручная проверка расхождений,09_key_not_verified,
G9_TB_16_272_a,09_key_not_verified,автоматическая перепроверка ключа + ручная проверка расхождений,09_key_not_verified,
G9_TB_16_272_в,09_key_not_verified,автоматическая перепроверка ключа + ручная проверка расхождений,09_key_not_verified,
G9_TB_16_274_a,09_key_not_verified,автоматическая перепроверка ключа + ручная проверка расхождений,09_key_not_verified,
G9_TB_16_274_б,09_key_not_verified,автоматическая перепроверка ключа + ручная проверка расхождений,09_key_not_verified,
G9_TB_16_3,03_proof_task,отключить в диагностике/экзаменах (автоматически не проверяется),03_proof_task,
G9_TB_17_213_1,09_key_not_verified,автоматическая перепроверка ключа + ручная проверка расхождений,09_key_not_verified,
G9_TB_17_213_2,09_key_not_verified,автоматическая перепроверка ключа + ручная проверка расхождений,09_key_not_verified,
G9_TB_17_213_4,09_key_not_verified,автоматическая перепроверка ключа + ручная проверка расхождений,09_key_not_verified,
G9_TB_17_213_5,09_key_not_verified,автоматическая перепроверка ключа + ручная проверка расхождений,09_key_not_verified,
G9_TB_17_213_6,09_key_not_verified,автоматическая перепроверка ключа + ручная проверка расхождений,09_key_not_verified,
G9_TB_17_213_7,09_key_not_verified,автоматическая перепроверка ключа + ручная проверка расхождений,09_key_not_verified,
G9_TB_17_213_8,09_key_not_verified,автоматическая перепроверка ключа + ручная проверка расхождений,09_key_not_verified,
G9_TB_17_278,09_key_not_verified,автоматическая перепроверка ключа + ручная проверка расхождений,09_key_not_verified,
G9_TB_17_280_б,09_key_not_verified,автоматическая перепроверка ключа + ручная проверка расхождений,09_key_not_verified,
G9_TB_17_280_г,10_latex_meaning_differs,проверить до переключения показа на question_latex,10_latex_meaning_differs,
G9_TB_17_280_д,10_latex_meaning_differs,проверить до переключения показа на question_latex,10_latex_meaning_differs,
G9_TB_17_281_а,09_key_not_verified,автоматическая перепроверка ключа + ручная проверка расхождений,09_key_not_verified,
G9_TB_17_281_б,09_key_not_verified,автоматическая перепроверка ключа + ручная проверка расхождений,09_key_not_verified,
G9_TB_17_284,09_key_not_verified,автоматическая перепроверка ключа + ручная проверка расхождений,09_key_not_verified,
G9_TB_17_2_1,06_correct_lookalike_graded_wrong,исправляется кодом диагностики (оценка по выбранному варианту),06_correct_lookalike_graded_wrong;09_key_not_verified,
G9_TB_17_2_2,06_correct_lookalike_graded_wrong,исправляется кодом диагностики (оценка по выбранному варианту),06_correct_lookalike_graded_wrong;09_key_not_verified,
G9_TB_18_1,09_key_not_verified,автоматическая перепроверка ключа + ручная проверка расхождений,09_key_not_verified,
G9_TB_18_2,09_key_not_verified,автоматическая перепроверка ключа + ручная проверка расхождений,09_key_not_verified,
G9_TB_18_220,09_key_not_verified,автоматическая перепроверка ключа + ручная проверка расхождений,09_key_not_verified,
G9_TB_18_221,09_key_not_verified,автоматическая перепроверка ключа + ручная проверка расхождений,09_key_not_verified,
G9_TB_18_226_1,09_key_not_verified,автоматическая перепроверка ключа + ручная проверка расхождений,09_key_not_verified,
G9_TB_18_226_2,09_key_not_verified,автоматическая перепроверка ключа + ручная проверка расхождений,09_key_not_verified,
G9_TB_18_226_4,10_latex_meaning_differs,проверить до переключения показа на question_latex,10_latex_meaning_differs,
G9_TB_18_292_1,09_key_not_verified,автоматическая перепроверка ключа + ручная проверка расхождений,09_key_not_verified,
G9_TB_18_292_2,09_key_not_verified,автоматическая перепроверка ключа + ручная проверка расхождений,09_key_not_verified,
G9_TB_18_3,09_key_not_verified,автоматическая перепроверка ключа + ручная проверка расхождений,09_key_not_verified,
G9_TB_18_301,09_key_not_verified,автоматическая перепроверка ключа + ручная проверка расхождений,09_key_not_verified,
G9_TB_18_303_2,09_key_not_verified,автоматическая перепроверка ключа + ручная проверка расхождений,09_key_not_verified,
G9_TB_18_307_2,09_key_not_verified,автоматическая перепроверка ключа + ручная проверка расхождений,09_key_not_verified,
G9_TB_18_313,09_key_not_verified,автоматическая перепроверка ключа + ручная проверка расхождений,09_key_not_verified,
G9_TB_18_314,09_key_not_verified,автоматическая перепроверка ключа + ручная проверка расхождений,09_key_not_verified,
G9_TB_18_317_2,06_correct_lookalike_graded_wrong,исправляется кодом диагностики (оценка по выбранному варианту),06_correct_lookalike_graded_wrong,
G9_TB_18_321_1,09_key_not_verified,автоматическая перепроверка ключа + ручная проверка расхождений,09_key_not_verified,
G9_TB_18_321_2,09_key_not_verified,автоматическая перепроверка ключа + ручная проверка расхождений,09_key_not_verified,
G9_TB_18_321_5,09_key_not_verified,автоматическая перепроверка ключа + ручная проверка расхождений,09_key_not_verified,
G9_TB_18_321_6,09_key_not_verified,автоматическая перепроверка ключа + ручная проверка расхождений,09_key_not_verified,
G9_TB_18_329_a,09_key_not_verified,автоматическая перепроверка ключа + ручная проверка расхождений,09_key_not_verified,
G9_TB_18_329_b,09_key_not_verified,автоматическая перепроверка ключа + ручная проверка расхождений,09_key_not_verified,
G9_TB_18_330_a,09_key_not_verified,автоматическая перепроверка ключа + ручная проверка расхождений,09_key_not_verified,
G9_TB_18_330_b,09_key_not_verified,автоматическая перепроверка ключа + ручная проверка расхождений,09_key_not_verified,
G9_TB_18_331,09_key_not_verified,автоматическая перепроверка ключа + ручная проверка расхождений,09_key_not_verified,
G9_TB_18_332_a,09_key_not_verified,автоматическая перепроверка ключа + ручная проверка расхождений,09_key_not_verified,
G9_TB_18_332_b,09_key_not_verified,автоматическая перепроверка ключа + ручная проверка расхождений,09_key_not_verified,
G9_TB_18_333_b,09_key_not_verified,автоматическая перепроверка ключа + ручная проверка расхождений,09_key_not_verified,
G9_TB_18_334_a,09_key_not_verified,автоматическая перепроверка ключа + ручная проверка расхождений,09_key_not_verified,
G9_TB_18_334_b,09_key_not_verified,автоматическая перепроверка ключа + ручная проверка расхождений,09_key_not_verified,
G9_TB_18_335_a,09_key_not_verified,автоматическая перепроверка ключа + ручная проверка расхождений,09_key_not_verified,
G9_TB_18_335_b,09_key_not_verified,автоматическая перепроверка ключа + ручная проверка расхождений,09_key_not_verified,
G9_TB_18_336_b,09_key_not_verified,автоматическая перепроверка ключа + ручная проверка расхождений,09_key_not_verified,
G9_TB_18_337,09_key_not_verified,автоматическая перепроверка ключа + ручная проверка расхождений,09_key_not_verified,
G9_TB_18_338_a,09_key_not_verified,автоматическая перепроверка ключа + ручная проверка расхождений,09_key_not_verified,
G9_TB_18_338_b,09_key_not_verified,автоматическая перепроверка ключа + ручная проверка расхождений,09_key_not_verified,
G9_TB_18_5,09_key_not_verified,автоматическая перепроверка ключа + ручная проверка расхождений,09_key_not_verified,
G9_TB_19_231_1,09_key_not_verified,автоматическая перепроверка ключа + ручная проверка расхождений,09_key_not_verified,
G9_TB_19_231_2,09_key_not_verified,автоматическая перепроверка ключа + ручная проверка расхождений,09_key_not_verified,
G9_TB_19_231_3,09_key_not_verified,автоматическая перепроверка ключа + ручная проверка расхождений,09_key_not_verified,
G9_TB_19_231_4,09_key_not_verified,автоматическая перепроверка ключа + ручная проверка расхождений,09_key_not_verified,
G9_TB_19_236_2,05_answer_radical_scope,проверить область корня в ключе и исправить,05_answer_radical_scope;09_key_not_verified,
G9_TB_19_236_3,05_answer_radical_scope,проверить область корня в ключе и исправить,05_answer_radical_scope;09_key_not_verified,
G9_TB_19_236_4,05_answer_radical_scope,проверить область корня в ключе и исправить,05_answer_radical_scope;09_key_not_verified,
G9_TB_19_237_2,06_correct_lookalike_graded_wrong,исправляется кодом диагностики (оценка по выбранному варианту),06_correct_lookalike_graded_wrong,
G9_TB_19_239_1,05_answer_radical_scope,проверить область корня в ключе и исправить,05_answer_radical_scope,
G9_TB_19_239_3,09_key_not_verified,автоматическая перепроверка ключа + ручная проверка расхождений,09_key_not_verified,
G9_TB_19_239_4,05_answer_radical_scope,проверить область корня в ключе и исправить,05_answer_radical_scope,
G9_TB_1_3_1,06_correct_lookalike_graded_wrong,исправляется кодом диагностики (оценка по выбранному варианту),06_correct_lookalike_graded_wrong;09_key_not_verified,
G9_TB_20_370,09_key_not_verified,автоматическая перепроверка ключа + ручная проверка расхождений,09_key_not_verified,
G9_TB_20_371,09_key_not_verified,автоматическая перепроверка ключа + ручная проверка расхождений,09_key_not_verified,
G9_TB_20_372_1,09_key_not_verified,автоматическая перепроверка ключа + ручная проверка расхождений,09_key_not_verified,
G9_TB_20_372_2,09_key_not_verified,автоматическая перепроверка ключа + ручная проверка расхождений,09_key_not_verified,
G9_TB_20_375_1,09_key_not_verified,автоматическая перепроверка ключа + ручная проверка расхождений,09_key_not_verified,
G9_TB_20_375_2,09_key_not_verified,автоматическая перепроверка ключа + ручная проверка расхождений,09_key_not_verified,
G9_TB_20_376_1,09_key_not_verified,автоматическая перепроверка ключа + ручная проверка расхождений,09_key_not_verified,
G9_TB_20_376_2,09_key_not_verified,автоматическая перепроверка ключа + ручная проверка расхождений,09_key_not_verified,
G9_TB_20_378_2,09_key_not_verified,автоматическая перепроверка ключа + ручная проверка расхождений,09_key_not_verified,
G9_TB_20_381_1,10_latex_meaning_differs,проверить до переключения показа на question_latex,10_latex_meaning_differs,
G9_TB_20_393,07_duplicate_question_conflicting_key,"сравнить копии, оставить верную, остальные отключить",07_duplicate_question_conflicting_key,
G9_TB_20_399.2,10_latex_meaning_differs,проверить до переключения показа на question_latex,10_latex_meaning_differs,
G9_TB_20_399.4,10_latex_meaning_differs,проверить до переключения показа на question_latex,10_latex_meaning_differs,
G9_TB_21_252_3,06_correct_lookalike_graded_wrong,исправляется кодом диагностики (оценка по выбранному варианту),06_correct_lookalike_graded_wrong,
G9_TB_21_252_4,06_correct_lookalike_graded_wrong,исправляется кодом диагностики (оценка по выбранному варианту),06_correct_lookalike_graded_wrong,
G9_TB_21_256_1,09_key_not_verified,автоматическая перепроверка ключа + ручная проверка расхождений,09_key_not_verified,
G9_TB_21_256_3,09_key_not_verified,автоматическая перепроверка ключа + ручная проверка расхождений,09_key_not_verified,
G9_TB_21_256_4,09_key_not_verified,автоматическая перепроверка ключа + ручная проверка расхождений,09_key_not_verified,
G9_TB_21_257_1,09_key_not_verified,автоматическая перепроверка ключа + ручная проверка расхождений,09_key_not_verified,
G9_TB_21_257_2,09_key_not_verified,автоматическая перепроверка ключа + ручная проверка расхождений,09_key_not_verified,
G9_TB_21_407_1,09_key_not_verified,автоматическая перепроверка ключа + ручная проверка расхождений,09_key_not_verified,
G9_TB_22_266_5,09_key_not_verified,автоматическая перепроверка ключа + ручная проверка расхождений,09_key_not_verified,
G9_TB_22_270_5,07_duplicate_question_conflicting_key,"сравнить копии, оставить верную, остальные отключить",07_duplicate_question_conflicting_key,
G9_TB_22_271_1,09_key_not_verified,автоматическая перепроверка ключа + ручная проверка расхождений,09_key_not_verified,
G9_TB_22_425,09_key_not_verified,автоматическая перепроверка ключа + ручная проверка расхождений,09_key_not_verified,
G9_TB_22_432,09_key_not_verified,автоматическая перепроверка ключа + ручная проверка расхождений,09_key_not_verified,
G9_TB_22_435,09_key_not_verified,автоматическая перепроверка ключа + ручная проверка расхождений,09_key_not_verified,
G9_TB_23_436,09_key_not_verified,автоматическая перепроверка ключа + ручная проверка расхождений,09_key_not_verified,
G9_TB_23_437,09_key_not_verified,автоматическая перепроверка ключа + ручная проверка расхождений,09_key_not_verified,
G9_TB_23_441,09_key_not_verified,автоматическая перепроверка ключа + ручная проверка расхождений,09_key_not_verified,
G9_TB_24_275_3,09_key_not_verified,автоматическая перепроверка ключа + ручная проверка расхождений,09_key_not_verified,
G9_TB_24_275_4,09_key_not_verified,автоматическая перепроверка ключа + ручная проверка расхождений,09_key_not_verified,
G9_TB_24_276_2,09_key_not_verified,автоматическая перепроверка ключа + ручная проверка расхождений,09_key_not_verified,
G9_TB_24_276_3,09_key_not_verified,автоматическая перепроверка ключа + ручная проверка расхождений,09_key_not_verified,
G9_TB_24_278_1,09_key_not_verified,автоматическая перепроверка ключа + ручная проверка расхождений,09_key_not_verified,
G9_TB_24_281_1,06_correct_lookalike_graded_wrong,исправляется кодом диагностики (оценка по выбранному варианту),06_correct_lookalike_graded_wrong;09_key_not_verified,
G9_TB_24_281_2,06_correct_lookalike_graded_wrong,исправляется кодом диагностики (оценка по выбранному варианту),06_correct_lookalike_graded_wrong,
G9_TB_24_282_1,09_key_not_verified,автоматическая перепроверка ключа + ручная проверка расхождений,09_key_not_verified,
G9_TB_24_282_2,06_correct_lookalike_graded_wrong,исправляется кодом диагностики (оценка по выбранному варианту),06_correct_lookalike_graded_wrong,
G9_TB_24_283_3,09_key_not_verified,автоматическая перепроверка ключа + ручная проверка расхождений,09_key_not_verified,
G9_TB_24_283_4,09_key_not_verified,автоматическая перепроверка ключа + ручная проверка расхождений,09_key_not_verified,
G9_TB_24_285_2,06_correct_lookalike_graded_wrong,исправляется кодом диагностики (оценка по выбранному варианту),06_correct_lookalike_graded_wrong,
G9_TB_24_285_3,09_key_not_verified,автоматическая перепроверка ключа + ручная проверка расхождений,09_key_not_verified,
G9_TB_24_285_4,09_key_not_verified,автоматическая перепроверка ключа + ручная проверка расхождений,09_key_not_verified,
G9_TB_24_286_2,06_correct_lookalike_graded_wrong,исправляется кодом диагностики (оценка по выбранному варианту),06_correct_lookalike_graded_wrong,
G9_TB_24_454_2,09_key_not_verified,автоматическая перепроверка ключа + ручная проверка расхождений,09_key_not_verified,
G9_TB_24_455_1,09_key_not_verified,автоматическая перепроверка ключа + ручная проверка расхождений,09_key_not_verified,
G9_TB_24_455_2,09_key_not_verified,автоматическая перепроверка ключа + ручная проверка расхождений,09_key_not_verified,
G9_TB_24_459,09_key_not_verified,автоматическая перепроверка ключа + ручная проверка расхождений,09_key_not_verified,
G9_TB_25_287_1,09_key_not_verified,автоматическая перепроверка ключа + ручная проверка расхождений,09_key_not_verified,
G9_TB_25_287_2,09_key_not_verified,автоматическая перепроверка ключа + ручная проверка расхождений,09_key_not_verified,
G9_TB_25_287_3,09_key_not_verified,автоматическая перепроверка ключа + ручная проверка расхождений,09_key_not_verified,
G9_TB_25_287_4,09_key_not_verified,автоматическая перепроверка ключа + ручная проверка расхождений,09_key_not_verified,
G9_TB_25_289,09_key_not_verified,автоматическая перепроверка ключа + ручная проверка расхождений,09_key_not_verified,
G9_TB_25_290_1,09_key_not_verified,автоматическая перепроверка ключа + ручная проверка расхождений,09_key_not_verified,
G9_TB_25_290_3,09_key_not_verified,автоматическая перепроверка ключа + ручная проверка расхождений,09_key_not_verified,
G9_TB_25_290_4,09_key_not_verified,автоматическая перепроверка ключа + ручная проверка расхождений,09_key_not_verified,
G9_TB_25_291_1,03_proof_task,отключить в диагностике/экзаменах (автоматически не проверяется),03_proof_task,
G9_TB_25_291_2,03_proof_task,отключить в диагностике/экзаменах (автоматически не проверяется),03_proof_task,
G9_TB_25_291_3,03_proof_task,отключить в диагностике/экзаменах (автоматически не проверяется),03_proof_task,
G9_TB_25_291_4,03_proof_task,отключить в диагностике/экзаменах (автоматически не проверяется),03_proof_task,
G9_TB_25_293_2,09_key_not_verified,автоматическая перепроверка ключа + ручная проверка расхождений,09_key_not_verified,
G9_TB_25_294_1,09_key_not_verified,автоматическая перепроверка ключа + ручная проверка расхождений,09_key_not_verified,
G9_TB_25_294_2,09_key_not_verified,автоматическая перепроверка ключа + ручная проверка расхождений,09_key_not_verified,
G9_TB_25_294_3,09_key_not_verified,автоматическая перепроверка ключа + ручная проверка расхождений,09_key_not_verified,
G9_TB_25_297_1,09_key_not_verified,автоматическая перепроверка ключа + ручная проверка расхождений,09_key_not_verified,
G9_TB_25_298_2,09_key_not_verified,автоматическая перепроверка ключа + ручная проверка расхождений,09_key_not_verified,
G9_TB_25_472_1,10_latex_meaning_differs,проверить до переключения показа на question_latex,10_latex_meaning_differs,
G9_TB_25_472_2,10_latex_meaning_differs,проверить до переключения показа на question_latex,10_latex_meaning_differs,
G9_TB_25_473_1,10_latex_meaning_differs,проверить до переключения показа на question_latex,10_latex_meaning_differs,
G9_TB_25_473_2,10_latex_meaning_differs,проверить до переключения показа на question_latex,10_latex_meaning_differs,
G9_TB_25_476_1,09_key_not_verified,автоматическая перепроверка ключа + ручная проверка расхождений,09_key_not_verified,
G9_TB_25_477_2,10_latex_meaning_differs,проверить до переключения показа на question_latex,10_latex_meaning_differs,
G9_TB_25_478_1,10_latex_meaning_differs,проверить до переключения показа на question_latex,10_latex_meaning_differs,
G9_TB_25_480_1,10_latex_meaning_differs,проверить до переключения показа на question_latex,10_latex_meaning_differs,
G9_TB_25_480_2,10_latex_meaning_differs,проверить до переключения показа на question_latex,10_latex_meaning_differs,
G9_TB_25_483_2,09_key_not_verified,автоматическая перепроверка ключа + ручная проверка расхождений,09_key_not_verified,
G9_TB_25_483_3,09_key_not_verified,автоматическая перепроверка ключа + ручная проверка расхождений,09_key_not_verified,
G9_TB_25_486_4,09_key_not_verified,автоматическая перепроверка ключа + ручная проверка расхождений,09_key_not_verified,
G9_TB_25_491.1,09_key_not_verified,автоматическая перепроверка ключа + ручная проверка расхождений,09_key_not_verified,
G9_TB_25_508,09_key_not_verified,автоматическая перепроверка ключа + ручная проверка расхождений,09_key_not_verified,
G9_TB_25_512,09_key_not_verified,автоматическая перепроверка ключа + ручная проверка расхождений,09_key_not_verified,
G9_TB_25_513,09_key_not_verified,автоматическая перепроверка ключа + ручная проверка расхождений,09_key_not_verified,
G9_TB_26_299_1,03_proof_task,отключить в диагностике/экзаменах (автоматически не проверяется),03_proof_task,
G9_TB_26_299_2,03_proof_task,отключить в диагностике/экзаменах (автоматически не проверяется),03_proof_task,
G9_TB_26_299_3,03_proof_task,отключить в диагностике/экзаменах (автоматически не проверяется),03_proof_task,
G9_TB_26_299_4,03_proof_task,отключить в диагностике/экзаменах (автоматически не проверяется),03_proof_task,
G9_TB_26_301_1,03_proof_task,отключить в диагностике/экзаменах (автоматически не проверяется),03_proof_task,
G9_TB_26_301_2,03_proof_task,отключить в диагностике/экзаменах (автоматически не проверяется),03_proof_task,
G9_TB_26_302_1,09_key_not_verified,автоматическая перепроверка ключа + ручная проверка расхождений,09_key_not_verified,
G9_TB_26_302_2,09_key_not_verified,автоматическая перепроверка ключа + ручная проверка расхождений,09_key_not_verified,
G9_TB_26_302_3,09_key_not_verified,автоматическая перепроверка ключа + ручная проверка расхождений,09_key_not_verified,
G9_TB_26_302_4,09_key_not_verified,автоматическая перепроверка ключа + ручная проверка расхождений,09_key_not_verified,
G9_TB_26_303_4,09_key_not_verified,автоматическая перепроверка ключа + ручная проверка расхождений,09_key_not_verified,
G9_TB_26_304_1,03_proof_task,отключить в диагностике/экзаменах (автоматически не проверяется),03_proof_task,
G9_TB_26_304_2,03_proof_task,отключить в диагностике/экзаменах (автоматически не проверяется),03_proof_task,
G9_TB_26_304_3,03_proof_task,отключить в диагностике/экзаменах (автоматически не проверяется),03_proof_task,
G9_TB_26_304_4,03_proof_task,отключить в диагностике/экзаменах (автоматически не проверяется),03_proof_task,
G9_TB_26_308_2,06_correct_lookalike_graded_wrong,исправляется кодом диагностики (оценка по выбранному варианту),06_correct_lookalike_graded_wrong;09_key_not_verified,
G9_TB_26_308_4,06_correct_lookalike_graded_wrong,исправляется кодом диагностики (оценка по выбранному варианту),06_correct_lookalike_graded_wrong;09_key_not_verified,
G9_TB_26_311_3,09_key_not_verified,автоматическая перепроверка ключа + ручная проверка расхождений,09_key_not_verified,
G9_TB_26_311_4,09_key_not_verified,автоматическая перепроверка ключа + ручная проверка расхождений,09_key_not_verified,
G9_TB_26_312_2,09_key_not_verified,автоматическая перепроверка ключа + ручная проверка расхождений,09_key_not_verified,
G9_TB_26_313_1,06_correct_lookalike_graded_wrong,исправляется кодом диагностики (оценка по выбранному варианту),06_correct_lookalike_graded_wrong;09_key_not_verified,
G9_TB_26_313_3,09_key_not_verified,автоматическая перепроверка ключа + ручная проверка расхождений,09_key_not_verified,
G9_TB_26_313_4,09_key_not_verified,автоматическая перепроверка ключа + ручная проверка расхождений,09_key_not_verified,
G9_TB_26_313_5,09_key_not_verified,автоматическая перепроверка ключа + ручная проверка расхождений,09_key_not_verified,
G9_TB_26_313_6,09_key_not_verified,автоматическая перепроверка ключа + ручная проверка расхождений,09_key_not_verified,
G9_TB_26_314_2,09_key_not_verified,автоматическая перепроверка ключа + ручная проверка расхождений,09_key_not_verified,
G9_TB_26_314_3,09_key_not_verified,автоматическая перепроверка ключа + ручная проверка расхождений,09_key_not_verified,
G9_TB_26_314_4,09_key_not_verified,автоматическая перепроверка ключа + ручная проверка расхождений,09_key_not_verified,
G9_TB_26_315,03_proof_task,отключить в диагностике/экзаменах (автоматически не проверяется),03_proof_task,
G9_TB_26_4_1,09_key_not_verified,автоматическая перепроверка ключа + ручная проверка расхождений,09_key_not_verified,
G9_TB_27_316_1,03_proof_task,отключить в диагностике/экзаменах (автоматически не проверяется),03_proof_task,
G9_TB_27_316_2,03_proof_task,отключить в диагностике/экзаменах (автоматически не проверяется),03_proof_task,
G9_TB_27_316_3,03_proof_task,отключить в диагностике/экзаменах (автоматически не проверяется),03_proof_task,
G9_TB_27_316_4,03_proof_task,отключить в диагностике/экзаменах (автоматически не проверяется),03_proof_task,
G9_TB_27_318_1,09_key_not_verified,автоматическая перепроверка ключа + ручная проверка расхождений,09_key_not_verified,
G9_TB_27_318_2,09_key_not_verified,автоматическая перепроверка ключа + ручная проверка расхождений,09_key_not_verified,
G9_TB_27_319_1,09_key_not_verified,автоматическая перепроверка ключа + ручная проверка расхождений,09_key_not_verified,
G9_TB_27_319_2,09_key_not_verified,автоматическая перепроверка ключа + ручная проверка расхождений,09_key_not_verified,
G9_TB_27_319_3,09_key_not_verified,автоматическая перепроверка ключа + ручная проверка расхождений,09_key_not_verified,
G9_TB_27_319_5,09_key_not_verified,автоматическая перепроверка ключа + ручная проверка расхождений,09_key_not_verified,
G9_TB_27_319_6,09_key_not_verified,автоматическая перепроверка ключа + ручная проверка расхождений,09_key_not_verified,
G9_TB_27_320_1,09_key_not_verified,автоматическая перепроверка ключа + ручная проверка расхождений,09_key_not_verified,
G9_TB_27_320_2,09_key_not_verified,автоматическая перепроверка ключа + ручная проверка расхождений,09_key_not_verified,
G9_TB_27_320_3,09_key_not_verified,автоматическая перепроверка ключа + ручная проверка расхождений,09_key_not_verified,
G9_TB_27_320_4,09_key_not_verified,автоматическая перепроверка ключа + ручная проверка расхождений,09_key_not_verified,
G9_TB_27_320_5,09_key_not_verified,автоматическая перепроверка ключа + ручная проверка расхождений,09_key_not_verified,
G9_TB_27_320_6,09_key_not_verified,автоматическая перепроверка ключа + ручная проверка расхождений,09_key_not_verified,
G9_TB_27_321_1,03_proof_task,отключить в диагностике/экзаменах (автоматически не проверяется),03_proof_task,
G9_TB_27_321_2,03_proof_task,отключить в диагностике/экзаменах (автоматически не проверяется),03_proof_task,
G9_TB_27_322_1,09_key_not_verified,автоматическая перепроверка ключа + ручная проверка расхождений,09_key_not_verified,
G9_TB_27_539_2,09_key_not_verified,автоматическая перепроверка ключа + ручная проверка расхождений,09_key_not_verified,
G9_TB_27_539_4,09_key_not_verified,автоматическая перепроверка ключа + ручная проверка расхождений,09_key_not_verified,
G9_TB_27_545_2,09_key_not_verified,автоматическая перепроверка ключа + ручная проверка расхождений,09_key_not_verified,
G9_TB_27_547,09_key_not_verified,автоматическая перепроверка ключа + ручная проверка расхождений,09_key_not_verified,
G9_TB_27_548,09_key_not_verified,автоматическая перепроверка ключа + ручная проверка расхождений,09_key_not_verified,
G9_TB_27_557_1,09_key_not_verified,автоматическая перепроверка ключа + ручная проверка расхождений,09_key_not_verified,
G9_TB_28_352_1,09_key_not_verified,автоматическая перепроверка ключа + ручная проверка расхождений,09_key_not_verified,
G9_TB_28_352_3,09_key_not_verified,автоматическая перепроверка ключа + ручная проверка расхождений,09_key_not_verified,
G9_TB_28_352_4,09_key_not_verified,автоматическая перепроверка ключа + ручная проверка расхождений,09_key_not_verified,
G9_TB_28_354_1,09_key_not_verified,автоматическая перепроверка ключа + ручная проверка расхождений,09_key_not_verified,
G9_TB_28_354_2,09_key_not_verified,автоматическая перепроверка ключа + ручная проверка расхождений,09_key_not_verified,
G9_TB_28_559_2,09_key_not_verified,автоматическая перепроверка ключа + ручная проверка расхождений,09_key_not_verified,
G9_TB_28_563_1,09_key_not_verified,автоматическая перепроверка ключа + ручная проверка расхождений,09_key_not_verified,
G9_TB_28_563_2,09_key_not_verified,автоматическая перепроверка ключа + ручная проверка расхождений,09_key_not_verified,
G9_TB_28_563_3,09_key_not_verified,автоматическая перепроверка ключа + ручная проверка расхождений,09_key_not_verified,
G9_TB_28_563_6,09_key_not_verified,автоматическая перепроверка ключа + ручная проверка расхождений,09_key_not_verified,
G9_TB_28_573_2,09_key_not_verified,автоматическая перепроверка ключа + ручная проверка расхождений,09_key_not_verified,
G9_TB_28_576,09_key_not_verified,автоматическая перепроверка ключа + ручная проверка расхождений,09_key_not_verified,
G9_TB_28_577,09_key_not_verified,автоматическая перепроверка ключа + ручная проверка расхождений,09_key_not_verified,
G9_TB_28_578,09_key_not_verified,автоматическая перепроверка ключа + ручная проверка расхождений,09_key_not_verified,
G9_TB_28_579,09_key_not_verified,автоматическая перепроверка ключа + ручная проверка расхождений,09_key_not_verified,
G9_TB_28_580,09_key_not_verified,автоматическая перепроверка ключа + ручная проверка расхождений,09_key_not_verified,
G9_TB_28_581_1,09_key_not_verified,автоматическая перепроверка ключа + ручная проверка расхождений,09_key_not_verified,
G9_TB_28_581_2,09_key_not_verified,автоматическая перепроверка ключа + ручная проверка расхождений,09_key_not_verified,
G9_TB_29_365,09_key_not_verified,автоматическая перепроверка ключа + ручная проверка расхождений,09_key_not_verified,
G9_TB_29_586_б,09_key_not_verified,автоматическая перепроверка ключа + ручная проверка расхождений,09_key_not_verified,
G9_TB_29_587_а,10_latex_meaning_differs,проверить до переключения показа на question_latex,10_latex_meaning_differs,
G9_TB_29_587_б,10_latex_meaning_differs,проверить до переключения показа на question_latex,10_latex_meaning_differs,
G9_TB_29_587_в,10_latex_meaning_differs,проверить до переключения показа на question_latex,10_latex_meaning_differs,
G9_TB_29_587_г,10_latex_meaning_differs,проверить до переключения показа на question_latex,10_latex_meaning_differs,
G9_TB_29_593_1,09_key_not_verified,автоматическая перепроверка ключа + ручная проверка расхождений,09_key_not_verified,
G9_TB_29_594_4,09_key_not_verified,автоматическая перепроверка ключа + ручная проверка расхождений,09_key_not_verified,
G9_TB_29_596_2,09_key_not_verified,автоматическая перепроверка ключа + ручная проверка расхождений,09_key_not_verified,
G9_TB_29_599_3,09_key_not_verified,автоматическая перепроверка ключа + ручная проверка расхождений,09_key_not_verified,
G9_TB_2_18_b,10_latex_meaning_differs,проверить до переключения показа на question_latex,10_latex_meaning_differs,
G9_TB_2_4_2,09_key_not_verified,автоматическая перепроверка ключа + ручная проверка расхождений,09_key_not_verified,
G9_TB_2_4_4,09_key_not_verified,автоматическая перепроверка ключа + ручная проверка расхождений,09_key_not_verified,
G9_TB_2_5_3,09_key_not_verified,автоматическая перепроверка ключа + ручная проверка расхождений,09_key_not_verified,
G9_TB_2_7,09_key_not_verified,автоматическая перепроверка ключа + ручная проверка расхождений,09_key_not_verified,
G9_TB_30_614_a,10_latex_meaning_differs,проверить до переключения показа на question_latex,10_latex_meaning_differs,
G9_TB_30_614_в,10_latex_meaning_differs,проверить до переключения показа на question_latex,10_latex_meaning_differs,
G9_TB_31_618_4,06_correct_lookalike_graded_wrong,исправляется кодом диагностики (оценка по выбранному варианту),06_correct_lookalike_graded_wrong,
G9_TB_31_619_2,06_correct_lookalike_graded_wrong,исправляется кодом диагностики (оценка по выбранному варианту),06_correct_lookalike_graded_wrong,
G9_TB_31_619_5,06_correct_lookalike_graded_wrong,исправляется кодом диагностики (оценка по выбранному варианту),06_correct_lookalike_graded_wrong,
G9_TB_31_619_6,06_correct_lookalike_graded_wrong,исправляется кодом диагностики (оценка по выбранному варианту),06_correct_lookalike_graded_wrong,
G9_TB_31_620_1,09_key_not_verified,автоматическая перепроверка ключа + ручная проверка расхождений,09_key_not_verified,
G9_TB_31_620_3,09_key_not_verified,автоматическая перепроверка ключа + ручная проверка расхождений,09_key_not_verified,
G9_TB_31_621_1,09_key_not_verified,автоматическая перепроверка ключа + ручная проверка расхождений,09_key_not_verified,
G9_TB_31_621_2,09_key_not_verified,автоматическая перепроверка ключа + ручная проверка расхождений,09_key_not_verified,
G9_TB_31_622,10_latex_meaning_differs,проверить до переключения показа на question_latex,10_latex_meaning_differs,
G9_TB_31_627_1,06_correct_lookalike_graded_wrong,исправляется кодом диагностики (оценка по выбранному варианту),06_correct_lookalike_graded_wrong,
G9_TB_31_627_2,06_correct_lookalike_graded_wrong,исправляется кодом диагностики (оценка по выбранному варианту),06_correct_lookalike_graded_wrong;09_key_not_verified,
G9_TB_31_629,10_latex_meaning_differs,проверить до переключения показа на question_latex,10_latex_meaning_differs,
G9_TB_31_630,03_proof_task,отключить в диагностике/экзаменах (автоматически не проверяется),03_proof_task;06_correct_lookalike_graded_wrong,
G9_TB_31_631,03_proof_task,отключить в диагностике/экзаменах (автоматически не проверяется),03_proof_task;06_correct_lookalike_graded_wrong,
G9_TB_31_633,06_correct_lookalike_graded_wrong,исправляется кодом диагностики (оценка по выбранному варианту),06_correct_lookalike_graded_wrong,
G9_TB_31_634,06_correct_lookalike_graded_wrong,исправляется кодом диагностики (оценка по выбранному варианту),06_correct_lookalike_graded_wrong,
G9_TB_31_635,03_proof_task,отключить в диагностике/экзаменах (автоматически не проверяется),03_proof_task,
G9_TB_31_636_1,03_proof_task,отключить в диагностике/экзаменах (автоматически не проверяется),03_proof_task,
G9_TB_31_636_2,03_proof_task,отключить в диагностике/экзаменах (автоматически не проверяется),03_proof_task;06_correct_lookalike_graded_wrong,
G9_TB_32_407_1,09_key_not_verified,автоматическая перепроверка ключа + ручная проверка расхождений,09_key_not_verified,
G9_TB_32_407_3,09_key_not_verified,автоматическая перепроверка ключа + ручная проверка расхождений,09_key_not_verified,
G9_TB_32_409,03_proof_task,отключить в диагностике/экзаменах (автоматически не проверяется),03_proof_task,
G9_TB_33_411_3,09_key_not_verified,автоматическая перепроверка ключа + ручная проверка расхождений,09_key_not_verified,
G9_TB_33_412_1,03_proof_task,отключить в диагностике/экзаменах (автоматически не проверяется),03_proof_task,
G9_TB_33_412_2,03_proof_task,отключить в диагностике/экзаменах (автоматически не проверяется),03_proof_task,
G9_TB_33_412_3,03_proof_task,отключить в диагностике/экзаменах (автоматически не проверяется),03_proof_task,
G9_TB_33_412_4,03_proof_task,отключить в диагностике/экзаменах (автоматически не проверяется),03_proof_task,
G9_TB_33_412_5,03_proof_task,отключить в диагностике/экзаменах (автоматически не проверяется),03_proof_task,
G9_TB_33_412_6,03_proof_task,отключить в диагностике/экзаменах (автоматически не проверяется),03_proof_task,
G9_TB_33_415_3,09_key_not_verified,автоматическая перепроверка ключа + ручная проверка расхождений,09_key_not_verified,
G9_TB_33_415_4,09_key_not_verified,автоматическая перепроверка ключа + ручная проверка расхождений,09_key_not_verified,
G9_TB_33_418_1,06_correct_lookalike_graded_wrong,исправляется кодом диагностики (оценка по выбранному варианту),06_correct_lookalike_graded_wrong,
G9_TB_33_418_2,06_correct_lookalike_graded_wrong,исправляется кодом диагностики (оценка по выбранному варианту),06_correct_lookalike_graded_wrong;09_key_not_verified,
G9_TB_33_418_3,06_correct_lookalike_graded_wrong,исправляется кодом диагностики (оценка по выбранному варианту),06_correct_lookalike_graded_wrong;09_key_not_verified,
G9_TB_34_457_1,11_open_input_no_options,да/нет показывать двумя вариантами (код),11_open_input_no_options,
G9_TB_34_457_2,11_open_input_no_options,да/нет показывать двумя вариантами (код),11_open_input_no_options,
G9_TB_34_458_2,11_open_input_no_options,да/нет показывать двумя вариантами (код),11_open_input_no_options,
G9_TB_34_459_3,11_open_input_no_options,да/нет показывать двумя вариантами (код),11_open_input_no_options,
G9_TB_34_459_4,11_open_input_no_options,да/нет показывать двумя вариантами (код),11_open_input_no_options,
G9_TB_34_462,11_open_input_no_options,да/нет показывать двумя вариантами (код),11_open_input_no_options,
G9_TB_34_463_1,11_open_input_no_options,да/нет показывать двумя вариантами (код),11_open_input_no_options,
G9_TB_34_463_2,11_open_input_no_options,да/нет показывать двумя вариантами (код),11_open_input_no_options,
G9_TB_34_464_1,11_open_input_no_options,да/нет показывать двумя вариантами (код),11_open_input_no_options,
G9_TB_34_464_2,11_open_input_no_options,да/нет показывать двумя вариантами (код),11_open_input_no_options,
G9_TB_35_465_1,09_key_not_verified,автоматическая перепроверка ключа + ручная проверка расхождений,09_key_not_verified,
G9_TB_35_465_3,09_key_not_verified,автоматическая перепроверка ключа + ручная проверка расхождений,09_key_not_verified,
G9_TB_35_466_2,09_key_not_verified,автоматическая перепроверка ключа + ручная проверка расхождений,09_key_not_verified,
G9_TB_35_466_4,09_key_not_verified,автоматическая перепроверка ключа + ручная проверка расхождений,09_key_not_verified,
G9_TB_36_474_4,09_key_not_verified,автоматическая перепроверка ключа + ручная проверка расхождений,09_key_not_verified,
G9_TB_38_2,09_key_not_verified,автоматическая перепроверка ключа + ручная проверка расхождений,09_key_not_verified,
G9_TB_38_488_1,09_key_not_verified,автоматическая перепроверка ключа + ручная проверка расхождений,09_key_not_verified,
G9_TB_38_488_2,09_key_not_verified,автоматическая перепроверка ключа + ручная проверка расхождений,09_key_not_verified,
G9_TB_38_488_3,09_key_not_verified,автоматическая перепроверка ключа + ручная проверка расхождений,09_key_not_verified,
G9_TB_38_488_4,09_key_not_verified,автоматическая перепроверка ключа + ручная проверка расхождений,09_key_not_verified,
G9_TB_38_489_1,09_key_not_verified,автоматическая перепроверка ключа + ручная проверка расхождений,09_key_not_verified,
G9_TB_38_489_2,09_key_not_verified,автоматическая перепроверка ключа + ручная проверка расхождений,09_key_not_verified,
G9_TB_38_490_2,09_key_not_verified,автоматическая перепроверка ключа + ручная проверка расхождений,09_key_not_verified,
G9_TB_38_491_1,09_key_not_verified,автоматическая перепроверка ключа + ручная проверка расхождений,09_key_not_verified,
G9_TB_38_491_2,09_key_not_verified,автоматическая перепроверка ключа + ручная проверка расхождений,09_key_not_verified,
G9_TB_38_492_3,09_key_not_verified,автоматическая перепроверка ключа + ручная проверка расхождений,09_key_not_verified,
G9_TB_38_495_1,09_key_not_verified,автоматическая перепроверка ключа + ручная проверка расхождений,09_key_not_verified,
G9_TB_38_495_2,09_key_not_verified,автоматическая перепроверка ключа + ручная проверка расхождений,09_key_not_verified,
G9_TB_38_498_1,09_key_not_verified,автоматическая перепроверка ключа + ручная проверка расхождений,09_key_not_verified,
G9_TB_38_498_2,09_key_not_verified,автоматическая перепроверка ключа + ручная проверка расхождений,09_key_not_verified,
G9_TB_38_499_1,09_key_not_verified,автоматическая перепроверка ключа + ручная проверка расхождений,09_key_not_verified,
G9_TB_38_499_2,09_key_not_verified,автоматическая перепроверка ключа + ручная проверка расхождений,09_key_not_verified,
G9_TB_3_13_2,11_open_input_no_options,да/нет показывать двумя вариантами (код),11_open_input_no_options,
G9_TB_3_14_4,11_open_input_no_options,да/нет показывать двумя вариантами (код),11_open_input_no_options,
G9_TB_3_43_4,11_open_input_no_options,да/нет показывать двумя вариантами (код),11_open_input_no_options,
G9_TB_4_21_1,11_open_input_no_options,да/нет показывать двумя вариантами (код),11_open_input_no_options,
G9_TB_4_21_2,11_open_input_no_options,да/нет показывать двумя вариантами (код),11_open_input_no_options,
G9_TB_4_21_3,11_open_input_no_options,да/нет показывать двумя вариантами (код),11_open_input_no_options,
G9_TB_4_26_6,06_correct_lookalike_graded_wrong,исправляется кодом диагностики (оценка по выбранному варианту),06_correct_lookalike_graded_wrong,
G9_TB_4_49,09_key_not_verified,автоматическая перепроверка ключа + ручная проверка расхождений,09_key_not_verified,
G9_TB_4_КВ_3,06_correct_lookalike_graded_wrong,исправляется кодом диагностики (оценка по выбранному варианту),06_correct_lookalike_graded_wrong,
G9_TB_5_3,09_key_not_verified,автоматическая перепроверка ключа + ручная проверка расхождений,09_key_not_verified,
G9_TB_5_36_2,06_correct_lookalike_graded_wrong,исправляется кодом диагностики (оценка по выбранному варианту),06_correct_lookalike_graded_wrong,
G9_TB_5_43,09_key_not_verified,автоматическая перепроверка ключа + ручная проверка расхождений,09_key_not_verified,
G9_TB_5_56_1,09_key_not_verified,автоматическая перепроверка ключа + ручная проверка расхождений,09_key_not_verified,
G9_TB_5_57,09_key_not_verified,автоматическая перепроверка ключа + ручная проверка расхождений,09_key_not_verified,
G9_TB_5_59_1,09_key_not_verified,автоматическая перепроверка ключа + ручная проверка расхождений,09_key_not_verified,
G9_TB_5_59_2,09_key_not_verified,автоматическая перепроверка ключа + ручная проверка расхождений,09_key_not_verified,
G9_TB_5_60_2,10_latex_meaning_differs,проверить до переключения показа на question_latex,10_latex_meaning_differs,
G9_TB_5_64,09_key_not_verified,автоматическая перепроверка ключа + ручная проверка расхождений,09_key_not_verified,
G9_TB_5_67,09_key_not_verified,автоматическая перепроверка ключа + ручная проверка расхождений,09_key_not_verified,
G9_TB_5_69,08_pipeline_review_flag,проверить вручную,08_pipeline_review_flag,
G9_TB_5_70,09_key_not_verified,автоматическая перепроверка ключа + ручная проверка расхождений,09_key_not_verified,
G9_TB_6_2,09_key_not_verified,автоматическая перепроверка ключа + ручная проверка расхождений,09_key_not_verified,
G9_TB_6_48_1,09_key_not_verified,автоматическая перепроверка ключа + ручная проверка расхождений,09_key_not_verified,
G9_TB_6_48_2,09_key_not_verified,автоматическая перепроверка ключа + ручная проверка расхождений,09_key_not_verified,
G9_TB_6_48_4,09_key_not_verified,автоматическая перепроверка ключа + ручная проверка расхождений,09_key_not_verified,
G9_TB_6_50_1,09_key_not_verified,автоматическая перепроверка ключа + ручная проверка расхождений,09_key_not_verified,
G9_TB_6_50_4,09_key_not_verified,автоматическая перепроверка ключа + ручная проверка расхождений,09_key_not_verified,
G9_TB_6_51_2,09_key_not_verified,автоматическая перепроверка ключа + ручная проверка расхождений,09_key_not_verified,
G9_TB_6_51_4,09_key_not_verified,автоматическая перепроверка ключа + ручная проверка расхождений,09_key_not_verified,
G9_TB_6_52_3,09_key_not_verified,автоматическая перепроверка ключа + ручная проверка расхождений,09_key_not_verified,
G9_TB_6_52_4,09_key_not_verified,автоматическая перепроверка ключа + ручная проверка расхождений,09_key_not_verified,
G9_TB_6_52_5,09_key_not_verified,автоматическая перепроверка ключа + ручная проверка расхождений,09_key_not_verified,
G9_TB_6_52_6,09_key_not_verified,автоматическая перепроверка ключа + ручная проверка расхождений,09_key_not_verified,
G9_TB_6_53_1,09_key_not_verified,автоматическая перепроверка ключа + ручная проверка расхождений,09_key_not_verified,
G9_TB_6_53_3,09_key_not_verified,автоматическая перепроверка ключа + ручная проверка расхождений,09_key_not_verified,
G9_TB_6_53_4,09_key_not_verified,автоматическая перепроверка ключа + ручная проверка расхождений,09_key_not_verified,
G9_TB_6_55,03_proof_task,отключить в диагностике/экзаменах (автоматически не проверяется),03_proof_task,
G9_TB_6_73_2,09_key_not_verified,автоматическая перепроверка ключа + ручная проверка расхождений,09_key_not_verified,
G9_TB_6_77,09_key_not_verified,автоматическая перепроверка ключа + ручная проверка расхождений,09_key_not_verified,
G9_TB_6_81_1,09_key_not_verified,автоматическая перепроверка ключа + ручная проверка расхождений,09_key_not_verified,
G9_TB_6_81_2,09_key_not_verified,автоматическая перепроверка ключа + ручная проверка расхождений,09_key_not_verified,
G9_TB_6_81_3,09_key_not_verified,автоматическая перепроверка ключа + ручная проверка расхождений,09_key_not_verified,
G9_TB_6_81_4,09_key_not_verified,автоматическая перепроверка ключа + ручная проверка расхождений,09_key_not_verified,
G9_TB_6_82_1,08_pipeline_review_flag,проверить вручную,08_pipeline_review_flag,
G9_TB_6_82_2,08_pipeline_review_flag,проверить вручную,08_pipeline_review_flag;09_key_not_verified,
G9_TB_6_82_4,08_pipeline_review_flag,проверить вручную,08_pipeline_review_flag;09_key_not_verified,
G9_TB_6_87_2,09_key_not_verified,автоматическая перепроверка ключа + ручная проверка расхождений,09_key_not_verified,
G9_TB_7_4,09_key_not_verified,автоматическая перепроверка ключа + ручная проверка расхождений,09_key_not_verified,
G9_TB_7_60_3,09_key_not_verified,автоматическая перепроверка ключа + ручная проверка расхождений,09_key_not_verified,
G9_TB_7_61_1,09_key_not_verified,автоматическая перепроверка ключа + ручная проверка расхождений,09_key_not_verified,
G9_TB_7_61_3,09_key_not_verified,автоматическая перепроверка ключа + ручная проверка расхождений,09_key_not_verified,
G9_TB_7_61_6,09_key_not_verified,автоматическая перепроверка ключа + ручная проверка расхождений,09_key_not_verified,
G9_TB_7_62_3,09_key_not_verified,автоматическая перепроверка ключа + ручная проверка расхождений,09_key_not_verified,
G9_TB_7_64_2,06_correct_lookalike_graded_wrong,исправляется кодом диагностики (оценка по выбранному варианту),06_correct_lookalike_graded_wrong,
G9_TB_7_64_6,09_key_not_verified,автоматическая перепроверка ключа + ручная проверка расхождений,09_key_not_verified,
G9_TB_7_99_1,09_key_not_verified,автоматическая перепроверка ключа + ручная проверка расхождений,09_key_not_verified,
G9_TB_7_99_2,09_key_not_verified,автоматическая перепроверка ключа + ручная проверка расхождений,09_key_not_verified,
G9_TB_7_99_3,09_key_not_verified,автоматическая перепроверка ключа + ручная проверка расхождений,09_key_not_verified,
G9_TB_7_99_4,09_key_not_verified,автоматическая перепроверка ключа + ручная проверка расхождений,09_key_not_verified,
G9_TB_8_101_1,06_correct_lookalike_graded_wrong,исправляется кодом диагностики (оценка по выбранному варианту),06_correct_lookalike_graded_wrong,
G9_TB_8_65_2,09_key_not_verified,автоматическая перепроверка ключа + ручная проверка расхождений,09_key_not_verified,
G9_TB_8_65_3,09_key_not_verified,автоматическая перепроверка ключа + ручная проверка расхождений,09_key_not_verified,
G9_TB_8_65_4,09_key_not_verified,автоматическая перепроверка ключа + ручная проверка расхождений,09_key_not_verified,
G9_TB_8_65_6,09_key_not_verified,автоматическая перепроверка ключа + ручная проверка расхождений,09_key_not_verified,
G9_TB_8_66_1,09_key_not_verified,автоматическая перепроверка ключа + ручная проверка расхождений,09_key_not_verified,
G9_TB_8_66_2,09_key_not_verified,автоматическая перепроверка ключа + ручная проверка расхождений,09_key_not_verified,
G9_TB_8_66_3,09_key_not_verified,автоматическая перепроверка ключа + ручная проверка расхождений,09_key_not_verified,
G9_TB_8_66_4,09_key_not_verified,автоматическая перепроверка ключа + ручная проверка расхождений,09_key_not_verified,
G9_TB_8_67_1,09_key_not_verified,автоматическая перепроверка ключа + ручная проверка расхождений,09_key_not_verified,
G9_TB_8_67_3,09_key_not_verified,автоматическая перепроверка ключа + ручная проверка расхождений,09_key_not_verified,
G9_TB_8_67_4,09_key_not_verified,автоматическая перепроверка ключа + ручная проверка расхождений,09_key_not_verified,
G9_TB_8_68_1,09_key_not_verified,автоматическая перепроверка ключа + ручная проверка расхождений,09_key_not_verified,
G9_TB_8_68_2,09_key_not_verified,автоматическая перепроверка ключа + ручная проверка расхождений,09_key_not_verified,
G9_TB_8_71_1,09_key_not_verified,автоматическая перепроверка ключа + ручная проверка расхождений,09_key_not_verified,
G9_TB_8_71_4,06_correct_lookalike_graded_wrong,исправляется кодом диагностики (оценка по выбранному варианту),06_correct_lookalike_graded_wrong;09_key_not_verified,
G9_TB_8_72_1,09_key_not_verified,автоматическая перепроверка ключа + ручная проверка расхождений,09_key_not_verified,
G9_TB_8_72_2,06_correct_lookalike_graded_wrong,исправляется кодом диагностики (оценка по выбранному варианту),06_correct_lookalike_graded_wrong;09_key_not_verified,
G9_TB_8_72_6,06_correct_lookalike_graded_wrong,исправляется кодом диагностики (оценка по выбранному варианту),06_correct_lookalike_graded_wrong;09_key_not_verified,
G9_TB_8_73_1,09_key_not_verified,автоматическая перепроверка ключа + ручная проверка расхождений,09_key_not_verified,
G9_TB_8_73_2,09_key_not_verified,автоматическая перепроверка ключа + ручная проверка расхождений,09_key_not_verified,
G9_TB_8_73_3,09_key_not_verified,автоматическая перепроверка ключа + ручная проверка расхождений,09_key_not_verified,
G9_TB_8_73_4,09_key_not_verified,автоматическая перепроверка ключа + ручная проверка расхождений,09_key_not_verified,
G9_TB_8_74_1,06_correct_lookalike_graded_wrong,исправляется кодом диагностики (оценка по выбранному варианту),06_correct_lookalike_graded_wrong;09_key_not_verified,
G9_TB_8_74_3,09_key_not_verified,автоматическая перепроверка ключа + ручная проверка расхождений,09_key_not_verified,
G9_TB_8_74_4,09_key_not_verified,автоматическая перепроверка ключа + ручная проверка расхождений,09_key_not_verified,
G9_TB_8_75_1,06_correct_lookalike_graded_wrong,исправляется кодом диагностики (оценка по выбранному варианту),06_correct_lookalike_graded_wrong;09_key_not_verified,
G9_TB_8_75_5,09_key_not_verified,автоматическая перепроверка ключа + ручная проверка расхождений,09_key_not_verified,
G9_TB_8_75_6,09_key_not_verified,автоматическая перепроверка ключа + ручная проверка расхождений,09_key_not_verified,
G9_TB_8_76_2,09_key_not_verified,автоматическая перепроверка ключа + ручная проверка расхождений,09_key_not_verified,
G9_TB_8_76_3,09_key_not_verified,автоматическая перепроверка ключа + ручная проверка расхождений,09_key_not_verified,
G9_TB_8_76_4,09_key_not_verified,автоматическая перепроверка ключа + ручная проверка расхождений,09_key_not_verified,
G9_TB_8_77_1,09_key_not_verified,автоматическая перепроверка ключа + ручная проверка расхождений,09_key_not_verified,
G9_TB_8_77_2,09_key_not_verified,автоматическая перепроверка ключа + ручная проверка расхождений,09_key_not_verified,
G9_TB_8_77_4,09_key_not_verified,автоматическая перепроверка ключа + ручная проверка расхождений,09_key_not_verified,
G9_TB_8_78_1,09_key_not_verified,автоматическая перепроверка ключа + ручная проверка расхождений,09_key_not_verified,
G9_TB_8_78_2,09_key_not_verified,автоматическая перепроверка ключа + ручная проверка расхождений,09_key_not_verified,
G9_TB_8_78_3,09_key_not_verified,автоматическая перепроверка ключа + ручная проверка расхождений,09_key_not_verified,
G9_TB_8_78_4,09_key_not_verified,автоматическая перепроверка ключа + ручная проверка расхождений,09_key_not_verified,
G9_TB_8_78_5,09_key_not_verified,автоматическая перепроверка ключа + ручная проверка расхождений,09_key_not_verified,
G9_TB_8_79_1,09_key_not_verified,автоматическая перепроверка ключа + ручная проверка расхождений,09_key_not_verified,
G9_TB_8_79_2,09_key_not_verified,автоматическая перепроверка ключа + ручная проверка расхождений,09_key_not_verified,
G9_TB_8_80_1,09_key_not_verified,автоматическая перепроверка ключа + ручная проверка расхождений,09_key_not_verified,
G9_TB_8_80_2,09_key_not_verified,автоматическая перепроверка ключа + ручная проверка расхождений,09_key_not_verified,
G9_TB_8_80_3,09_key_not_verified,автоматическая перепроверка ключа + ручная проверка расхождений,09_key_not_verified,
G9_TB_9_117_а,09_key_not_verified,автоматическая перепроверка ключа + ручная проверка расхождений,09_key_not_verified,
G9_TB_9_117_б,09_key_not_verified,автоматическая перепроверка ключа + ручная проверка расхождений,09_key_not_verified,
G9_TB_9_117_в,09_key_not_verified,автоматическая перепроверка ключа + ручная проверка расхождений,09_key_not_verified,
G9_TB_9_1_4,09_key_not_verified,автоматическая перепроверка ключа + ручная проверка расхождений,09_key_not_verified,
G9_TB_9_3_г,06_correct_lookalike_graded_wrong,исправляется кодом диагностики (оценка по выбранному варианту),06_correct_lookalike_graded_wrong,
G9_TB_9_84_1,06_correct_lookalike_graded_wrong,исправляется кодом диагностики (оценка по выбранному варианту),06_correct_lookalike_graded_wrong;09_key_not_verified,
G9_TB_9_84_2,06_correct_lookalike_graded_wrong,исправляется кодом диагностики (оценка по выбранному варианту),06_correct_lookalike_graded_wrong,
G9_TB_9_84_3,09_key_not_verified,автоматическая перепроверка ключа + ручная проверка расхождений,09_key_not_verified,
G9_TB_9_84_5,09_key_not_verified,автоматическая перепроверка ключа + ручная проверка расхождений,09_key_not_verified,
G9_TB_9_86_3,09_key_not_verified,автоматическая перепроверка ключа + ручная проверка расхождений,09_key_not_verified,
G9_TB_9_86_4,09_key_not_verified,автоматическая перепроверка ключа + ручная проверка расхождений,09_key_not_verified,
G9_TB_9_86_5,09_key_not_verified,автоматическая перепроверка ключа + ручная проверка расхождений,09_key_not_verified,
G9_TB_9_86_6,09_key_not_verified,автоматическая перепроверка ключа + ручная проверка расхождений,09_key_not_verified,
G9_TB_ДГ5_630,03_proof_task,отключить в диагностике/экзаменах (автоматически не проверяется),03_proof_task,
G9_TB_ДГ5_631,03_proof_task,отключить в диагностике/экзаменах (автоматически не проверяется),03_proof_task,
G9_TB_ДГ5_632,03_proof_task,отключить в диагностике/экзаменах (автоматически не проверяется),03_proof_task,
G9_TB_ДГ5_633,03_proof_task,отключить в диагностике/экзаменах (автоматически не проверяется),03_proof_task,
G9_TB_ДГ5_634,03_proof_task,отключить в диагностике/экзаменах (автоматически не проверяется),03_proof_task,
G9_TB_ДГ5_635,03_proof_task,отключить в диагностике/экзаменах (автоматически не проверяется),03_proof_task,
G9_TB_ДГ5_636_2,03_proof_task,отключить в диагностике/экзаменах (автоматически не проверяется),03_proof_task,
G9_TB_ДГ5_637_2,09_key_not_verified,автоматическая перепроверка ключа + ручная проверка расхождений,09_key_not_verified,
G9_TB_ДГ5_637_3,09_key_not_verified,автоматическая перепроверка ключа + ручная проверка расхождений,09_key_not_verified,
G9_TB_ДГ5_637_4,09_key_not_verified,автоматическая перепроверка ключа + ручная проверка расхождений,09_key_not_verified,
G9_TB_ДГ5_637_5,09_key_not_verified,автоматическая перепроверка ключа + ручная проверка расхождений,09_key_not_verified,
G9_TB_ДГ5_637_7,09_key_not_verified,автоматическая перепроверка ключа + ручная проверка расхождений,09_key_not_verified,
G9_TB_ДГ5_639_1,09_key_not_verified,автоматическая перепроверка ключа + ручная проверка расхождений,09_key_not_verified,
G9_TB_ДГ5_639_2,06_correct_lookalike_graded_wrong,исправляется кодом диагностики (оценка по выбранному варианту),06_correct_lookalike_graded_wrong,
G9_TB_ДГ5_639_3,06_correct_lookalike_graded_wrong,исправляется кодом диагностики (оценка по выбранному варианту),06_correct_lookalike_graded_wrong;09_key_not_verified,
G9_TB_ДГ5_642,03_proof_task,отключить в диагностике/экзаменах (автоматически не проверяется),03_proof_task,
G9_TB_ДГ5_643_1,09_key_not_verified,автоматическая перепроверка ключа + ручная проверка расхождений,09_key_not_verified,
G9_TB_ДГ5_643_4,09_key_not_verified,автоматическая перепроверка ключа + ручная проверка расхождений,09_key_not_verified,
G9_TB_ДГ5_644_1,09_key_not_verified,автоматическая перепроверка ключа + ручная проверка расхождений,09_key_not_verified,
G9_TB_ДГ5_644_2,06_correct_lookalike_graded_wrong,исправляется кодом диагностики (оценка по выбранному варианту),06_correct_lookalike_graded_wrong,
G9_TB_ДГ5_646_1,09_key_not_verified,автоматическая перепроверка ключа + ручная проверка расхождений,09_key_not_verified;11_open_input_no_options,
G9_TB_ДГ5_646_2,09_key_not_verified,автоматическая перепроверка ключа + ручная проверка расхождений,09_key_not_verified;11_open_input_no_options,
G9_TB_ДГ5_648_2,03_proof_task,отключить в диагностике/экзаменах (автоматически не проверяется),03_proof_task,
G9_TB_ДГ5_649,03_proof_task,отключить в диагностике/экзаменах (автоматически не проверяется),03_proof_task,
G9_TB_ДГ5_651_1,09_key_not_verified,автоматическая перепроверка ключа + ручная проверка расхождений,09_key_not_verified,
G9_TB_ДГ5_652_2,09_key_not_verified,автоматическая перепроверка ключа + ручная проверка расхождений,09_key_not_verified,
G9_TB_ДГ5_653,09_key_not_verified,автоматическая перепроверка ключа + ручная проверка расхождений,09_key_not_verified,
G9_TB_ДГ5_654_3,06_correct_lookalike_graded_wrong,исправляется кодом диагностики (оценка по выбранному варианту),06_correct_lookalike_graded_wrong,
G9_TB_ДГ5_654_4,06_correct_lookalike_graded_wrong,исправляется кодом диагностики (оценка по выбранному варианту),06_correct_lookalike_graded_wrong,
G9_TB_ДГ5_659_1,09_key_not_verified,автоматическая перепроверка ключа + ручная проверка расхождений,09_key_not_verified,
G9_TB_ДГ5_668_2,10_latex_meaning_differs,проверить до переключения показа на question_latex,10_latex_meaning_differs,
G9_TB_ДГ5_669_1,09_key_not_verified,автоматическая перепроверка ключа + ручная проверка расхождений,09_key_not_verified,
G9_TB_ДГ5_669_2,10_latex_meaning_differs,проверить до переключения показа на question_latex,10_latex_meaning_differs,
G9_TB_ДГ5_669_3,09_key_not_verified,автоматическая перепроверка ключа + ручная проверка расхождений,09_key_not_verified;10_latex_meaning_differs,
G9_TB_ДГ5_669_4,09_key_not_verified,автоматическая перепроверка ключа + ручная проверка расхождений,09_key_not_verified,
G9_TB_ДГ5_671_2,11_open_input_no_options,да/нет показывать двумя вариантами (код),11_open_input_no_options,
G9_TB_ДГ5_671_3,09_key_not_verified,автоматическая перепроверка ключа + ручная проверка расхождений,09_key_not_verified,
G9_TB_ДГ5_671_4,11_open_input_no_options,да/нет показывать двумя вариантами (код),11_open_input_no_options,
G9_TB_ДГ5_672_1,07_duplicate_question_conflicting_key,"сравнить копии, оставить верную, остальные отключить",07_duplicate_question_conflicting_key,
G9_TB_ДГ5_672_2,06_correct_lookalike_graded_wrong,исправляется кодом диагностики (оценка по выбранному варианту),06_correct_lookalike_graded_wrong;09_key_not_verified,
G9_TB_ДГ5_674_3,10_latex_meaning_differs,проверить до переключения показа на question_latex,10_latex_meaning_differs,
G9_TB_ДГ5_675_1,07_duplicate_question_conflicting_key,"сравнить копии, оставить верную, остальные отключить",07_duplicate_question_conflicting_key,
G9_TB_ДГ5_675_2,07_duplicate_question_conflicting_key,"сравнить копии, оставить верную, остальные отключить",07_duplicate_question_conflicting_key,
G9_TB_ДГ5_676,06_correct_lookalike_graded_wrong,исправляется кодом диагностики (оценка по выбранному варианту),06_correct_lookalike_graded_wrong,
G9_TB_ДГ5_677_1,06_correct_lookalike_graded_wrong,исправляется кодом диагностики (оценка по выбранному варианту),06_correct_lookalike_graded_wrong,
G9_TB_ДГ5_677_2,10_latex_meaning_differs,проверить до переключения показа на question_latex,10_latex_meaning_differs,
G9_TB_ДГ5_677_3,06_correct_lookalike_graded_wrong,исправляется кодом диагностики (оценка по выбранному варианту),06_correct_lookalike_graded_wrong,
G9_TB_ДГ5_678,06_correct_lookalike_graded_wrong,исправляется кодом диагностики (оценка по выбранному варианту),06_correct_lookalike_graded_wrong,
G9_TB_ДГ5_679,09_key_not_verified,автоматическая перепроверка ключа + ручная проверка расхождений,09_key_not_verified,
G9_TB_ДГ5_681_1,09_key_not_verified,автоматическая перепроверка ключа + ручная проверка расхождений,09_key_not_verified,
G9_TB_ДГ5_681_3,09_key_not_verified,автоматическая перепроверка ключа + ручная проверка расхождений,09_key_not_verified,
G9_TB_ДГ5_681_4,09_key_not_verified,автоматическая перепроверка ключа + ручная проверка расхождений,09_key_not_verified,
G9_TB_ЗПТ_827_1,07_duplicate_question_conflicting_key,"сравнить копии, оставить верную, остальные отключить",07_duplicate_question_conflicting_key;09_key_not_verified,
G9_TB_ЗПТ_827_3,07_duplicate_question_conflicting_key,"сравнить копии, оставить верную, остальные отключить",07_duplicate_question_conflicting_key,
G9_TB_ЗПТ_830_2,06_correct_lookalike_graded_wrong,исправляется кодом диагностики (оценка по выбранному варианту),06_correct_lookalike_graded_wrong;07_duplicate_question_conflicting_key,
G9_TB_ЗПТ_830_3,06_correct_lookalike_graded_wrong,исправляется кодом диагностики (оценка по выбранному варианту),06_correct_lookalike_graded_wrong;07_duplicate_question_conflicting_key,
G9_TB_ЗПТ_830_4,07_duplicate_question_conflicting_key,"сравнить копии, оставить верную, остальные отключить",07_duplicate_question_conflicting_key,
G9_TB_ЗПТ_835_1,06_correct_lookalike_graded_wrong,исправляется кодом диагностики (оценка по выбранному варианту),06_correct_lookalike_graded_wrong,
G9_TB_ЗПТ_835_2,07_duplicate_question_conflicting_key,"сравнить копии, оставить верную, остальные отключить",07_duplicate_question_conflicting_key,
G9_TB_ЗПТ_850,09_key_not_verified,автоматическая перепроверка ключа + ручная проверка расхождений,09_key_not_verified,
G9_TB_ЗПТ_851,09_key_not_verified,автоматическая перепроверка ключа + ручная проверка расхождений,09_key_not_verified,
G9_TB_ЗПТ_853,06_correct_lookalike_graded_wrong,исправляется кодом диагностики (оценка по выбранному варианту),06_correct_lookalike_graded_wrong;09_key_not_verified,
G9_TB_ЗПТ_854,09_key_not_verified,автоматическая перепроверка ключа + ручная проверка расхождений,09_key_not_verified,
G9_TB_ЗПТ_859,09_key_not_verified,автоматическая перепроверка ключа + ручная проверка расхождений,09_key_not_verified,
G9_TB_ЗПТ_860,09_key_not_verified,автоматическая перепроверка ключа + ручная проверка расхождений,09_key_not_verified,
G9_TB_ЗПТ_862,03_proof_task,отключить в диагностике/экзаменах (автоматически не проверяется),03_proof_task;10_latex_meaning_differs,
G9_TB_ЗПТ_866,09_key_not_verified,автоматическая перепроверка ключа + ручная проверка расхождений,09_key_not_verified;10_latex_meaning_differs,
G9_TB_ЗПТ_879,09_key_not_verified,автоматическая перепроверка ключа + ручная проверка расхождений,09_key_not_verified,
G9_TB_ЗПТ_880,09_key_not_verified,автоматическая перепроверка ключа + ручная проверка расхождений,09_key_not_verified,
G9_TB_ЗПТ_881,06_correct_lookalike_graded_wrong,исправляется кодом диагностики (оценка по выбранному варианту),06_correct_lookalike_graded_wrong,
G9_TB_ЗПТ_885,09_key_not_verified,автоматическая перепроверка ключа + ручная проверка расхождений,09_key_not_verified,
G9_TB_ЗПТ_888,06_correct_lookalike_graded_wrong,исправляется кодом диагностики (оценка по выбранному варианту),06_correct_lookalike_graded_wrong,
G9_TB_ЗПТ_889,06_correct_lookalike_graded_wrong,исправляется кодом диагностики (оценка по выбранному варианту),06_correct_lookalike_graded_wrong,
G9_TB_ЗПТ_899,06_correct_lookalike_graded_wrong,исправляется кодом диагностики (оценка по выбранному варианту),06_correct_lookalike_graded_wrong,
G9_TB_Повт_10_2,06_correct_lookalike_graded_wrong,исправляется кодом диагностики (оценка по выбранному варианту),06_correct_lookalike_graded_wrong;09_key_not_verified,
G9_TB_Повт_11_2,09_key_not_verified,автоматическая перепроверка ключа + ручная проверка расхождений,09_key_not_verified,
G9_TB_Повт_11_3,06_correct_lookalike_graded_wrong,исправляется кодом диагностики (оценка по выбранному варианту),06_correct_lookalike_graded_wrong;09_key_not_verified,
G9_TB_Повт_11_4,09_key_not_verified,автоматическая перепроверка ключа + ручная проверка расхождений,09_key_not_verified,
G9_TB_Повт_15,09_key_not_verified,автоматическая перепроверка ключа + ручная проверка расхождений,09_key_not_verified,
G9_TB_Повт_17_1,10_latex_meaning_differs,проверить до переключения показа на question_latex,10_latex_meaning_differs,
G9_TB_Повт_17_2,10_latex_meaning_differs,проверить до переключения показа на question_latex,10_latex_meaning_differs,
G9_TB_Повт_17_3,10_latex_meaning_differs,проверить до переключения показа на question_latex,10_latex_meaning_differs,
G9_TB_Повт_17_4,10_latex_meaning_differs,проверить до переключения показа на question_latex,10_latex_meaning_differs,
G9_TB_Повт_19_1,09_key_not_verified,автоматическая перепроверка ключа + ручная проверка расхождений,09_key_not_verified,
G9_TB_Повт_19_2,09_key_not_verified,автоматическая перепроверка ключа + ручная проверка расхождений,09_key_not_verified,
G9_TB_Повт_19_3,09_key_not_verified,автоматическая перепроверка ключа + ручная проверка расхождений,09_key_not_verified,
G9_TB_Повт_5,10_latex_meaning_differs,проверить до переключения показа на question_latex,10_latex_meaning_differs,
G9_TB_Повт_6,09_key_not_verified,автоматическая перепроверка ключа + ручная проверка расхождений,09_key_not_verified,
G9_TB_Повт_8_1,09_key_not_verified,автоматическая перепроверка ключа + ручная проверка расхождений,09_key_not_verified,
G9_TB_Повт_8_2,09_key_not_verified,автоматическая перепроверка ключа + ручная проверка расхождений,09_key_not_verified,
G9_TB_ПовтКурс_519_1,09_key_not_verified,автоматическая перепроверка ключа + ручная проверка расхождений,09_key_not_verified,
G9_TB_ПовтКурс_519_4,09_key_not_verified,автоматическая перепроверка ключа + ручная проверка расхождений,09_key_not_verified,
G9_TB_ПовтКурс_521_3,09_key_not_verified,автоматическая перепроверка ключа + ручная проверка расхождений,09_key_not_verified,
G9_TB_ПовтКурс_522_3,09_key_not_verified,автоматическая перепроверка ключа + ручная проверка расхождений,09_key_not_verified,
G9_TB_ПовтКурс_524,09_key_not_verified,автоматическая перепроверка ключа + ручная проверка расхождений,09_key_not_verified,
G9_TB_ПовтКурс_525_1,09_key_not_verified,автоматическая перепроверка ключа + ручная проверка расхождений,09_key_not_verified,
G9_TB_ПовтКурс_525_2,09_key_not_verified,автоматическая перепроверка ключа + ручная проверка расхождений,09_key_not_verified,
G9_TB_ПовтКурс_527_1,09_key_not_verified,автоматическая перепроверка ключа + ручная проверка расхождений,09_key_not_verified,
G9_TB_ПовтКурс_527_3,09_key_not_verified,автоматическая перепроверка ключа + ручная проверка расхождений,09_key_not_verified,
G9_TB_ПовтКурс_540_1,09_key_not_verified,автоматическая перепроверка ключа + ручная проверка расхождений,09_key_not_verified,
G9_TB_ПовтКурс_540_2,09_key_not_verified,автоматическая перепроверка ключа + ручная проверка расхождений,09_key_not_verified,
G9_TB_ПовтКурс_540_3,09_key_not_verified,автоматическая перепроверка ключа + ручная проверка расхождений,09_key_not_verified,
G9_TB_ПовтКурс_541_1,09_key_not_verified,автоматическая перепроверка ключа + ручная проверка расхождений,09_key_not_verified,
G9_TB_ПовтКурс_541_2,09_key_not_verified,автоматическая перепроверка ключа + ручная проверка расхождений,09_key_not_verified,
G9_TB_ПовтКурс_541_3,09_key_not_verified,автоматическая перепроверка ключа + ручная проверка расхождений,09_key_not_verified,
G9_TB_ПовтКурс_543_1,09_key_not_verified,автоматическая перепроверка ключа + ручная проверка расхождений,09_key_not_verified,
G9_TB_ПовтКурс_543_2,09_key_not_verified,автоматическая перепроверка ключа + ручная проверка расхождений,09_key_not_verified,
G9_TB_ПовтКурс_543_3,09_key_not_verified,автоматическая перепроверка ключа + ручная проверка расхождений,09_key_not_verified,
G9_TB_ПовтКурс_543_4,09_key_not_verified,автоматическая перепроверка ключа + ручная проверка расхождений,09_key_not_verified,
G9_TB_ПовтКурс_544_1,09_key_not_verified,автоматическая перепроверка ключа + ручная проверка расхождений,09_key_not_verified,
G9_TB_ПовтКурс_547_1,09_key_not_verified,автоматическая перепроверка ключа + ручная проверка расхождений,09_key_not_verified,
G9_TB_ПовтКурс_547_2,09_key_not_verified,автоматическая перепроверка ключа + ручная проверка расхождений,09_key_not_verified,
G9_TB_ПовтКурс_547_4,09_key_not_verified,автоматическая перепроверка ключа + ручная проверка расхождений,09_key_not_verified,
G9_TB_ТЗГ1_149_1,11_open_input_no_options,да/нет показывать двумя вариантами (код),11_open_input_no_options,
G9_TB_ТЗГ1_149_2,11_open_input_no_options,да/нет показывать двумя вариантами (код),11_open_input_no_options,
G9_TB_ТЗГ1_15,09_key_not_verified,автоматическая перепроверка ключа + ручная проверка расхождений,09_key_not_verified,
G9_TB_ТЗГ1_150_1,06_correct_lookalike_graded_wrong,исправляется кодом диагностики (оценка по выбранному варианту),06_correct_lookalike_graded_wrong;09_key_not_verified,
G9_TB_ТЗГ1_150_2,09_key_not_verified,автоматическая перепроверка ключа + ручная проверка расхождений,09_key_not_verified,
G9_TB_ТЗГ1_150_3,06_correct_lookalike_graded_wrong,исправляется кодом диагностики (оценка по выбранному варианту),06_correct_lookalike_graded_wrong;09_key_not_verified,
G9_TB_ТЗГ1_152_1,09_key_not_verified,автоматическая перепроверка ключа + ручная проверка расхождений,09_key_not_verified,
G9_TB_ТЗГ1_152_2,09_key_not_verified,автоматическая перепроверка ключа + ручная проверка расхождений,09_key_not_verified,
G9_TB_ТЗГ1_152_3,09_key_not_verified,автоматическая перепроверка ключа + ручная проверка расхождений,09_key_not_verified,
G9_TB_ТЗГ1_152_4,09_key_not_verified,автоматическая перепроверка ключа + ручная проверка расхождений,09_key_not_verified,
G9_TB_ТЗГ1_152_5,09_key_not_verified,автоматическая перепроверка ключа + ручная проверка расхождений,09_key_not_verified,
G9_TB_ТЗГ1_16,09_key_not_verified,автоматическая перепроверка ключа + ручная проверка расхождений,09_key_not_verified,
G9_TB_ТЗГ2_209_2,09_key_not_verified,автоматическая перепроверка ключа + ручная проверка расхождений,09_key_not_verified,
G9_TB_ТЗГ2_212,03_proof_task,отключить в диагностике/экзаменах (автоматически не проверяется),03_proof_task,
G9_TB_ТЗГ2_II_1,09_key_not_verified,автоматическая перепроверка ключа + ручная проверка расхождений,09_key_not_verified,
G9_TB_ТЗГ2_II_10,09_key_not_verified,автоматическая перепроверка ключа + ручная проверка расхождений,09_key_not_verified,
G9_TB_ТЗГ2_II_2,09_key_not_verified,автоматическая перепроверка ключа + ручная проверка расхождений,09_key_not_verified,
G9_TB_ТЗГ2_II_3,09_key_not_verified,автоматическая перепроверка ключа + ручная проверка расхождений,09_key_not_verified,
G9_TB_ТЗГ2_II_4,09_key_not_verified,автоматическая перепроверка ключа + ручная проверка расхождений,09_key_not_verified,
G9_TB_ТЗГ2_II_5,09_key_not_verified,автоматическая перепроверка ключа + ручная проверка расхождений,09_key_not_verified,
G9_TB_ТЗГ2_II_6,09_key_not_verified,автоматическая перепроверка ключа + ручная проверка расхождений,09_key_not_verified,
G9_TB_ТЗГ2_II_7,09_key_not_verified,автоматическая перепроверка ключа + ручная проверка расхождений,09_key_not_verified,
G9_TB_ТЗГ2_II_8,09_key_not_verified,автоматическая перепроверка ключа + ручная проверка расхождений,09_key_not_verified,
G9_TB_ТЗГ2_II_9,09_key_not_verified,автоматическая перепроверка ключа + ручная проверка расхождений,09_key_not_verified,
G9_TB_ТЗГ3_10,09_key_not_verified,автоматическая перепроверка ключа + ручная проверка расхождений,09_key_not_verified,
G9_TB_ТЗГ3_11,09_key_not_verified,автоматическая перепроверка ключа + ручная проверка расхождений,09_key_not_verified,
G9_TB_ТЗГ3_12,09_key_not_verified,автоматическая перепроверка ключа + ручная проверка расхождений,09_key_not_verified,
G9_TB_ТЗГ3_15,09_key_not_verified,автоматическая перепроверка ключа + ручная проверка расхождений,09_key_not_verified,
G9_TB_ТЗГ3_18,09_key_not_verified,автоматическая перепроверка ключа + ручная проверка расхождений,09_key_not_verified,
G9_TB_ТЗГ3_19,09_key_not_verified,автоматическая перепроверка ключа + ручная проверка расхождений,09_key_not_verified,
G9_TB_ТЗГ3_20,09_key_not_verified,автоматическая перепроверка ключа + ручная проверка расхождений,09_key_not_verified;10_latex_meaning_differs,
G9_TB_ТЗГ3_21,09_key_not_verified,автоматическая перепроверка ключа + ручная проверка расхождений,09_key_not_verified,
G9_TB_ТЗГ3_22,09_key_not_verified,автоматическая перепроверка ключа + ручная проверка расхождений,09_key_not_verified,
G9_TB_ТЗГ3_347_2,09_key_not_verified,автоматическая перепроверка ключа + ручная проверка расхождений,09_key_not_verified,
G9_TB_ТЗГ3_7,09_key_not_verified,автоматическая перепроверка ключа + ручная проверка расхождений,09_key_not_verified;10_latex_meaning_differs,
G9_TB_ТЗГ3_8,09_key_not_verified,автоматическая перепроверка ключа + ручная проверка расхождений,09_key_not_verified,
G9_TB_ТЗГ4_11,09_key_not_verified,автоматическая перепроверка ключа + ручная проверка расхождений,09_key_not_verified,
G9_TB_ТЗГ4_2,09_key_not_verified,автоматическая перепроверка ключа + ручная проверка расхождений,09_key_not_verified,
G9_TB_ТЗГ4_3,09_key_not_verified,автоматическая перепроверка ключа + ручная проверка расхождений,09_key_not_verified,
G9_TB_ТЗГ4_446_1,11_open_input_no_options,да/нет показывать двумя вариантами (код),11_open_input_no_options,
G9_TB_ТЗГ4_446_2,11_open_input_no_options,да/нет показывать двумя вариантами (код),11_open_input_no_options,
G9_TB_ТЗГ4_446_3,11_open_input_no_options,да/нет показывать двумя вариантами (код),11_open_input_no_options,
G9_TB_ТЗГ4_446_4,11_open_input_no_options,да/нет показывать двумя вариантами (код),11_open_input_no_options,
G9_TB_ТЗГ4_8,09_key_not_verified,автоматическая перепроверка ключа + ручная проверка расхождений,09_key_not_verified,
G9_TB_ТЗГ5_1,09_key_not_verified,автоматическая перепроверка ключа + ручная проверка расхождений,09_key_not_verified,
G9_TB_ТЗГ5_4,09_key_not_verified,автоматическая перепроверка ключа + ручная проверка расхождений,09_key_not_verified;10_latex_meaning_differs,
G9_TB_ТЗГ5_5,09_key_not_verified,автоматическая перепроверка ключа + ручная проверка расхождений,09_key_not_verified;10_latex_meaning_differs,
G9_TB_ТЗГ5_6,09_key_not_verified,автоматическая перепроверка ключа + ручная проверка расхождений,09_key_not_verified,
G9_TB_ТЗГ5_7,11_open_input_no_options,да/нет показывать двумя вариантами (код),11_open_input_no_options,
G9_TB_ТЗГ5_8,09_key_not_verified,автоматическая перепроверка ключа + ручная проверка расхождений,09_key_not_verified,
G9_TB_УКГ1_124_5,09_key_not_verified,автоматическая перепроверка ключа + ручная проверка расхождений,09_key_not_verified,
G9_TB_УКГ1_133_3,09_key_not_verified,автоматическая перепроверка ключа + ручная проверка расхождений,09_key_not_verified,
G9_TB_УКГ1_134_2,12_extra_copy_of_identical_task,отключить лишнюю копию (оставить одну),12_extra_copy_of_identical_task,
G9_TB_УКГ1_147_2,06_correct_lookalike_graded_wrong,исправляется кодом диагностики (оценка по выбранному варианту),06_correct_lookalike_graded_wrong;09_key_not_verified,
G9_TB_УКГ1_147_5,06_correct_lookalike_graded_wrong,исправляется кодом диагностики (оценка по выбранному варианту),06_correct_lookalike_graded_wrong;09_key_not_verified,
G9_TB_УКГ1_Проверьтесебя_4_1,09_key_not_verified,автоматическая перепроверка ключа + ручная проверка расхождений,09_key_not_verified,
G9_TB_УКГ1_Проверьтесебя_5_1,06_correct_lookalike_graded_wrong,исправляется кодом диагностики (оценка по выбранному варианту),06_correct_lookalike_graded_wrong;09_key_not_verified,
G9_TB_УКГ2_194_2,09_key_not_verified,автоматическая перепроверка ключа + ручная проверка расхождений,09_key_not_verified,
G9_TB_УКГ2_196_1,09_key_not_verified,автоматическая перепроверка ключа + ручная проверка расхождений,09_key_not_verified,
G9_TB_УКГ2_197_1,09_key_not_verified,автоматическая перепроверка ключа + ручная проверка расхождений,09_key_not_verified,
G9_TB_УКГ2_197_3,09_key_not_verified,автоматическая перепроверка ключа + ручная проверка расхождений,09_key_not_verified,
G9_TB_УКГ2_197_4,09_key_not_verified,автоматическая перепроверка ключа + ручная проверка расхождений,09_key_not_verified,
G9_TB_УКГ2_198_1,09_key_not_verified,автоматическая перепроверка ключа + ручная проверка расхождений,09_key_not_verified,
G9_TB_УКГ2_199_1,09_key_not_verified,автоматическая перепроверка ключа + ручная проверка расхождений,09_key_not_verified,
G9_TB_УКГ2_199_2,09_key_not_verified,автоматическая перепроверка ключа + ручная проверка расхождений,09_key_not_verified,
G9_TB_УКГ2_200_3,09_key_not_verified,автоматическая перепроверка ключа + ручная проверка расхождений,09_key_not_verified,
G9_TB_УКГ2_200_4,09_key_not_verified,автоматическая перепроверка ключа + ручная проверка расхождений,09_key_not_verified,
G9_TB_УКГ2_201_2,09_key_not_verified,автоматическая перепроверка ключа + ручная проверка расхождений,09_key_not_verified,
G9_TB_УКГ2_202_2,09_key_not_verified,автоматическая перепроверка ключа + ручная проверка расхождений,09_key_not_verified,
G9_TB_УКГ2_202_3,09_key_not_verified,автоматическая перепроверка ключа + ручная проверка расхождений,09_key_not_verified,
G9_TB_УКГ3_325_1,09_key_not_verified,автоматическая перепроверка ключа + ручная проверка расхождений,09_key_not_verified,
G9_TB_УКГ3_325_2,09_key_not_verified,автоматическая перепроверка ключа + ручная проверка расхождений,09_key_not_verified,
G9_TB_УКГ3_327_1,09_key_not_verified,автоматическая перепроверка ключа + ручная проверка расхождений,09_key_not_verified,
G9_TB_УКГ3_327_2,09_key_not_verified,автоматическая перепроверка ключа + ручная проверка расхождений,09_key_not_verified,
G9_TB_УКГ3_327_3,09_key_not_verified,автоматическая перепроверка ключа + ручная проверка расхождений,09_key_not_verified,
G9_TB_УКГ3_327_4,09_key_not_verified,автоматическая перепроверка ключа + ручная проверка расхождений,09_key_not_verified,
G9_TB_УКГ3_329_2,09_key_not_verified,автоматическая перепроверка ключа + ручная проверка расхождений,09_key_not_verified,
G9_TB_УКГ3_329_5,09_key_not_verified,автоматическая перепроверка ключа + ручная проверка расхождений,09_key_not_verified,
G9_TB_УКГ3_329_7,09_key_not_verified,автоматическая перепроверка ключа + ручная проверка расхождений,09_key_not_verified,
G9_TB_УКГ3_330_1,09_key_not_verified,автоматическая перепроверка ключа + ручная проверка расхождений,09_key_not_verified,
G9_TB_УКГ3_330_2,09_key_not_verified,автоматическая перепроверка ключа + ручная проверка расхождений,09_key_not_verified,
G9_TB_УКГ3_330_3,09_key_not_verified,автоматическая перепроверка ключа + ручная проверка расхождений,09_key_not_verified,
G9_TB_УКГ3_333_2,09_key_not_verified,автоматическая перепроверка ключа + ручная проверка расхождений,09_key_not_verified,
G9_TB_УКГ3_333_3,09_key_not_verified,автоматическая перепроверка ключа + ручная проверка расхождений,09_key_not_verified,
G9_TB_УКГ3_333_4,09_key_not_verified,автоматическая перепроверка ключа + ручная проверка расхождений,09_key_not_verified,
G9_TB_УКГ3_337_1,09_key_not_verified,автоматическая перепроверка ключа + ручная проверка расхождений,09_key_not_verified,
G9_TB_УКГ3_337_3,09_key_not_verified,автоматическая перепроверка ключа + ручная проверка расхождений,09_key_not_verified,
G9_TB_УКГ3_337_4,09_key_not_verified,автоматическая перепроверка ключа + ручная проверка расхождений,09_key_not_verified,
G9_TB_УКГ3_338_1,09_key_not_verified,автоматическая перепроверка ключа + ручная проверка расхождений,09_key_not_verified,
G9_TB_УКГ3_338_2,09_key_not_verified,автоматическая перепроверка ключа + ручная проверка расхождений,09_key_not_verified,
G9_TB_УКГ3_338_3,09_key_not_verified,автоматическая перепроверка ключа + ручная проверка расхождений,09_key_not_verified,
G9_TB_УКГ3_338_4,09_key_not_verified,автоматическая перепроверка ключа + ручная проверка расхождений,09_key_not_verified,
G9_TB_УКГ3_339_1,09_key_not_verified,автоматическая перепроверка ключа + ручная проверка расхождений,09_key_not_verified,
G9_TB_УКГ3_341_2,09_key_not_verified,автоматическая перепроверка ключа + ручная проверка расхождений,09_key_not_verified,
G9_TB_УКГ3_341_3,09_key_not_verified,автоматическая перепроверка ключа + ручная проверка расхождений,09_key_not_verified,
G9_TB_УКГ3_341_4,09_key_not_verified,автоматическая перепроверка ключа + ручная проверка расхождений,09_key_not_verified,
G9_TB_УКГ3_341_5,09_key_not_verified,автоматическая перепроверка ключа + ручная проверка расхождений,09_key_not_verified,
G9_TB_УКГ3_341_6,09_key_not_verified,автоматическая перепроверка ключа + ручная проверка расхождений,09_key_not_verified,
G9_TB_УКГ3_342_2,09_key_not_verified,автоматическая перепроверка ключа + ручная проверка расхождений,09_key_not_verified,
G9_TB_УКГ3_344_1,09_key_not_verified,автоматическая перепроверка ключа + ручная проверка расхождений,09_key_not_verified,
G9_TB_УКГ3_345_1,09_key_not_verified,автоматическая перепроверка ключа + ручная проверка расхождений,09_key_not_verified,
G9_TB_УКГ3_345_2,09_key_not_verified,автоматическая перепроверка ключа + ручная проверка расхождений,09_key_not_verified,
G9_TB_УКГ3_345_3,09_key_not_verified,автоматическая перепроверка ключа + ручная проверка расхождений,09_key_not_verified,
G9_TB_УКГ3_345_4,09_key_not_verified,автоматическая перепроверка ключа + ручная проверка расхождений,09_key_not_verified,
G9_TB_УКГ3_346_2,09_key_not_verified,автоматическая перепроверка ключа + ручная проверка расхождений,09_key_not_verified,
G9_TB_УКГ4_428_2,09_key_not_verified,автоматическая перепроверка ключа + ручная проверка расхождений,09_key_not_verified,
G9_TB_УКГ4_429_3,10_latex_meaning_differs,проверить до переключения показа на question_latex,10_latex_meaning_differs,
G9_TB_УКГ4_433_4,09_key_not_verified,автоматическая перепроверка ключа + ручная проверка расхождений,09_key_not_verified,
G9_TB_УКГ5_502_2,09_key_not_verified,автоматическая перепроверка ключа + ручная проверка расхождений,09_key_not_verified,
G9_TB_УПК_668_1,12_extra_copy_of_identical_task,отключить лишнюю копию (оставить одну),12_extra_copy_of_identical_task,
G9_TB_УПК_668_2,12_extra_copy_of_identical_task,отключить лишнюю копию (оставить одну),12_extra_copy_of_identical_task,
G9_TB_УПК_669_1,09_key_not_verified,автоматическая перепроверка ключа + ручная проверка расхождений,09_key_not_verified;12_extra_copy_of_identical_task,
G9_TB_УПК_669_2,12_extra_copy_of_identical_task,отключить лишнюю копию (оставить одну),12_extra_copy_of_identical_task,
G9_TB_УПК_669_3,10_latex_meaning_differs,проверить до переключения показа на question_latex,10_latex_meaning_differs;12_extra_copy_of_identical_task,
G9_TB_УПК_669_4,09_key_not_verified,автоматическая перепроверка ключа + ручная проверка расхождений,09_key_not_verified;12_extra_copy_of_identical_task,
G9_TB_УПК_670,12_extra_copy_of_identical_task,отключить лишнюю копию (оставить одну),12_extra_copy_of_identical_task,
G9_TB_УПК_671_1,09_key_not_verified,автоматическая перепроверка ключа + ручная проверка расхождений,09_key_not_verified;12_extra_copy_of_identical_task,
G9_TB_УПК_671_2,11_open_input_no_options,да/нет показывать двумя вариантами (код),11_open_input_no_options;12_extra_copy_of_identical_task,
G9_TB_УПК_671_3,12_extra_copy_of_identical_task,отключить лишнюю копию (оставить одну),12_extra_copy_of_identical_task,
G9_TB_УПК_671_4,12_extra_copy_of_identical_task,отключить лишнюю копию (оставить одну),12_extra_copy_of_identical_task,
G9_TB_УПК_671_5,12_extra_copy_of_identical_task,отключить лишнюю копию (оставить одну),12_extra_copy_of_identical_task,
G9_TB_УПК_672_1,07_duplicate_question_conflicting_key,"сравнить копии, оставить верную, остальные отключить",07_duplicate_question_conflicting_key;09_key_not_verified,
G9_TB_УПК_672_2,06_correct_lookalike_graded_wrong,исправляется кодом диагностики (оценка по выбранному варианту),06_correct_lookalike_graded_wrong;09_key_not_verified;12_extra_copy_of_identical_task,
G9_TB_УПК_673,12_extra_copy_of_identical_task,отключить лишнюю копию (оставить одну),12_extra_copy_of_identical_task,
G9_TB_УПК_674_1,12_extra_copy_of_identical_task,отключить лишнюю копию (оставить одну),12_extra_copy_of_identical_task,
G9_TB_УПК_674_2,12_extra_copy_of_identical_task,отключить лишнюю копию (оставить одну),12_extra_copy_of_identical_task,
G9_TB_УПК_674_3,10_latex_meaning_differs,проверить до переключения показа на question_latex,10_latex_meaning_differs;12_extra_copy_of_identical_task,
G9_TB_УПК_674_4,12_extra_copy_of_identical_task,отключить лишнюю копию (оставить одну),12_extra_copy_of_identical_task,
G9_TB_УПК_675_1,03_proof_task,отключить в диагностике/экзаменах (автоматически не проверяется),03_proof_task;07_duplicate_question_conflicting_key,
G9_TB_УПК_675_2,03_proof_task,отключить в диагностике/экзаменах (автоматически не проверяется),03_proof_task;07_duplicate_question_conflicting_key,
G9_TB_УПК_676,03_proof_task,отключить в диагностике/экзаменах (автоматически не проверяется),03_proof_task;06_correct_lookalike_graded_wrong,
G9_TB_УПК_677_1,06_correct_lookalike_graded_wrong,исправляется кодом диагностики (оценка по выбранному варианту),06_correct_lookalike_graded_wrong;12_extra_copy_of_identical_task,
G9_TB_УПК_677_2,10_latex_meaning_differs,проверить до переключения показа на question_latex,10_latex_meaning_differs;12_extra_copy_of_identical_task,
G9_TB_УПК_677_3,06_correct_lookalike_graded_wrong,исправляется кодом диагностики (оценка по выбранному варианту),06_correct_lookalike_graded_wrong;12_extra_copy_of_identical_task,
G9_TB_УПК_677_4,12_extra_copy_of_identical_task,отключить лишнюю копию (оставить одну),12_extra_copy_of_identical_task,
G9_TB_УПК_678,06_correct_lookalike_graded_wrong,исправляется кодом диагностики (оценка по выбранному варианту),06_correct_lookalike_graded_wrong,
G9_TB_УПК_679,09_key_not_verified,автоматическая перепроверка ключа + ручная проверка расхождений,09_key_not_verified;12_extra_copy_of_identical_task,
G9_TB_УПК_680_1,12_extra_copy_of_identical_task,отключить лишнюю копию (оставить одну),12_extra_copy_of_identical_task,
G9_TB_УПК_680_2,12_extra_copy_of_identical_task,отключить лишнюю копию (оставить одну),12_extra_copy_of_identical_task,
G9_TB_УПК_681_1,09_key_not_verified,автоматическая перепроверка ключа + ручная проверка расхождений,09_key_not_verified;12_extra_copy_of_identical_task,
G9_TB_УПК_681_2,12_extra_copy_of_identical_task,отключить лишнюю копию (оставить одну),12_extra_copy_of_identical_task,
G9_TB_УПК_681_3,09_key_not_verified,автоматическая перепроверка ключа + ручная проверка расхождений,09_key_not_verified;12_extra_copy_of_identical_task,
G9_TB_УПК_681_4,09_key_not_verified,автоматическая перепроверка ключа + ручная проверка расхождений,09_key_not_verified;12_extra_copy_of_identical_task,
G9_TB_УПК_682_1,09_key_not_verified,автоматическая перепроверка ключа + ручная проверка расхождений,09_key_not_verified;12_extra_copy_of_identical_task,
G9_TB_УПК_682_2,12_extra_copy_of_identical_task,отключить лишнюю копию (оставить одну),12_extra_copy_of_identical_task,
G9_TB_УПК_683,12_extra_copy_of_identical_task,отключить лишнюю копию (оставить одну),12_extra_copy_of_identical_task,
G9_TB_УПК_685,09_key_not_verified,автоматическая перепроверка ключа + ручная проверка расхождений,09_key_not_verified,
G9_TB_УПК_686_1,09_key_not_verified,автоматическая перепроверка ключа + ручная проверка расхождений,09_key_not_verified,
G9_TB_УПК_686_2,09_key_not_verified,автоматическая перепроверка ключа + ручная проверка расхождений,09_key_not_verified,
G9_TB_УПК_687_1,09_key_not_verified,автоматическая перепроверка ключа + ручная проверка расхождений,09_key_not_verified,
G9_TB_УПК_688,09_key_not_verified,автоматическая перепроверка ключа + ручная проверка расхождений,09_key_not_verified,
G9_TB_УПК_689_2,03_proof_task,отключить в диагностике/экзаменах (автоматически не проверяется),03_proof_task,
G9_TB_УПК_690_1,03_proof_task,отключить в диагностике/экзаменах (автоматически не проверяется),03_proof_task,
G9_TB_УПК_690_2,03_proof_task,отключить в диагностике/экзаменах (автоматически не проверяется),03_proof_task,
G9_TB_УПК_692_1,09_key_not_verified,автоматическая перепроверка ключа + ручная проверка расхождений,09_key_not_verified,
G9_TB_УПК_692_2,09_key_not_verified,автоматическая перепроверка ключа + ручная проверка расхождений,09_key_not_verified,
G9_TB_УПК_693,09_key_not_verified,автоматическая перепроверка ключа + ручная проверка расхождений,09_key_not_verified,
G9_TB_УПК_694_2,09_key_not_verified,автоматическая перепроверка ключа + ручная проверка расхождений,09_key_not_verified,
G9_TB_УПК_695,09_key_not_verified,автоматическая перепроверка ключа + ручная проверка расхождений,09_key_not_verified,
G9_TB_УПК_696,09_key_not_verified,автоматическая перепроверка ключа + ручная проверка расхождений,09_key_not_verified,
G9_TB_УПК_698,09_key_not_verified,автоматическая перепроверка ключа + ручная проверка расхождений,09_key_not_verified,
G9_TB_УПК_699_3,09_key_not_verified,автоматическая перепроверка ключа + ручная проверка расхождений,09_key_not_verified,
G9_TB_УПК_699_4,09_key_not_verified,автоматическая перепроверка ключа + ручная проверка расхождений,09_key_not_verified,
G9_TB_УПК_699_6,09_key_not_verified,автоматическая перепроверка ключа + ручная проверка расхождений,09_key_not_verified,
G9_TB_УПК_699_7,09_key_not_verified,автоматическая перепроверка ключа + ручная проверка расхождений,09_key_not_verified,
G9_TB_УПК_699_8,09_key_not_verified,автоматическая перепроверка ключа + ручная проверка расхождений,09_key_not_verified,
G9_TB_УПК_700_1,09_key_not_verified,автоматическая перепроверка ключа + ручная проверка расхождений,09_key_not_verified,
G9_TB_УПК_700_2,09_key_not_verified,автоматическая перепроверка ключа + ручная проверка расхождений,09_key_not_verified,
G9_TB_УПК_700_3,09_key_not_verified,автоматическая перепроверка ключа + ручная проверка расхождений,09_key_not_verified,
G9_TB_УПК_700_4,09_key_not_verified,автоматическая перепроверка ключа + ручная проверка расхождений,09_key_not_verified,
G9_TB_УПК_701_4,03_proof_task,отключить в диагностике/экзаменах (автоматически не проверяется),03_proof_task,
G9_TB_УПК_702_1,09_key_not_verified,автоматическая перепроверка ключа + ручная проверка расхождений,09_key_not_verified,
G9_TB_УПК_702_2,09_key_not_verified,автоматическая перепроверка ключа + ручная проверка расхождений,09_key_not_verified,
G9_TB_УПК_703_1,09_key_not_verified,автоматическая перепроверка ключа + ручная проверка расхождений,09_key_not_verified,
G9_TB_УПК_708_a,09_key_not_verified,автоматическая перепроверка ключа + ручная проверка расхождений,09_key_not_verified,
G9_TB_УПК_708_b,09_key_not_verified,автоматическая перепроверка ключа + ручная проверка расхождений,09_key_not_verified,
G9_TB_УПК_708_в,09_key_not_verified,автоматическая перепроверка ключа + ручная проверка расхождений,09_key_not_verified,
G9_TB_УПК_708_г,09_key_not_verified,автоматическая перепроверка ключа + ручная проверка расхождений,09_key_not_verified,
G9_TB_УПК_709_a,09_key_not_verified,автоматическая перепроверка ключа + ручная проверка расхождений,09_key_not_verified,
G9_TB_УПК_709_б,09_key_not_verified,автоматическая перепроверка ключа + ручная проверка расхождений,09_key_not_verified,
G9_TB_УПК_709_в,09_key_not_verified,автоматическая перепроверка ключа + ручная проверка расхождений,09_key_not_verified,
G9_TB_УПК_710_a,09_key_not_verified,автоматическая перепроверка ключа + ручная проверка расхождений,09_key_not_verified,
G9_TB_УПК_710_б,09_key_not_verified,автоматическая перепроверка ключа + ручная проверка расхождений,09_key_not_verified,
G9_TB_УПК_710_г,09_key_not_verified,автоматическая перепроверка ключа + ручная проверка расхождений,09_key_not_verified,
G9_TB_УПК_711_a,09_key_not_verified,автоматическая перепроверка ключа + ручная проверка расхождений,09_key_not_verified,
G9_TB_УПК_711_б,09_key_not_verified,автоматическая перепроверка ключа + ручная проверка расхождений,09_key_not_verified,
G9_TB_УПК_711_в,09_key_not_verified,автоматическая перепроверка ключа + ручная проверка расхождений,09_key_not_verified,
G9_TB_УПК_711_д,09_key_not_verified,автоматическая перепроверка ключа + ручная проверка расхождений,09_key_not_verified,
G9_TB_УПК_711_е,09_key_not_verified,автоматическая перепроверка ключа + ручная проверка расхождений,09_key_not_verified,
G9_TB_УПК_713_а,03_proof_task,отключить в диагностике/экзаменах (автоматически не проверяется),03_proof_task,
G9_TB_УПК_713_б,03_proof_task,отключить в диагностике/экзаменах (автоматически не проверяется),03_proof_task,
G9_TB_УПК_714_а,06_correct_lookalike_graded_wrong,исправляется кодом диагностики (оценка по выбранному варианту),06_correct_lookalike_graded_wrong,
G9_TB_УПК_714_б,09_key_not_verified,автоматическая перепроверка ключа + ручная проверка расхождений,09_key_not_verified,
G9_TB_УПК_714_в,09_key_not_verified,автоматическая перепроверка ключа + ручная проверка расхождений,09_key_not_verified,
G9_TB_УПК_714_г,09_key_not_verified,автоматическая перепроверка ключа + ручная проверка расхождений,09_key_not_verified,
G9_TB_УПК_715_а,09_key_not_verified,автоматическая перепроверка ключа + ручная проверка расхождений,09_key_not_verified,
G9_TB_УПК_715_г,09_key_not_verified,автоматическая перепроверка ключа + ручная проверка расхождений,09_key_not_verified,
G9_TB_УПК_716_д,09_key_not_verified,автоматическая перепроверка ключа + ручная проверка расхождений,09_key_not_verified,
G9_TB_УПК_716_е,06_correct_lookalike_graded_wrong,исправляется кодом диагностики (оценка по выбранному варианту),06_correct_lookalike_graded_wrong,
G9_TB_УПК_729_3,09_key_not_verified,автоматическая перепроверка ключа + ручная проверка расхождений,09_key_not_verified,
G9_TB_УПК_730_2,06_correct_lookalike_graded_wrong,исправляется кодом диагностики (оценка по выбранному варианту),06_correct_lookalike_graded_wrong;09_key_not_verified,
G9_TB_УПК_730_4,06_correct_lookalike_graded_wrong,исправляется кодом диагностики (оценка по выбранному варианту),06_correct_lookalike_graded_wrong,
G9_TB_УПК_731_3,06_correct_lookalike_graded_wrong,исправляется кодом диагностики (оценка по выбранному варианту),06_correct_lookalike_graded_wrong,
G9_TB_УПК_732_2,06_correct_lookalike_graded_wrong,исправляется кодом диагностики (оценка по выбранному варианту),06_correct_lookalike_graded_wrong,
G9_TB_УПК_732_3,06_correct_lookalike_graded_wrong,исправляется кодом диагностики (оценка по выбранному варианту),06_correct_lookalike_graded_wrong;09_key_not_verified,
G9_TB_УПК_732_4,06_correct_lookalike_graded_wrong,исправляется кодом диагностики (оценка по выбранному варианту),06_correct_lookalike_graded_wrong;09_key_not_verified,
G9_TB_УПК_732_5,09_key_not_verified,автоматическая перепроверка ключа + ручная проверка расхождений,09_key_not_verified,
G9_TB_УПК_732_6,09_key_not_verified,автоматическая перепроверка ключа + ручная проверка расхождений,09_key_not_verified,
G9_TB_УПК_733,09_key_not_verified,автоматическая перепроверка ключа + ручная проверка расхождений,09_key_not_verified,
G9_TB_УПК_736,09_key_not_verified,автоматическая перепроверка ключа + ручная проверка расхождений,09_key_not_verified,
G9_TB_УПК_737_1,09_key_not_verified,автоматическая перепроверка ключа + ручная проверка расхождений,09_key_not_verified,
G9_TB_УПК_737_10,09_key_not_verified,автоматическая перепроверка ключа + ручная проверка расхождений,09_key_not_verified,
G9_TB_УПК_737_2,09_key_not_verified,автоматическая перепроверка ключа + ручная проверка расхождений,09_key_not_verified,
G9_TB_УПК_737_3,09_key_not_verified,автоматическая перепроверка ключа + ручная проверка расхождений,09_key_not_verified,
G9_TB_УПК_737_4,09_key_not_verified,автоматическая перепроверка ключа + ручная проверка расхождений,09_key_not_verified,
G9_TB_УПК_737_5,09_key_not_verified,автоматическая перепроверка ключа + ручная проверка расхождений,09_key_not_verified,
G9_TB_УПК_737_8,09_key_not_verified,автоматическая перепроверка ключа + ручная проверка расхождений,09_key_not_verified,
G9_TB_УПК_737_9,09_key_not_verified,автоматическая перепроверка ключа + ручная проверка расхождений,09_key_not_verified,
G9_TB_УПК_738,06_correct_lookalike_graded_wrong,исправляется кодом диагностики (оценка по выбранному варианту),06_correct_lookalike_graded_wrong,
G9_TB_УПК_739,06_correct_lookalike_graded_wrong,исправляется кодом диагностики (оценка по выбранному варианту),06_correct_lookalike_graded_wrong,
G9_TB_УПК_740,09_key_not_verified,автоматическая перепроверка ключа + ручная проверка расхождений,09_key_not_verified,
G9_TB_УПК_741,09_key_not_verified,автоматическая перепроверка ключа + ручная проверка расхождений,09_key_not_verified,
G9_TB_УПК_742,09_key_not_verified,автоматическая перепроверка ключа + ручная проверка расхождений,09_key_not_verified,
G9_TB_УПК_745,09_key_not_verified,автоматическая перепроверка ключа + ручная проверка расхождений,09_key_not_verified,
G9_TB_УПК_754_2,06_correct_lookalike_graded_wrong,исправляется кодом диагностики (оценка по выбранному варианту),06_correct_lookalike_graded_wrong;09_key_not_verified,
G9_TB_УПК_754_4,09_key_not_verified,автоматическая перепроверка ключа + ручная проверка расхождений,09_key_not_verified,
G9_TB_УПК_755_1,06_correct_lookalike_graded_wrong,исправляется кодом диагностики (оценка по выбранному варианту),06_correct_lookalike_graded_wrong;09_key_not_verified,
G9_TB_УПК_755_2,06_correct_lookalike_graded_wrong,исправляется кодом диагностики (оценка по выбранному варианту),06_correct_lookalike_graded_wrong;09_key_not_verified,
G9_TB_УПК_756,09_key_not_verified,автоматическая перепроверка ключа + ручная проверка расхождений,09_key_not_verified,
G9_TB_УПК_757_1,08_pipeline_review_flag,проверить вручную,08_pipeline_review_flag,
G9_TB_УПК_757_2,08_pipeline_review_flag,проверить вручную,08_pipeline_review_flag,
G9_TB_УПК_757_3,06_correct_lookalike_graded_wrong,исправляется кодом диагностики (оценка по выбранному варианту),06_correct_lookalike_graded_wrong;08_pipeline_review_flag,
G9_TB_УПК_758_1,06_correct_lookalike_graded_wrong,исправляется кодом диагностики (оценка по выбранному варианту),06_correct_lookalike_graded_wrong;08_pipeline_review_flag,
G9_TB_УПК_758_2,06_correct_lookalike_graded_wrong,исправляется кодом диагностики (оценка по выбранному варианту),06_correct_lookalike_graded_wrong;08_pipeline_review_flag,
G9_TB_УПК_758_3,06_correct_lookalike_graded_wrong,исправляется кодом диагностики (оценка по выбранному варианту),06_correct_lookalike_graded_wrong;08_pipeline_review_flag,
G9_TB_УПК_759,09_key_not_verified,автоматическая перепроверка ключа + ручная проверка расхождений,09_key_not_verified;10_latex_meaning_differs,
G9_TB_УПК_761,09_key_not_verified,автоматическая перепроверка ключа + ручная проверка расхождений,09_key_not_verified,
G9_TB_УПК_762,09_key_not_verified,автоматическая перепроверка ключа + ручная проверка расхождений,09_key_not_verified,
G9_TB_УПК_764,06_correct_lookalike_graded_wrong,исправляется кодом диагностики (оценка по выбранному варианту),06_correct_lookalike_graded_wrong,
G9_TB_УПК_765,06_correct_lookalike_graded_wrong,исправляется кодом диагностики (оценка по выбранному варианту),06_correct_lookalike_graded_wrong;09_key_not_verified,
G9_TB_УПК_766,06_correct_lookalike_graded_wrong,исправляется кодом диагностики (оценка по выбранному варианту),06_correct_lookalike_graded_wrong,
G9_TB_УПК_767,09_key_not_verified,автоматическая перепроверка ключа + ручная проверка расхождений,09_key_not_verified,
G9_TB_УПК_770_1,06_correct_lookalike_graded_wrong,исправляется кодом диагностики (оценка по выбранному варианту),06_correct_lookalike_graded_wrong,
G9_TB_УПК_770_2,06_correct_lookalike_graded_wrong,исправляется кодом диагностики (оценка по выбранному варианту),06_correct_lookalike_graded_wrong,
G9_TB_УПК_770_3,09_key_not_verified,автоматическая перепроверка ключа + ручная проверка расхождений,09_key_not_verified,
G9_TB_УПК_770_4,09_key_not_verified,автоматическая перепроверка ключа + ручная проверка расхождений,09_key_not_verified,
G9_TB_УПК_770_5,09_key_not_verified,автоматическая перепроверка ключа + ручная проверка расхождений,09_key_not_verified,
G9_TB_УПК_770_6,06_correct_lookalike_graded_wrong,исправляется кодом диагностики (оценка по выбранному варианту),06_correct_lookalike_graded_wrong,
G9_TB_УПК_771_1,06_correct_lookalike_graded_wrong,исправляется кодом диагностики (оценка по выбранному варианту),06_correct_lookalike_graded_wrong,
G9_TB_УПК_771_2,06_correct_lookalike_graded_wrong,исправляется кодом диагностики (оценка по выбранному варианту),06_correct_lookalike_graded_wrong,
G9_TB_УПК_771_3,09_key_not_verified,автоматическая перепроверка ключа + ручная проверка расхождений,09_key_not_verified,
G9_TB_УПК_777,09_key_not_verified,автоматическая перепроверка ключа + ручная проверка расхождений,09_key_not_verified,
G9_TB_УПК_784,09_key_not_verified,автоматическая перепроверка ключа + ручная проверка расхождений,09_key_not_verified,
G9_TB_УПК_785,06_correct_lookalike_graded_wrong,исправляется кодом диагностики (оценка по выбранному варианту),06_correct_lookalike_graded_wrong,
G9_TB_УПК_786,09_key_not_verified,автоматическая перепроверка ключа + ручная проверка расхождений,09_key_not_verified,
G9_TB_УПК_787,09_key_not_verified,автоматическая перепроверка ключа + ручная проверка расхождений,09_key_not_verified,
G9_TB_УПК_788,09_key_not_verified,автоматическая перепроверка ключа + ручная проверка расхождений,09_key_not_verified,
G9_TB_УПК_789_1,09_key_not_verified,автоматическая перепроверка ключа + ручная проверка расхождений,09_key_not_verified,
G9_TB_УПК_792,09_key_not_verified,автоматическая перепроверка ключа + ручная проверка расхождений,09_key_not_verified,
G9_TB_УПК_796,06_correct_lookalike_graded_wrong,исправляется кодом диагностики (оценка по выбранному варианту),06_correct_lookalike_graded_wrong,
G9_TB_УПК_797_1,06_correct_lookalike_graded_wrong,исправляется кодом диагностики (оценка по выбранному варианту),06_correct_lookalike_graded_wrong,
G9_TB_УПК_797_2,06_correct_lookalike_graded_wrong,исправляется кодом диагностики (оценка по выбранному варианту),06_correct_lookalike_graded_wrong,
G9_TB_УПК_797_3,06_correct_lookalike_graded_wrong,исправляется кодом диагностики (оценка по выбранному варианту),06_correct_lookalike_graded_wrong,
G9_TB_УПК_798_1,09_key_not_verified,автоматическая перепроверка ключа + ручная проверка расхождений,09_key_not_verified,
G9_TB_УПК_799_1,09_key_not_verified,автоматическая перепроверка ключа + ручная проверка расхождений,09_key_not_verified,
G9_TB_УПК_799_2,09_key_not_verified,автоматическая перепроверка ключа + ручная проверка расхождений,09_key_not_verified,
G9_TB_УПК_799_6,09_key_not_verified,автоматическая перепроверка ключа + ручная проверка расхождений,09_key_not_verified,
G9_TB_УПК_800_1,09_key_not_verified,автоматическая перепроверка ключа + ручная проверка расхождений,09_key_not_verified,
G9_TB_УПК_805_2,09_key_not_verified,автоматическая перепроверка ключа + ручная проверка расхождений,09_key_not_verified,
G9_TB_УПК_805_3,09_key_not_verified,автоматическая перепроверка ключа + ручная проверка расхождений,09_key_not_verified,
G9_TB_УПК_805_4,09_key_not_verified,автоматическая перепроверка ключа + ручная проверка расхождений,09_key_not_verified,
G9_TB_УПК_805_5,06_correct_lookalike_graded_wrong,исправляется кодом диагностики (оценка по выбранному варианту),06_correct_lookalike_graded_wrong;09_key_not_verified,
G9_TB_УПК_805_6,09_key_not_verified,автоматическая перепроверка ключа + ручная проверка расхождений,09_key_not_verified,
G9_TB_УПК_806_1,09_key_not_verified,автоматическая перепроверка ключа + ручная проверка расхождений,09_key_not_verified,
G9_TB_УПК_806_2,09_key_not_verified,автоматическая перепроверка ключа + ручная проверка расхождений,09_key_not_verified,
G9_TB_УПК_807_1,06_correct_lookalike_graded_wrong,исправляется кодом диагностики (оценка по выбранному варианту),06_correct_lookalike_graded_wrong,
G9_TB_УПК_807_2,09_key_not_verified,автоматическая перепроверка ключа + ручная проверка расхождений,09_key_not_verified,
G9_TB_УПК_807_3,06_correct_lookalike_graded_wrong,исправляется кодом диагностики (оценка по выбранному варианту),06_correct_lookalike_graded_wrong,
G9_TB_УПК_807_4,09_key_not_verified,автоматическая перепроверка ключа + ручная проверка расхождений,09_key_not_verified,
G9_TB_УПК_808_1,09_key_not_verified,автоматическая перепроверка ключа + ручная проверка расхождений,09_key_not_verified,
G9_TB_УПК_808_2,06_correct_lookalike_graded_wrong,исправляется кодом диагностики (оценка по выбранному варианту),06_correct_lookalike_graded_wrong,
G9_TB_УПК_809_1,06_correct_lookalike_graded_wrong,исправляется кодом диагностики (оценка по выбранному варианту),06_correct_lookalike_graded_wrong,
G9_TB_УПК_809_10,06_correct_lookalike_graded_wrong,исправляется кодом диагностики (оценка по выбранному варианту),06_correct_lookalike_graded_wrong;09_key_not_verified,
G9_TB_УПК_809_2,09_key_not_verified,автоматическая перепроверка ключа + ручная проверка расхождений,09_key_not_verified,
G9_TB_УПК_809_3,06_correct_lookalike_graded_wrong,исправляется кодом диагностики (оценка по выбранному варианту),06_correct_lookalike_graded_wrong,
G9_TB_УПК_809_4,06_correct_lookalike_graded_wrong,исправляется кодом диагностики (оценка по выбранному варианту),06_correct_lookalike_graded_wrong,
G9_TB_УПК_809_5,06_correct_lookalike_graded_wrong,исправляется кодом диагностики (оценка по выбранному варианту),06_correct_lookalike_graded_wrong,
G9_TB_УПК_809_7,06_correct_lookalike_graded_wrong,исправляется кодом диагностики (оценка по выбранному варианту),06_correct_lookalike_graded_wrong,
G9_TB_УПК_809_8,06_correct_lookalike_graded_wrong,исправляется кодом диагностики (оценка по выбранному варианту),06_correct_lookalike_graded_wrong,
G9_TB_УПК_810_1,06_correct_lookalike_graded_wrong,исправляется кодом диагностики (оценка по выбранному варианту),06_correct_lookalike_graded_wrong;09_key_not_verified,
G9_TB_УПК_810_2,09_key_not_verified,автоматическая перепроверка ключа + ручная проверка расхождений,09_key_not_verified,
G9_TB_УПК_810_3,09_key_not_verified,автоматическая перепроверка ключа + ручная проверка расхождений,09_key_not_verified,
G9_TB_УПК_810_4,09_key_not_verified,автоматическая перепроверка ключа + ручная проверка расхождений,09_key_not_verified,
G9_TB_УПК_810_5,06_correct_lookalike_graded_wrong,исправляется кодом диагностики (оценка по выбранному варианту),06_correct_lookalike_graded_wrong;09_key_not_verified,
G9_TB_УПК_810_6,09_key_not_verified,автоматическая перепроверка ключа + ручная проверка расхождений,09_key_not_verified,
G9_TB_УПК_811_1,06_correct_lookalike_graded_wrong,исправляется кодом диагностики (оценка по выбранному варианту),06_correct_lookalike_graded_wrong,
G9_TB_УПК_811_2,06_correct_lookalike_graded_wrong,исправляется кодом диагностики (оценка по выбранному варианту),06_correct_lookalike_graded_wrong,
G9_TB_УПК_811_3,06_correct_lookalike_graded_wrong,исправляется кодом диагностики (оценка по выбранному варианту),06_correct_lookalike_graded_wrong,
G9_TB_УПК_812_1,06_correct_lookalike_graded_wrong,исправляется кодом диагностики (оценка по выбранному варианту),06_correct_lookalike_graded_wrong,
G9_TB_УПК_812_2,09_key_not_verified,автоматическая перепроверка ключа + ручная проверка расхождений,09_key_not_verified,
G9_TB_УПК_812_4,06_correct_lookalike_graded_wrong,исправляется кодом диагностики (оценка по выбранному варианту),06_correct_lookalike_graded_wrong,
G9_TB_УПК_813_1,09_key_not_verified,автоматическая перепроверка ключа + ручная проверка расхождений,09_key_not_verified,
G9_TB_УПК_813_2,09_key_not_verified,автоматическая перепроверка ключа + ручная проверка расхождений,09_key_not_verified,
G9_TB_УПК_814_3,06_correct_lookalike_graded_wrong,исправляется кодом диагностики (оценка по выбранному варианту),06_correct_lookalike_graded_wrong,
G9_TB_УПК_814_4,06_correct_lookalike_graded_wrong,исправляется кодом диагностики (оценка по выбранному варианту),06_correct_lookalike_graded_wrong,
G9_TB_УПК_814_5,06_correct_lookalike_graded_wrong,исправляется кодом диагностики (оценка по выбранному варианту),06_correct_lookalike_graded_wrong,
G9_TB_УПК_815_1,09_key_not_verified,автоматическая перепроверка ключа + ручная проверка расхождений,09_key_not_verified,
G9_TB_УПК_827_1,06_correct_lookalike_graded_wrong,исправляется кодом диагностики (оценка по выбранному варианту),06_correct_lookalike_graded_wrong;07_duplicate_question_conflicting_key;09_key_not_verified,
G9_TB_УПК_827_3,07_duplicate_question_conflicting_key,"сравнить копии, оставить верную, остальные отключить",07_duplicate_question_conflicting_key,
G9_TB_УПК_830_1,12_extra_copy_of_identical_task,отключить лишнюю копию (оставить одну),12_extra_copy_of_identical_task,
G9_TB_УПК_830_2,07_duplicate_question_conflicting_key,"сравнить копии, оставить верную, остальные отключить",07_duplicate_question_conflicting_key,
G9_TB_УПК_830_3,07_duplicate_question_conflicting_key,"сравнить копии, оставить верную, остальные отключить",07_duplicate_question_conflicting_key,
G9_TB_УПК_830_4,07_duplicate_question_conflicting_key,"сравнить копии, оставить верную, остальные отключить",07_duplicate_question_conflicting_key,
G9_TB_УПК_831_1,12_extra_copy_of_identical_task,отключить лишнюю копию (оставить одну),12_extra_copy_of_identical_task,
G9_TB_УПК_831_2,12_extra_copy_of_identical_task,отключить лишнюю копию (оставить одну),12_extra_copy_of_identical_task,
G9_TB_УПК_831_3,12_extra_copy_of_identical_task,отключить лишнюю копию (оставить одну),12_extra_copy_of_identical_task,
G9_TB_УПК_835_1,12_extra_copy_of_identical_task,отключить лишнюю копию (оставить одну),12_extra_copy_of_identical_task,
G9_TB_УПК_835_2,07_duplicate_question_conflicting_key,"сравнить копии, оставить верную, остальные отключить",07_duplicate_question_conflicting_key,
GEN_G5_S15_01_05,08_pipeline_review_flag,проверить вручную,08_pipeline_review_flag,
GEN_G5_S15_01_09,08_pipeline_review_flag,проверить вручную,08_pipeline_review_flag,
GEN_G5_S17_03_04,08_pipeline_review_flag,проверить вручную,08_pipeline_review_flag,
GEN_G5_S22_03_03,08_pipeline_review_flag,проверить вручную,08_pipeline_review_flag,
GEN_G5_S22_03_04,08_pipeline_review_flag,проверить вручную,08_pipeline_review_flag,
GEN_G5_S28_03_01,06_correct_lookalike_graded_wrong,исправляется кодом диагностики (оценка по выбранному варианту),06_correct_lookalike_graded_wrong,
GEN_G5_S28_03_07,06_correct_lookalike_graded_wrong,исправляется кодом диагностики (оценка по выбранному варианту),06_correct_lookalike_graded_wrong,
GEN_G5_S28_03_08,06_correct_lookalike_graded_wrong,исправляется кодом диагностики (оценка по выбранному варианту),06_correct_lookalike_graded_wrong,
GEN_G5_S28_03_10,06_correct_lookalike_graded_wrong,исправляется кодом диагностики (оценка по выбранному варианту),06_correct_lookalike_graded_wrong,
GEN_G5_S28_04_02,06_correct_lookalike_graded_wrong,исправляется кодом диагностики (оценка по выбранному варианту),06_correct_lookalike_graded_wrong,
GEN_G5_S28_04_05,06_correct_lookalike_graded_wrong,исправляется кодом диагностики (оценка по выбранному варианту),06_correct_lookalike_graded_wrong,
GEN_G5_S28_04_07,06_correct_lookalike_graded_wrong,исправляется кодом диагностики (оценка по выбранному варианту),06_correct_lookalike_graded_wrong,
GEN_G5_S28_04_09,06_correct_lookalike_graded_wrong,исправляется кодом диагностики (оценка по выбранному варианту),06_correct_lookalike_graded_wrong,
GEN_G5_S31_02_01,06_correct_lookalike_graded_wrong,исправляется кодом диагностики (оценка по выбранному варианту),06_correct_lookalike_graded_wrong;12_extra_copy_of_identical_task,
GEN_G5_S31_02_02,06_correct_lookalike_graded_wrong,исправляется кодом диагностики (оценка по выбранному варианту),06_correct_lookalike_graded_wrong,
GEN_G5_S31_02_04,06_correct_lookalike_graded_wrong,исправляется кодом диагностики (оценка по выбранному варианту),06_correct_lookalike_graded_wrong,
GEN_G5_S31_02_05,06_correct_lookalike_graded_wrong,исправляется кодом диагностики (оценка по выбранному варианту),06_correct_lookalike_graded_wrong,
GEN_G5_S31_02_07,06_correct_lookalike_graded_wrong,исправляется кодом диагностики (оценка по выбранному варианту),06_correct_lookalike_graded_wrong,
GEN_G5_S32_02_06,08_pipeline_review_flag,проверить вручную,08_pipeline_review_flag,
GEN_G6_S09_03_A_04,06_correct_lookalike_graded_wrong,исправляется кодом диагностики (оценка по выбранному варианту),06_correct_lookalike_graded_wrong,
GEN_G6_S11_04_A_01,06_correct_lookalike_graded_wrong,исправляется кодом диагностики (оценка по выбранному варианту),06_correct_lookalike_graded_wrong,
GEN_G6_S11_04_A_03,06_correct_lookalike_graded_wrong,исправляется кодом диагностики (оценка по выбранному варианту),06_correct_lookalike_graded_wrong,
GEN_G6_S11_04_A_04,06_correct_lookalike_graded_wrong,исправляется кодом диагностики (оценка по выбранному варианту),06_correct_lookalike_graded_wrong,
GEN_G6_S11_04_C_02,06_correct_lookalike_graded_wrong,исправляется кодом диагностики (оценка по выбранному варианту),06_correct_lookalike_graded_wrong,
GEN_G6_S37_03_A_02,06_correct_lookalike_graded_wrong,исправляется кодом диагностики (оценка по выбранному варианту),06_correct_lookalike_graded_wrong,
GEN_G7_S24_01_A_01,06_correct_lookalike_graded_wrong,исправляется кодом диагностики (оценка по выбранному варианту),06_correct_lookalike_graded_wrong,
GEN_G7_S24_01_A_03,06_correct_lookalike_graded_wrong,исправляется кодом диагностики (оценка по выбранному варианту),06_correct_lookalike_graded_wrong,
GEN_G7_S24_01_A_04,06_correct_lookalike_graded_wrong,исправляется кодом диагностики (оценка по выбранному варианту),06_correct_lookalike_graded_wrong,
GEN_G7_S24_01_B_01,06_correct_lookalike_graded_wrong,исправляется кодом диагностики (оценка по выбранному варианту),06_correct_lookalike_graded_wrong,
GEN_G7_S25_01_A_04,06_correct_lookalike_graded_wrong,исправляется кодом диагностики (оценка по выбранному варианту),06_correct_lookalike_graded_wrong,
GEN_G7_S25_01_B_03,06_correct_lookalike_graded_wrong,исправляется кодом диагностики (оценка по выбранному варианту),06_correct_lookalike_graded_wrong,
GEN_G7_S25_02_A_01,06_correct_lookalike_graded_wrong,исправляется кодом диагностики (оценка по выбранному варианту),06_correct_lookalike_graded_wrong,
GEN_G7_S25_02_A_02,06_correct_lookalike_graded_wrong,исправляется кодом диагностики (оценка по выбранному варианту),06_correct_lookalike_graded_wrong,
GEN_G7_S25_02_A_03,06_correct_lookalike_graded_wrong,исправляется кодом диагностики (оценка по выбранному варианту),06_correct_lookalike_graded_wrong,
GEN_G7_S26_01_A_01,10_latex_meaning_differs,проверить до переключения показа на question_latex,10_latex_meaning_differs,
ds_l4_5d05a932d3ab,08_pipeline_review_flag,проверить вручную,08_pipeline_review_flag,
ds_llm_0048b20b062a,07_duplicate_question_conflicting_key,"сравнить копии, оставить верную, остальные отключить",07_duplicate_question_conflicting_key,
ds_llm_04379383bd7d,07_duplicate_question_conflicting_key,"сравнить копии, оставить верную, остальные отключить",07_duplicate_question_conflicting_key,
ds_llm_072d0307c5fe,07_duplicate_question_conflicting_key,"сравнить копии, оставить верную, остальные отключить",07_duplicate_question_conflicting_key,
ds_llm_0ae79b35b8c7,01_confirmed_wrong_key,исправить ключ или отключить (см. decision_note),01_confirmed_wrong_key,deactivate: contradictory statement
ds_llm_0b9fc21d14f3,10_latex_meaning_differs,проверить до переключения показа на question_latex,10_latex_meaning_differs,
ds_llm_0bf07f852ae9,01_confirmed_wrong_key,исправить ключ или отключить (см. decision_note),01_confirmed_wrong_key;08_pipeline_review_flag,"fix_key: среднее 1,9; мода 2; медиана 2"
ds_llm_0fb50b1454fd,07_duplicate_question_conflicting_key,"сравнить копии, оставить верную, остальные отключить",07_duplicate_question_conflicting_key,
ds_llm_1448e6df5207,06_correct_lookalike_graded_wrong,исправляется кодом диагностики (оценка по выбранному варианту),06_correct_lookalike_graded_wrong,
ds_llm_155d1c1c431b,10_latex_meaning_differs,проверить до переключения показа на question_latex,10_latex_meaning_differs,
ds_llm_18a9044869e2,08_pipeline_review_flag,проверить вручную,08_pipeline_review_flag,
ds_llm_190d9ee6faf9,07_duplicate_question_conflicting_key,"сравнить копии, оставить верную, остальные отключить",07_duplicate_question_conflicting_key,
ds_llm_19f934f32806,08_pipeline_review_flag,проверить вручную,08_pipeline_review_flag,
ds_llm_1be37a8a1718,07_duplicate_question_conflicting_key,"сравнить копии, оставить верную, остальные отключить",07_duplicate_question_conflicting_key,
ds_llm_1e2a4c17b2b1,07_duplicate_question_conflicting_key,"сравнить копии, оставить верную, остальные отключить",07_duplicate_question_conflicting_key,
ds_llm_1e52d49d8586,12_extra_copy_of_identical_task,отключить лишнюю копию (оставить одну),12_extra_copy_of_identical_task,
ds_llm_20842ad04e17,08_pipeline_review_flag,проверить вручную,08_pipeline_review_flag,
ds_llm_2146dbff0d33,06_correct_lookalike_graded_wrong,исправляется кодом диагностики (оценка по выбранному варианту),06_correct_lookalike_graded_wrong,
ds_llm_23e9ebf65a48,01_confirmed_wrong_key,исправить ключ или отключить (см. decision_note),01_confirmed_wrong_key;04_duplicate_correct_option,fix_key: [-3; -1)
ds_llm_24bb23430c63,08_pipeline_review_flag,проверить вручную,08_pipeline_review_flag,
ds_llm_25944c7d17f9,06_correct_lookalike_graded_wrong,исправляется кодом диагностики (оценка по выбранному варианту),06_correct_lookalike_graded_wrong,
ds_llm_25fcfec29b2d,07_duplicate_question_conflicting_key,"сравнить копии, оставить верную, остальные отключить",07_duplicate_question_conflicting_key,
ds_llm_266fbada7477,12_extra_copy_of_identical_task,отключить лишнюю копию (оставить одну),12_extra_copy_of_identical_task,
ds_llm_27f69431ef77,08_pipeline_review_flag,проверить вручную,08_pipeline_review_flag,
ds_llm_2aa18c149812,08_pipeline_review_flag,проверить вручную,08_pipeline_review_flag,
ds_llm_2afc9995cd8c,08_pipeline_review_flag,проверить вручную,08_pipeline_review_flag,
ds_llm_2d38f08c46c4,07_duplicate_question_conflicting_key,"сравнить копии, оставить верную, остальные отключить",07_duplicate_question_conflicting_key,
ds_llm_2d77d23c2d26,12_extra_copy_of_identical_task,отключить лишнюю копию (оставить одну),12_extra_copy_of_identical_task,
ds_llm_2e1d05eea27b,07_duplicate_question_conflicting_key,"сравнить копии, оставить верную, остальные отключить",07_duplicate_question_conflicting_key;08_pipeline_review_flag,
ds_llm_3006d6cd151b,08_pipeline_review_flag,проверить вручную,08_pipeline_review_flag,
ds_llm_30aebb355eba,08_pipeline_review_flag,проверить вручную,08_pipeline_review_flag,
ds_llm_313c562e319d,07_duplicate_question_conflicting_key,"сравнить копии, оставить верную, остальные отключить",07_duplicate_question_conflicting_key,
ds_llm_3162e80edcea,08_pipeline_review_flag,проверить вручную,08_pipeline_review_flag,
ds_llm_32b8534f7805,06_correct_lookalike_graded_wrong,исправляется кодом диагностики (оценка по выбранному варианту),06_correct_lookalike_graded_wrong;07_duplicate_question_conflicting_key,
ds_llm_345aa2428b04,12_extra_copy_of_identical_task,отключить лишнюю копию (оставить одну),12_extra_copy_of_identical_task,
ds_llm_35c63ac9ce62,01_confirmed_wrong_key,исправить ключ или отключить (см. decision_note),01_confirmed_wrong_key,fix_key: -2; 2
ds_llm_3857f69dc1b7,08_pipeline_review_flag,проверить вручную,08_pipeline_review_flag,
ds_llm_398455ff971a,12_extra_copy_of_identical_task,отключить лишнюю копию (оставить одну),12_extra_copy_of_identical_task,
ds_llm_39c5da1a9f4d,12_extra_copy_of_identical_task,отключить лишнюю копию (оставить одну),12_extra_copy_of_identical_task,
ds_llm_3ad57e8b69dd,08_pipeline_review_flag,проверить вручную,08_pipeline_review_flag,
ds_llm_3b114b8dde4b,08_pipeline_review_flag,проверить вручную,08_pipeline_review_flag,
ds_llm_3e56ec0d55d2,01_confirmed_wrong_key,исправить ключ или отключить (см. decision_note),01_confirmed_wrong_key;08_pipeline_review_flag,"deactivate: key wrong (a != 4), generated task"
ds_llm_3e90d55bf666,12_extra_copy_of_identical_task,отключить лишнюю копию (оставить одну),12_extra_copy_of_identical_task,
ds_llm_3f757799b0ad,12_extra_copy_of_identical_task,отключить лишнюю копию (оставить одну),12_extra_copy_of_identical_task,
ds_llm_4087e42cd1d1,12_extra_copy_of_identical_task,отключить лишнюю копию (оставить одну),12_extra_copy_of_identical_task,
ds_llm_40fa6b32982a,12_extra_copy_of_identical_task,отключить лишнюю копию (оставить одну),12_extra_copy_of_identical_task,
ds_llm_41893d1ba3d9,07_duplicate_question_conflicting_key,"сравнить копии, оставить верную, остальные отключить",07_duplicate_question_conflicting_key,
ds_llm_427dcb74c81a,08_pipeline_review_flag,проверить вручную,08_pipeline_review_flag,
ds_llm_4364fe4952ca,08_pipeline_review_flag,проверить вручную,08_pipeline_review_flag,
ds_llm_47aaa58fe9e8,01_confirmed_wrong_key,исправить ключ или отключить (см. decision_note),01_confirmed_wrong_key,deactivate: two equally correct answers
ds_llm_486fa944539c,12_extra_copy_of_identical_task,отключить лишнюю копию (оставить одну),12_extra_copy_of_identical_task,
ds_llm_4888729c5f49,06_correct_lookalike_graded_wrong,исправляется кодом диагностики (оценка по выбранному варианту),06_correct_lookalike_graded_wrong,
ds_llm_4a279f7bc55c,12_extra_copy_of_identical_task,отключить лишнюю копию (оставить одну),12_extra_copy_of_identical_task,
ds_llm_4c2c206ead67,07_duplicate_question_conflicting_key,"сравнить копии, оставить верную, остальные отключить",07_duplicate_question_conflicting_key,
ds_llm_4d2c5d8f4b74,12_extra_copy_of_identical_task,отключить лишнюю копию (оставить одну),12_extra_copy_of_identical_task,
ds_llm_4d38d14e4720,12_extra_copy_of_identical_task,отключить лишнюю копию (оставить одну),12_extra_copy_of_identical_task,
ds_llm_50c353aac86f,12_extra_copy_of_identical_task,отключить лишнюю копию (оставить одну),12_extra_copy_of_identical_task,
ds_llm_51008767890e,08_pipeline_review_flag,проверить вручную,08_pipeline_review_flag,
ds_llm_5110a5930ff0,12_extra_copy_of_identical_task,отключить лишнюю копию (оставить одну),12_extra_copy_of_identical_task,
ds_llm_52b635e7801e,12_extra_copy_of_identical_task,отключить лишнюю копию (оставить одну),12_extra_copy_of_identical_task,
ds_llm_53b5cf975d14,12_extra_copy_of_identical_task,отключить лишнюю копию (оставить одну),12_extra_copy_of_identical_task,
ds_llm_53b796be1b36,12_extra_copy_of_identical_task,отключить лишнюю копию (оставить одну),12_extra_copy_of_identical_task,
ds_llm_55555012d3dd,12_extra_copy_of_identical_task,отключить лишнюю копию (оставить одну),12_extra_copy_of_identical_task,
ds_llm_56fcab77bc10.a,10_latex_meaning_differs,проверить до переключения показа на question_latex,10_latex_meaning_differs,
ds_llm_56fcab77bc10.b,10_latex_meaning_differs,проверить до переключения показа на question_latex,10_latex_meaning_differs,
ds_llm_56fcab77bc10.c,10_latex_meaning_differs,проверить до переключения показа на question_latex,10_latex_meaning_differs,
ds_llm_588fe3c75d5e,08_pipeline_review_flag,проверить вручную,08_pipeline_review_flag,
ds_llm_597934b8d832,08_pipeline_review_flag,проверить вручную,08_pipeline_review_flag,
ds_llm_5bd400b1e4bd,07_duplicate_question_conflicting_key,"сравнить копии, оставить верную, остальные отключить",07_duplicate_question_conflicting_key,
ds_llm_5bf1d2fd72e3,07_duplicate_question_conflicting_key,"сравнить копии, оставить верную, остальные отключить",07_duplicate_question_conflicting_key;08_pipeline_review_flag,
ds_llm_5d0db7c54e17,07_duplicate_question_conflicting_key,"сравнить копии, оставить верную, остальные отключить",07_duplicate_question_conflicting_key,
ds_llm_5dced6912779,08_pipeline_review_flag,проверить вручную,08_pipeline_review_flag,
ds_llm_6136ea25f274,07_duplicate_question_conflicting_key,"сравнить копии, оставить верную, остальные отключить",07_duplicate_question_conflicting_key,
ds_llm_625fc0754f49,04_duplicate_correct_option,убрать дубль варианта,04_duplicate_correct_option,
ds_llm_633809483a41,12_extra_copy_of_identical_task,отключить лишнюю копию (оставить одну),12_extra_copy_of_identical_task,
ds_llm_636329d6c76d,07_duplicate_question_conflicting_key,"сравнить копии, оставить верную, остальные отключить",07_duplicate_question_conflicting_key,
ds_llm_63addac53a88,12_extra_copy_of_identical_task,отключить лишнюю копию (оставить одну),12_extra_copy_of_identical_task,
ds_llm_63fbc16da045,07_duplicate_question_conflicting_key,"сравнить копии, оставить верную, остальные отключить",07_duplicate_question_conflicting_key,
ds_llm_65f6f40f5284,08_pipeline_review_flag,проверить вручную,08_pipeline_review_flag,
ds_llm_6631b1656a9e,06_correct_lookalike_graded_wrong,исправляется кодом диагностики (оценка по выбранному варианту),06_correct_lookalike_graded_wrong;08_pipeline_review_flag,
ds_llm_686c242133a3,12_extra_copy_of_identical_task,отключить лишнюю копию (оставить одну),12_extra_copy_of_identical_task,
ds_llm_6adffbb72abe,12_extra_copy_of_identical_task,отключить лишнюю копию (оставить одну),12_extra_copy_of_identical_task,
ds_llm_6bb335d043b7,12_extra_copy_of_identical_task,отключить лишнюю копию (оставить одну),12_extra_copy_of_identical_task,
ds_llm_6bdb0118218f,12_extra_copy_of_identical_task,отключить лишнюю копию (оставить одну),12_extra_copy_of_identical_task,
ds_llm_6c72054cf198,12_extra_copy_of_identical_task,отключить лишнюю копию (оставить одну),12_extra_copy_of_identical_task,
ds_llm_6cd6fe7c16a9,08_pipeline_review_flag,проверить вручную,08_pipeline_review_flag,
ds_llm_6d8ec010e895,07_duplicate_question_conflicting_key,"сравнить копии, оставить верную, остальные отключить",07_duplicate_question_conflicting_key,
ds_llm_6fed4060748e,08_pipeline_review_flag,проверить вручную,08_pipeline_review_flag,
ds_llm_707cf7e97d62,06_correct_lookalike_graded_wrong,исправляется кодом диагностики (оценка по выбранному варианту),06_correct_lookalike_graded_wrong,
ds_llm_70c31aaf0d37,07_duplicate_question_conflicting_key,"сравнить копии, оставить верную, остальные отключить",07_duplicate_question_conflicting_key,
ds_llm_7258f6d6de70,08_pipeline_review_flag,проверить вручную,08_pipeline_review_flag,
ds_llm_74d822f9db46,07_duplicate_question_conflicting_key,"сравнить копии, оставить верную, остальные отключить",07_duplicate_question_conflicting_key,
ds_llm_77be75287a97,12_extra_copy_of_identical_task,отключить лишнюю копию (оставить одну),12_extra_copy_of_identical_task,
ds_llm_7946ee331269,12_extra_copy_of_identical_task,отключить лишнюю копию (оставить одну),12_extra_copy_of_identical_task,
ds_llm_795f500a02a1,08_pipeline_review_flag,проверить вручную,08_pipeline_review_flag;12_extra_copy_of_identical_task,
ds_llm_7a8cfc91206b,08_pipeline_review_flag,проверить вручную,08_pipeline_review_flag,
ds_llm_7c36694c8cba,06_correct_lookalike_graded_wrong,исправляется кодом диагностики (оценка по выбранному варианту),06_correct_lookalike_graded_wrong;08_pipeline_review_flag,
ds_llm_7d9f93399da1,06_correct_lookalike_graded_wrong,исправляется кодом диагностики (оценка по выбранному варианту),06_correct_lookalike_graded_wrong,
ds_llm_7e205f473ada,12_extra_copy_of_identical_task,отключить лишнюю копию (оставить одну),12_extra_copy_of_identical_task,
ds_llm_7ea659e3e8da,12_extra_copy_of_identical_task,отключить лишнюю копию (оставить одну),12_extra_copy_of_identical_task,
ds_llm_80a854774a5e,12_extra_copy_of_identical_task,отключить лишнюю копию (оставить одну),12_extra_copy_of_identical_task,
ds_llm_80ed2c2866ff,12_extra_copy_of_identical_task,отключить лишнюю копию (оставить одну),12_extra_copy_of_identical_task,
ds_llm_80fdec1310eb,08_pipeline_review_flag,проверить вручную,08_pipeline_review_flag,
ds_llm_81eb8c35fbb2,08_pipeline_review_flag,проверить вручную,08_pipeline_review_flag,
ds_llm_820f72f603cc,12_extra_copy_of_identical_task,отключить лишнюю копию (оставить одну),12_extra_copy_of_identical_task,
ds_llm_82a252fce8ed,12_extra_copy_of_identical_task,отключить лишнюю копию (оставить одну),12_extra_copy_of_identical_task,
ds_llm_82a42cf73944,06_correct_lookalike_graded_wrong,исправляется кодом диагностики (оценка по выбранному варианту),06_correct_lookalike_graded_wrong,
ds_llm_82dbb833583a,12_extra_copy_of_identical_task,отключить лишнюю копию (оставить одну),12_extra_copy_of_identical_task,
ds_llm_832484e86455,07_duplicate_question_conflicting_key,"сравнить копии, оставить верную, остальные отключить",07_duplicate_question_conflicting_key,
ds_llm_847ddd1027c2,08_pipeline_review_flag,проверить вручную,08_pipeline_review_flag,
ds_llm_84a918efa97a,12_extra_copy_of_identical_task,отключить лишнюю копию (оставить одну),12_extra_copy_of_identical_task,
ds_llm_84d3925b738b,12_extra_copy_of_identical_task,отключить лишнюю копию (оставить одну),12_extra_copy_of_identical_task,
ds_llm_854ce587151a,06_correct_lookalike_graded_wrong,исправляется кодом диагностики (оценка по выбранному варианту),06_correct_lookalike_graded_wrong,
ds_llm_85e8430273fc,06_correct_lookalike_graded_wrong,исправляется кодом диагностики (оценка по выбранному варианту),06_correct_lookalike_graded_wrong;08_pipeline_review_flag,
ds_llm_86063f839157,07_duplicate_question_conflicting_key,"сравнить копии, оставить верную, остальные отключить",07_duplicate_question_conflicting_key,
ds_llm_868f916ad075,07_duplicate_question_conflicting_key,"сравнить копии, оставить верную, остальные отключить",07_duplicate_question_conflicting_key,
ds_llm_87468f1edb9a,08_pipeline_review_flag,проверить вручную,08_pipeline_review_flag,
ds_llm_87683e0accd6,12_extra_copy_of_identical_task,отключить лишнюю копию (оставить одну),12_extra_copy_of_identical_task,
ds_llm_8807e689b6be,07_duplicate_question_conflicting_key,"сравнить копии, оставить верную, остальные отключить",07_duplicate_question_conflicting_key;08_pipeline_review_flag,
ds_llm_8879506d56ef,12_extra_copy_of_identical_task,отключить лишнюю копию (оставить одну),12_extra_copy_of_identical_task,
ds_llm_888c996472d4,12_extra_copy_of_identical_task,отключить лишнюю копию (оставить одну),12_extra_copy_of_identical_task,
ds_llm_88aa61b0bf59,01_confirmed_wrong_key,исправить ключ или отключить (см. decision_note),01_confirmed_wrong_key;04_duplicate_correct_option;07_duplicate_question_conflicting_key,fix_key: [-3; 2)
ds_llm_88d94a0ca8fb,06_correct_lookalike_graded_wrong,исправляется кодом диагностики (оценка по выбранному варианту),06_correct_lookalike_graded_wrong;12_extra_copy_of_identical_task,
ds_llm_899b6b2802e2,12_extra_copy_of_identical_task,отключить лишнюю копию (оставить одну),12_extra_copy_of_identical_task,
ds_llm_8a22b4867f0a,12_extra_copy_of_identical_task,отключить лишнюю копию (оставить одну),12_extra_copy_of_identical_task,
ds_llm_8a85aaf7ed26,12_extra_copy_of_identical_task,отключить лишнюю копию (оставить одну),12_extra_copy_of_identical_task,
ds_llm_8acba2811d9b,12_extra_copy_of_identical_task,отключить лишнюю копию (оставить одну),12_extra_copy_of_identical_task,
ds_llm_8c0e84353cae,06_correct_lookalike_graded_wrong,исправляется кодом диагностики (оценка по выбранному варианту),06_correct_lookalike_graded_wrong,
ds_llm_8d1e1f3ed931,08_pipeline_review_flag,проверить вручную,08_pipeline_review_flag,
ds_llm_8d58b98113e8,12_extra_copy_of_identical_task,отключить лишнюю копию (оставить одну),12_extra_copy_of_identical_task,
ds_llm_8ef0d05dd7ff,06_correct_lookalike_graded_wrong,исправляется кодом диагностики (оценка по выбранному варианту),06_correct_lookalike_graded_wrong,
ds_llm_90a791ae1dba,08_pipeline_review_flag,проверить вручную,08_pipeline_review_flag,
ds_llm_91910381978c,07_duplicate_question_conflicting_key,"сравнить копии, оставить верную, остальные отключить",07_duplicate_question_conflicting_key,
ds_llm_920b7b305db6,12_extra_copy_of_identical_task,отключить лишнюю копию (оставить одну),12_extra_copy_of_identical_task,
ds_llm_921f684c0ce1,07_duplicate_question_conflicting_key,"сравнить копии, оставить верную, остальные отключить",07_duplicate_question_conflicting_key,
ds_llm_92ba30f55e80,06_correct_lookalike_graded_wrong,исправляется кодом диагностики (оценка по выбранному варианту),06_correct_lookalike_graded_wrong;07_duplicate_question_conflicting_key,
ds_llm_936d42bb0c1b,08_pipeline_review_flag,проверить вручную,08_pipeline_review_flag,
ds_llm_938f142a851c,07_duplicate_question_conflicting_key,"сравнить копии, оставить верную, остальные отключить",07_duplicate_question_conflicting_key,
ds_llm_93a56a7e82b9,12_extra_copy_of_identical_task,отключить лишнюю копию (оставить одну),12_extra_copy_of_identical_task,
ds_llm_94d9574168be,12_extra_copy_of_identical_task,отключить лишнюю копию (оставить одну),12_extra_copy_of_identical_task,
ds_llm_9580563b5ed0,01_confirmed_wrong_key,исправить ключ или отключить (см. decision_note),01_confirmed_wrong_key,deactivate: two equally correct answers
ds_llm_95c384b85066,12_extra_copy_of_identical_task,отключить лишнюю копию (оставить одну),12_extra_copy_of_identical_task,
ds_llm_9691d65466b4,12_extra_copy_of_identical_task,отключить лишнюю копию (оставить одну),12_extra_copy_of_identical_task,
ds_llm_981fc02854f5,07_duplicate_question_conflicting_key,"сравнить копии, оставить верную, остальные отключить",07_duplicate_question_conflicting_key,
ds_llm_99990d1ecccc,12_extra_copy_of_identical_task,отключить лишнюю копию (оставить одну),12_extra_copy_of_identical_task,
ds_llm_99da7d923b15,12_extra_copy_of_identical_task,отключить лишнюю копию (оставить одну),12_extra_copy_of_identical_task,
ds_llm_9b2995331c56,06_correct_lookalike_graded_wrong,исправляется кодом диагностики (оценка по выбранному варианту),06_correct_lookalike_graded_wrong;12_extra_copy_of_identical_task,
ds_llm_9cb1ddc83f8d,08_pipeline_review_flag,проверить вручную,08_pipeline_review_flag,
ds_llm_9ee59545c368,12_extra_copy_of_identical_task,отключить лишнюю копию (оставить одну),12_extra_copy_of_identical_task,
ds_llm_a0467b54391f,07_duplicate_question_conflicting_key,"сравнить копии, оставить верную, остальные отключить",07_duplicate_question_conflicting_key,
ds_llm_a08e350d15c7,12_extra_copy_of_identical_task,отключить лишнюю копию (оставить одну),12_extra_copy_of_identical_task,
ds_llm_a1edd468153f,06_correct_lookalike_graded_wrong,исправляется кодом диагностики (оценка по выбранному варианту),06_correct_lookalike_graded_wrong,
ds_llm_a26be053b777,12_extra_copy_of_identical_task,отключить лишнюю копию (оставить одну),12_extra_copy_of_identical_task,
ds_llm_a353ad0fce13,07_duplicate_question_conflicting_key,"сравнить копии, оставить верную, остальные отключить",07_duplicate_question_conflicting_key,
ds_llm_a43f4bc64034,12_extra_copy_of_identical_task,отключить лишнюю копию (оставить одну),12_extra_copy_of_identical_task,
ds_llm_a5b04e042013,12_extra_copy_of_identical_task,отключить лишнюю копию (оставить одну),12_extra_copy_of_identical_task,
ds_llm_a627d9c66a88,08_pipeline_review_flag,проверить вручную,08_pipeline_review_flag,
ds_llm_a679c8f18f75,06_correct_lookalike_graded_wrong,исправляется кодом диагностики (оценка по выбранному варианту),06_correct_lookalike_graded_wrong;12_extra_copy_of_identical_task,
ds_llm_a718bd196383,08_pipeline_review_flag,проверить вручную,08_pipeline_review_flag,
ds_llm_a8736ef3ba74,06_correct_lookalike_graded_wrong,исправляется кодом диагностики (оценка по выбранному варианту),06_correct_lookalike_graded_wrong;08_pipeline_review_flag,
ds_llm_a99292838e43,12_extra_copy_of_identical_task,отключить лишнюю копию (оставить одну),12_extra_copy_of_identical_task,
ds_llm_a9dbe786423e,07_duplicate_question_conflicting_key,"сравнить копии, оставить верную, остальные отключить",07_duplicate_question_conflicting_key,
ds_llm_ab3b7eafccb7,12_extra_copy_of_identical_task,отключить лишнюю копию (оставить одну),12_extra_copy_of_identical_task,
ds_llm_ad0640499102,08_pipeline_review_flag,проверить вручную,08_pipeline_review_flag,
ds_llm_ae597d4204a3,07_duplicate_question_conflicting_key,"сравнить копии, оставить верную, остальные отключить",07_duplicate_question_conflicting_key;08_pipeline_review_flag,
ds_llm_aff48ac6b6af,08_pipeline_review_flag,проверить вручную,08_pipeline_review_flag,
ds_llm_b23a824f5c18,08_pipeline_review_flag,проверить вручную,08_pipeline_review_flag,
ds_llm_b27cf86f3445,12_extra_copy_of_identical_task,отключить лишнюю копию (оставить одну),12_extra_copy_of_identical_task,
ds_llm_b2e2dab68386,07_duplicate_question_conflicting_key,"сравнить копии, оставить верную, остальные отключить",07_duplicate_question_conflicting_key;08_pipeline_review_flag,
ds_llm_b3b58078a206,12_extra_copy_of_identical_task,отключить лишнюю копию (оставить одну),12_extra_copy_of_identical_task,
ds_llm_b4ef12686480,12_extra_copy_of_identical_task,отключить лишнюю копию (оставить одну),12_extra_copy_of_identical_task,
ds_llm_b51338d33f2a,12_extra_copy_of_identical_task,отключить лишнюю копию (оставить одну),12_extra_copy_of_identical_task,
ds_llm_b5a17f47a31a,12_extra_copy_of_identical_task,отключить лишнюю копию (оставить одну),12_extra_copy_of_identical_task,
ds_llm_b6751df91841,12_extra_copy_of_identical_task,отключить лишнюю копию (оставить одну),12_extra_copy_of_identical_task,
ds_llm_b687ae35cfe0,12_extra_copy_of_identical_task,отключить лишнюю копию (оставить одну),12_extra_copy_of_identical_task,
ds_llm_b7d0e92696be,12_extra_copy_of_identical_task,отключить лишнюю копию (оставить одну),12_extra_copy_of_identical_task,
ds_llm_b810267e3e96,07_duplicate_question_conflicting_key,"сравнить копии, оставить верную, остальные отключить",07_duplicate_question_conflicting_key,
ds_llm_b8a5f33b47fa,12_extra_copy_of_identical_task,отключить лишнюю копию (оставить одну),12_extra_copy_of_identical_task,
ds_llm_b8b97c682144,12_extra_copy_of_identical_task,отключить лишнюю копию (оставить одну),12_extra_copy_of_identical_task,
ds_llm_b94e190759e2,12_extra_copy_of_identical_task,отключить лишнюю копию (оставить одну),12_extra_copy_of_identical_task,
ds_llm_b9a2292b257a,08_pipeline_review_flag,проверить вручную,08_pipeline_review_flag,
ds_llm_bb18fafb180e,07_duplicate_question_conflicting_key,"сравнить копии, оставить верную, остальные отключить",07_duplicate_question_conflicting_key,
ds_llm_bb1e2ff15d0e,12_extra_copy_of_identical_task,отключить лишнюю копию (оставить одну),12_extra_copy_of_identical_task,
ds_llm_bbd464cd6465,06_correct_lookalike_graded_wrong,исправляется кодом диагностики (оценка по выбранному варианту),06_correct_lookalike_graded_wrong,
ds_llm_bcb4cd209a51,12_extra_copy_of_identical_task,отключить лишнюю копию (оставить одну),12_extra_copy_of_identical_task,
ds_llm_bd37add9d024,08_pipeline_review_flag,проверить вручную,08_pipeline_review_flag,
ds_llm_bdbf12af08cc,06_correct_lookalike_graded_wrong,исправляется кодом диагностики (оценка по выбранному варианту),06_correct_lookalike_graded_wrong,
ds_llm_bdd37feecbc5,08_pipeline_review_flag,проверить вручную,08_pipeline_review_flag,
ds_llm_be6ac789259f,07_duplicate_question_conflicting_key,"сравнить копии, оставить верную, остальные отключить",07_duplicate_question_conflicting_key,
ds_llm_beb2e306faae,08_pipeline_review_flag,проверить вручную,08_pipeline_review_flag,
ds_llm_c0521728b4b8,06_correct_lookalike_graded_wrong,исправляется кодом диагностики (оценка по выбранному варианту),06_correct_lookalike_graded_wrong,
ds_llm_c121c83771ed,07_duplicate_question_conflicting_key,"сравнить копии, оставить верную, остальные отключить",07_duplicate_question_conflicting_key,
ds_llm_c19ce241b22d,12_extra_copy_of_identical_task,отключить лишнюю копию (оставить одну),12_extra_copy_of_identical_task,
ds_llm_c1ebc4ce40c7,08_pipeline_review_flag,проверить вручную,08_pipeline_review_flag,
ds_llm_c2072973bc67,12_extra_copy_of_identical_task,отключить лишнюю копию (оставить одну),12_extra_copy_of_identical_task,
ds_llm_c22bf429028d,07_duplicate_question_conflicting_key,"сравнить копии, оставить верную, остальные отключить",07_duplicate_question_conflicting_key,
ds_llm_c23f9ba3982b,06_correct_lookalike_graded_wrong,исправляется кодом диагностики (оценка по выбранному варианту),06_correct_lookalike_graded_wrong,
ds_llm_c26d7fdf36d6,08_pipeline_review_flag,проверить вручную,08_pipeline_review_flag,
ds_llm_c301570dd885,12_extra_copy_of_identical_task,отключить лишнюю копию (оставить одну),12_extra_copy_of_identical_task,
ds_llm_c3aae018bff1,12_extra_copy_of_identical_task,отключить лишнюю копию (оставить одну),12_extra_copy_of_identical_task,
ds_llm_c3be60fb3f2d,08_pipeline_review_flag,проверить вручную,08_pipeline_review_flag;12_extra_copy_of_identical_task,
ds_llm_c41210f65930,12_extra_copy_of_identical_task,отключить лишнюю копию (оставить одну),12_extra_copy_of_identical_task,
ds_llm_c42f609944e1,12_extra_copy_of_identical_task,отключить лишнюю копию (оставить одну),12_extra_copy_of_identical_task,
ds_llm_c4fb958d1de7,07_duplicate_question_conflicting_key,"сравнить копии, оставить верную, остальные отключить",07_duplicate_question_conflicting_key;08_pipeline_review_flag,
ds_llm_c5e505c44450,08_pipeline_review_flag,проверить вручную,08_pipeline_review_flag,
ds_llm_c606cd387f81,12_extra_copy_of_identical_task,отключить лишнюю копию (оставить одну),12_extra_copy_of_identical_task,
ds_llm_c785cae26c32,08_pipeline_review_flag,проверить вручную,08_pipeline_review_flag;12_extra_copy_of_identical_task,
ds_llm_ca40902f8e8a,12_extra_copy_of_identical_task,отключить лишнюю копию (оставить одну),12_extra_copy_of_identical_task,
ds_llm_ca4592ea791f,08_pipeline_review_flag,проверить вручную,08_pipeline_review_flag,
ds_llm_cac3ba228f64,12_extra_copy_of_identical_task,отключить лишнюю копию (оставить одну),12_extra_copy_of_identical_task,
ds_llm_caca82885d1c,06_correct_lookalike_graded_wrong,исправляется кодом диагностики (оценка по выбранному варианту),06_correct_lookalike_graded_wrong,
ds_llm_ccd28ad9a4e1,12_extra_copy_of_identical_task,отключить лишнюю копию (оставить одну),12_extra_copy_of_identical_task,
ds_llm_cd5434919101,10_latex_meaning_differs,проверить до переключения показа на question_latex,10_latex_meaning_differs,
ds_llm_cd6f9ada229f,07_duplicate_question_conflicting_key,"сравнить копии, оставить верную, остальные отключить",07_duplicate_question_conflicting_key,
ds_llm_ce1ba47438f0,07_duplicate_question_conflicting_key,"сравнить копии, оставить верную, остальные отключить",07_duplicate_question_conflicting_key,
ds_llm_ce743f1a20b1,12_extra_copy_of_identical_task,отключить лишнюю копию (оставить одну),12_extra_copy_of_identical_task,
ds_llm_d07902c12f50,06_correct_lookalike_graded_wrong,исправляется кодом диагностики (оценка по выбранному варианту),06_correct_lookalike_graded_wrong,
ds_llm_d149d00231c0,08_pipeline_review_flag,проверить вручную,08_pipeline_review_flag,
ds_llm_d19988edfad5,06_correct_lookalike_graded_wrong,исправляется кодом диагностики (оценка по выбранному варианту),06_correct_lookalike_graded_wrong,
ds_llm_d32ae354ddf8,07_duplicate_question_conflicting_key,"сравнить копии, оставить верную, остальные отключить",07_duplicate_question_conflicting_key,
ds_llm_d39484df7893,12_extra_copy_of_identical_task,отключить лишнюю копию (оставить одну),12_extra_copy_of_identical_task,
ds_llm_d4d9b4454add,08_pipeline_review_flag,проверить вручную,08_pipeline_review_flag,
ds_llm_d656681d3e8a,12_extra_copy_of_identical_task,отключить лишнюю копию (оставить одну),12_extra_copy_of_identical_task,
ds_llm_d66a464a684e,12_extra_copy_of_identical_task,отключить лишнюю копию (оставить одну),12_extra_copy_of_identical_task,
ds_llm_d6fcbb511901,12_extra_copy_of_identical_task,отключить лишнюю копию (оставить одну),12_extra_copy_of_identical_task,
ds_llm_d70dd9f90dfe,07_duplicate_question_conflicting_key,"сравнить копии, оставить верную, остальные отключить",07_duplicate_question_conflicting_key,
ds_llm_d776c3e6bd01,07_duplicate_question_conflicting_key,"сравнить копии, оставить верную, остальные отключить",07_duplicate_question_conflicting_key,
ds_llm_d8c16f79d96a,12_extra_copy_of_identical_task,отключить лишнюю копию (оставить одну),12_extra_copy_of_identical_task,
ds_llm_d9f834fd7a9f,12_extra_copy_of_identical_task,отключить лишнюю копию (оставить одну),12_extra_copy_of_identical_task,
ds_llm_da0a87915b51,07_duplicate_question_conflicting_key,"сравнить копии, оставить верную, остальные отключить",07_duplicate_question_conflicting_key,
ds_llm_db47cb1a4334,12_extra_copy_of_identical_task,отключить лишнюю копию (оставить одну),12_extra_copy_of_identical_task,
ds_llm_db55da2574f4,06_correct_lookalike_graded_wrong,исправляется кодом диагностики (оценка по выбранному варианту),06_correct_lookalike_graded_wrong;08_pipeline_review_flag,
ds_llm_dcb2e6a3df8a,12_extra_copy_of_identical_task,отключить лишнюю копию (оставить одну),12_extra_copy_of_identical_task,
ds_llm_dcbeab35607b,08_pipeline_review_flag,проверить вручную,08_pipeline_review_flag,
ds_llm_ddf58bfd66ce,12_extra_copy_of_identical_task,отключить лишнюю копию (оставить одну),12_extra_copy_of_identical_task,
ds_llm_df5e538fa51c,06_correct_lookalike_graded_wrong,исправляется кодом диагностики (оценка по выбранному варианту),06_correct_lookalike_graded_wrong;08_pipeline_review_flag,
ds_llm_e0cb3c2f0c5d,07_duplicate_question_conflicting_key,"сравнить копии, оставить верную, остальные отключить",07_duplicate_question_conflicting_key,
ds_llm_e2164fc36027,12_extra_copy_of_identical_task,отключить лишнюю копию (оставить одну),12_extra_copy_of_identical_task,
ds_llm_e2d0f83b23c7,12_extra_copy_of_identical_task,отключить лишнюю копию (оставить одну),12_extra_copy_of_identical_task,
ds_llm_e44d27b35976,12_extra_copy_of_identical_task,отключить лишнюю копию (оставить одну),12_extra_copy_of_identical_task,
ds_llm_e60e54eed268,07_duplicate_question_conflicting_key,"сравнить копии, оставить верную, остальные отключить",07_duplicate_question_conflicting_key,
ds_llm_e6b0dcccbe21,08_pipeline_review_flag,проверить вручную,08_pipeline_review_flag,
ds_llm_e865a378b854,07_duplicate_question_conflicting_key,"сравнить копии, оставить верную, остальные отключить",07_duplicate_question_conflicting_key,
ds_llm_ea2282333f54,12_extra_copy_of_identical_task,отключить лишнюю копию (оставить одну),12_extra_copy_of_identical_task,
ds_llm_eac4390799e8,12_extra_copy_of_identical_task,отключить лишнюю копию (оставить одну),12_extra_copy_of_identical_task,
ds_llm_eb63a0d41f4d,12_extra_copy_of_identical_task,отключить лишнюю копию (оставить одну),12_extra_copy_of_identical_task,
ds_llm_ec181914caae,08_pipeline_review_flag,проверить вручную,08_pipeline_review_flag,
ds_llm_ec4c0ccaa7ca,06_correct_lookalike_graded_wrong,исправляется кодом диагностики (оценка по выбранному варианту),06_correct_lookalike_graded_wrong,
ds_llm_ec8b9e492376,12_extra_copy_of_identical_task,отключить лишнюю копию (оставить одну),12_extra_copy_of_identical_task,
ds_llm_ede3b88402ab,07_duplicate_question_conflicting_key,"сравнить копии, оставить верную, остальные отключить",07_duplicate_question_conflicting_key,
ds_llm_ef68166eee4b,12_extra_copy_of_identical_task,отключить лишнюю копию (оставить одну),12_extra_copy_of_identical_task,
ds_llm_ef80ba5ad84e,12_extra_copy_of_identical_task,отключить лишнюю копию (оставить одну),12_extra_copy_of_identical_task,
ds_llm_f03dd4e68d6c,08_pipeline_review_flag,проверить вручную,08_pipeline_review_flag,
ds_llm_f08dce13762a,12_extra_copy_of_identical_task,отключить лишнюю копию (оставить одну),12_extra_copy_of_identical_task,
ds_llm_f196004ac30d,12_extra_copy_of_identical_task,отключить лишнюю копию (оставить одну),12_extra_copy_of_identical_task,
ds_llm_f2553d2057f9,12_extra_copy_of_identical_task,отключить лишнюю копию (оставить одну),12_extra_copy_of_identical_task,
ds_llm_f2bc9d40f858,08_pipeline_review_flag,проверить вручную,08_pipeline_review_flag,
ds_llm_f3acb939e3d3,08_pipeline_review_flag,проверить вручную,08_pipeline_review_flag,
ds_llm_f4882e956c8e,12_extra_copy_of_identical_task,отключить лишнюю копию (оставить одну),12_extra_copy_of_identical_task,
ds_llm_f55d5ac00563,06_correct_lookalike_graded_wrong,исправляется кодом диагностики (оценка по выбранному варианту),06_correct_lookalike_graded_wrong;08_pipeline_review_flag,
ds_llm_f5b22b876381,12_extra_copy_of_identical_task,отключить лишнюю копию (оставить одну),12_extra_copy_of_identical_task,
ds_llm_f71c52b2ea3f,07_duplicate_question_conflicting_key,"сравнить копии, оставить верную, остальные отключить",07_duplicate_question_conflicting_key,
ds_llm_f8d04438f875,07_duplicate_question_conflicting_key,"сравнить копии, оставить верную, остальные отключить",07_duplicate_question_conflicting_key,
ds_llm_f9596564a9e1,12_extra_copy_of_identical_task,отключить лишнюю копию (оставить одну),12_extra_copy_of_identical_task,
ds_llm_f9b36c800ab4,12_extra_copy_of_identical_task,отключить лишнюю копию (оставить одну),12_extra_copy_of_identical_task,
ds_llm_fa21182e4164,12_extra_copy_of_identical_task,отключить лишнюю копию (оставить одну),12_extra_copy_of_identical_task,
ds_llm_fcbfb78699fa,12_extra_copy_of_identical_task,отключить лишнюю копию (оставить одну),12_extra_copy_of_identical_task,
ds_llm_fd99a3a3f391,12_extra_copy_of_identical_task,отключить лишнюю копию (оставить одну),12_extra_copy_of_identical_task,
ds_llm_ffe54b4269e1,07_duplicate_question_conflicting_key,"сравнить копии, оставить верную, остальные отключить",07_duplicate_question_conflicting_key,
